Return Factor,1SN,888,AAF,AAL,ABDN,ABF,AC8,ACG,ACPE,ADM,ADMR,ADVT,AEET,AEP,AEWU,AEX,AFP,AGR,AGRO,AHT,AIQ,AIRE,AJAX,AJB,ALFA,ALGW,ALK,ALNA,ALTE,ALTN,AMGO,AML,AMOI,ANTO,AO,API,APTD,AQSG,ARA,ARB,ARIX,ASAI,ASC,ASCL,ASHM,ASIA,ASLI,ASPL,ATG,ATN,AUTO,AV,AVAP,AVGR,AVON,AWE,AZN,BA,BAB,BAF,BAG,BAKK,BARC,BATS,BAY,BBGI,BBOX,BBY,BCG,BCPT,BDEV,BEZ,BFSP,BGEO,BIH,BISI,BKG,BLND,BME,BMS,BMV,BMY,BNZL,BOOK,BOOT,BOWL,BOY,BP,BPCR,BPT,BRBY,BREE,BRES,BRS,BSFA,BT-A,BVC,BVIC,BWN,BWY,BYG,BYIT,CAD,CAL,CAPD,CAR,CARD,CARR,CAU,CBA,CBG,CBX,CCC,CCH,CCR,CDFF,CDL,CEY,CFYN,CGEO,CGL,CGO,CGS,CHF,CHG,CHLL,CHSS,CINE,CIZ,CKN,CLDN,CLI,CLIG,CMCX,CMRS,CNA,CNE,COA,COBR,CODX,CORD,COST,CPG,CPI,CRDA,CRE,CREI,CRES,CRH,CRL,CRN,CRST,CRTM,CSH,CSN,CTEC,CTO,CTPT,CURY,CWK,CZN,DAR,DARK,DCC,DEC,DEV,DFS,DGE,DGI,DIA,DISH,DKE,DLAR,DLG,DLN,DNA3,DNLM,DOCS,DOM,DPA,DPEU,DPH,DPLM,DRX,DSCV,DSI,DVNO,DVT,DWF,DWL,ECEL,ECOR,EISB,EJFI,ELEG,ELM,EMG,ENOG,ENPL,ENQ,ENT,EPIC,ESKN,ESNT,ESP,EST,ETLN,EVR,EVST,EXPN,EZJ,FAN,FAR,FCH,FCM,FDM,FGP,FINA,FINS,FIVE,FIXP,FLTR,FORT,FOUR,FOXT,FPP,FRAS,FRES,FSG,FSJ,FSTA,FUTR,FXPO,G3E,GAW,GCAT,GCG,GDWN,GEMD,GEN,GENF,GENL,GFHG,GFRD,GFTU,GHT,GILD,GKP,GLE,GLEN,GLTR,GMS,GNC,GNS,GPE,GPH,GPL,GR1T,GRG,GRI,GRIO,GRIT,GROW,GSC,GSCU,GSEO,GSK,GST,GVCT,GVMH,GYM,HAMA,HAS,HBR,HCFT,HEAD,HEIQ,HEIT,HELD,HEMO,HFD,HFG,HGEN,HIK,HILS,HL,HLCL,HLMA,HLN,HMA1,HMSG,HMSO,HNG,HOC,HOME,HOYE,HSBA,HSBK,HSD,HSW,HSX,HTG,HTWS,HWDN,HWG,IAG,IBST,ICGC,ICON,ICP,IDHC,IDS,IGG,IHG,IHP,IHR,III,IKIV,IMB,IMC,IMI,INCH,INDV,INF,IPF,IPO,IQAI,ITH,ITRK,ITV,IWG,JD,JDW,JEL,JMAT,JTC,JUP,JUST,KAV,KCT,KEN,KGF,KIE,KLR,KLSO,KMR,KNB,KNOS,KSPI,LABS,LAND,LAS,LFI,LGEN,LIO,LLOY,LMP,LMS,LOOK,LRE,LSAA,LSEG,LSL,LUCE,LWDB,LXI,MAB,MACA,MACF,MARS,MAST,MCB,MCI,MCLS,MDC,MDMG,MEGP,MER,MGAM,MGCI,MGNS,MGP,MHPC,MII,MILA,MKS,MMM,MNDI,MNG,MNRG,MODE,MONY,MOON,MORE,MOTR,MPO,MRO,MSLH,MTO,MTRO,MTVW,MUST,N91,NANO,NARF,NBS,NCC,NEOA,NETW,NEX,NFX,NG,NLMK,NOG,NRR,NSF,NVIQ,NWG,NWOR,NXR,NXT,NZI,OBOR,OCDO,OCI,OCN,OCTP,OFG,OHG,OKEY,ONDO,ONT,ORIT,ORNT,OSB,OTB,OXB,OXIG,PAG,PAGE,PALM,PAY,PBEE,PCA,PCTN,PDG,PDL,PERE,PETS,PFC,PFD,PHAR,PHLL,PHNX,PHP,PINT,PLAZ,PLUS,PNN,PNPL,PODP,POLN,POLY,PPH,PPP,PRD,PRE,PROC,PRSR,PRTC,PRU,PRV,PSDL,PSN,PSON,PTEC,PUAL,PZC,QLT,QQ,QRT,RAT,RBW,RCDO,RCGH,RCH,RCP,RDW,RE,REC,REDC,REDD,REL,RESI,RGL,RGP,RHIM,RHM,RIII,RIO,RKT,RM,RMII,RMV,RNK,ROC,ROO,ROOF,ROQ,ROR,ROSN,RR,RS1,RSW,RTN,RTO,RWA,RWI,SAFE,SAGA,SBRE,SBRY,SBSI,SCGL,SCS,SCSP,SCT,SDR,SDRY,SDY,SEFA,SEPL,SERE,SFOR,SFR,SGE,SGRO,SHC,SHED,SHEL,SHI,SIHL,SIV,SMDS,SMIN,SMJ,SMWH,SN,SNR,SNWS,SOHO,SOLG,SPI,SPMU,SPT,SPX,SRAD,SRE,SREI,SRP,SSE,SSPG,STAN,STB,STEM,STJ,STK,STVG,SUPR,SURE,SUS,SVS,SVT,SXS,SYME,SYNT,TATE,TBCG,TCAP,TCS,TEG,TENT,TEP,TET,TGR,THAL,THG,THRL,TIFS,TLEP,TLW,TM1,TMI,TMOR,TMTA,TOOP,TOWN,TPK,TPT,TRA,TRD,TRI,TRN,TRST,TSCO,TTG,TW,TYMN,UKCM,ULVR,UMR,UPGS,UPL,URAH,UTG,UU,VANQ,VCT,VID,VKCO,VMUK,VOD,VOX,VP,VSVS,VTY,WCAT,WCW,WEIR,WG,WHR,WIL,WIN,WISE,WIX,WIZZ,WKP,WOSG,WPP,WPS,WRKS,WSL,WTB,XAR,XPP,XPS,ZAIM,ZAMZ,ZEG,ZEN,ZTF
1,,,,,,1.0051957744861637,,,,,,,,1.0,,,,,,0.917372421281216,,,,,,,,,,,,,,1.0,,,1.0,,,,,,,,,,,,,,,0.9866601033718927,,,0.972102691678433,,,1.0277818573456698,0.9891308544731456,,0.9582958835160885,,0.8791126412527417,,,,,0.9178107369464111,,,1.0,,,,,0.9677824576960024,0.8614544176109474,0.9941166892808684,,,,,0.8265524625267666,,1.0022723829722768,,0.9744837623942509,0.9428228441855813,,,,,,,,0.9187877024023706,,,,0.9042605209114319,,,,1.0,,0.9416709893215519,,0.769111570247934,,,0.8765548140489394,,,,,0.987804568020948,,,0.9773624843336584,,,,0.8971631205673759,,0.9771763280145426,,,,,1.0493788577232597,,,,,,,1.0606841714360609,0.9785408055073221,,,,0.8741005744149504,,1.012079378774806,0.9022754397799803,,,,,0.88,,,,,,,1.0370081807557459,,,0.9041704998466727,,,,,,,,0.9985068104013404,,,,,0.8734156698758468,,0.986393588601959,,,,,,,,1.0058639084578735,,0.9882538663241826,,,,,,,0.875,,,,1.0469798657718121,,,,,,,,,,,,,,,,,,,,,,,,,,,,1.0074148296593188,,,,,,1.0428495085099838,0.9138356492573072,,,,,,,1.0333829843161308,,,,,,,,0.8604615541713471,,,0.9211979609175871,,,,,,0.9255318601070158,,,,1.0,0.899129899129899,,,,,,,0.9857771880089269,,,,,,0.9819214387127309,,0.9433933533823138,0.7105248784750668,,,,,,,,,0.7440061871616396,,0.8999965845828067,0.8797432355570001,,,,1.0285788309384778,,,,,0.9000398512221042,,,,,0.8368442388068046,,,,,,,,,,,,,,,,,,,1.0,0.9088541666666666,,,,,,,,,,,,0.9444681532060173,0.898185090506566,,,,,0.9661821844869766,,0.9820148572918025,,,,,,,,,0.9526710646413228,0.9523948314388421,0.916648970057337,0.9331581352833637,,,,,0.9091181314568049,,,,,,0.9809967183087842,,,,1.0,0.9470756784088994,,,,,,,0.969615728328865,,0.9285658590921748,,0.9561471855107833,,,,,0.9489875156800669,,,,,,,,,,,,0.9642993789916711,0.9683962264150943,,0.9685866300336349,,,,,,,,,,,,,,,,,0.8736256525107641,,,0.699997255235638,,,,,0.9555446995603322,,,,,,,,,,,,1.0,1.0,,,,,,,1.0,,,,,,,,,,,,,4.605479071061049,,,,,,,,,,,,0.9450726636257558,0.943176200961668,,0.8159368859430448,0.9749268545609422,,,0.9941296003612553,,,0.9790215072036857,0.9404601268384835,,0.9199952673923332,,0.9883732747931784,0.9374930697460755,,0.9688885235699229,,,1.008769298225371,0.9315390097681633,,,1.0900455108658922,,,0.9814695973046688,0.9811733563826915,1.0061965012484633,,,,0.9764116364311233,,,,,0.9446589446589446,,1.1019311932472182,0.9191950852557673,0.9768911467690974,1.0429206743199917,0.9414906530711339,,0.9804684076458331,,,,1.0241858934605699,,,,,,0.9059233449477353,,0.9777626060665171,,,,,1.0,1.038239916186485,0.9290517710814127,,,,0.9703724746419798,,,1.0134018806573513,0.9790790474686725,0.9444444444444445,,1.007820950162243,1.0,1.0209471766848814,,,,,1.021505376344086,0.9315936254980078,,,,0.9692150569010796,,,0.9057210014448063,,,,,,,,1.1538608928913585,1.0,0.9565283428261461,0.9504577162368812,,0.8496237685206733,0.9801375696036685,,,,,,,0.860219368646335,,,,,,,0.7954334821804702,,,,,,1.0410533998297045,0.9660982727923496,,,,,,,0.9873255937799552,0.9747868001483129,1.0522074543633293,,,0.9347594764787975,,,,,,0.939716999418492,1.0,,1.0060166902615304,,,0.9130434782608695,,0.9270056090155921,1.0052923782193257,,,,1.019762684124386,,,,,,,,,,,,,,0.9606275619052186,,,,,,,,
2,,,,,,0.9697768292117106,,,,,,,,0.8499872286079183,,,,,,0.906362249667864,,,,,,,,,,,,,,0.9523860021208908,,,1.0,,,,,,,,,,,,,,,0.9493767013657659,,,0.983122176930704,,,1.010012608469925,1.0337065197868647,,0.9320599815699087,,0.9982815488234154,,,,,1.1005012751736876,,,0.9722270785983665,,,,,1.0,0.8876965550354098,0.9883808256801991,,,,,0.9514431239388795,,0.9886176426538865,,0.8672636187921582,0.962800453757411,,,,,,,,0.9140065776745986,,,,1.0,,,,0.9166671028732053,,0.9090864743568896,,0.7814328960645812,,,0.9918272218769423,,,,,1.0,,,0.967148467592917,,,,0.8849372384937239,,0.9166820959081651,,,,,1.151662392585594,,,,,,,0.8209533373982282,0.9588477972594666,,,,1.025830251197155,,0.9822033898305086,0.9884845220691955,,,,,0.8928571428571428,,,,,,,1.015025701858442,,,0.9732875690195494,,,,,,,,1.02447578538915,,,,,0.944231887606746,,0.9945848832207294,,,,,,,,1.0239336196472502,,1.0,,,,,,,0.888888888888889,,,,1.0136054421768708,,,,,,,,,,,,,,,,,,,,,,,,,,,,0.9060463614905078,,,,,,1.0526396536147147,0.9696153131388218,,,,,,,1.0714419827262487,,,,,,,,0.8269194232758438,,,0.9928944550793289,,,,,,1.0722383279494188,,,,1.0156209047544162,0.8290985699693565,,,,,,,1.1138208104912393,,,,,,1.0278237182605312,,0.9814805589458739,1.0,,,,,,,,,1.0802005012531328,,1.0313865013385937,1.0,,,,1.0086437373107926,,,,,0.9821265492498369,,,,,0.9693894143472723,,,,,,,,,,,,,,,,,,,1.066346610098529,1.0,,,,,,,,,,,,1.0,0.9016371077762618,,,,,0.9451992685175389,,0.9823326078607092,,,,,,,,,1.0340464388207669,1.0269380425022447,0.9230618445555229,1.0080626583736467,,,,,1.025330058335892,,,,,,1.0099818861525418,,,,1.0,0.9276593526867148,,,,,,,0.7985930570423612,,1.021900718261602,,0.938261217396102,,,,,0.9514526689097026,,,,,,,,,,,,1.018189991009889,1.0,,0.8642522637971487,,,,,,,,,,,,,,,,,0.9528809962764692,,,0.8571260527925469,,,,,1.0714217738865628,,,,,,,,,,,,1.0,1.0,,,,,,,1.0,,,,,,,,,,,,,0.9178047223994894,,,,,,,,,,,,0.9849957160470607,1.1578947368421053,,1.06536478675207,0.9727373436247534,,,0.99134522121913,,,0.9727957384276269,1.0,,0.9124079711552993,,0.8269237234006791,0.9795946868599094,,1.0,,,1.0555636753385949,1.0276297838730521,,,1.0,,,0.9557617112627463,1.0494061623061877,1.00533523713018,,,,1.0052705223880596,,,,,1.0125977410947002,,1.0739892862048441,0.9900080680196115,1.0706704874101196,0.9459009978477794,0.989478235802825,,0.9808439424652747,,,,0.9465695494351468,,,,,,0.9140127388535031,,0.947334380486002,,,,,1.0,1.0280021540118471,1.0102468931234465,,,,0.9642920446671717,,,0.9283674634902505,1.017021649318988,0.9944387531099078,,1.0134633762437462,1.0,0.9449225473321861,,,,,1.0391061452513968,0.9958242826395295,,,,0.9860451733563517,,,0.9609192067800825,,,,,,,,0.9848098877252571,1.0,0.9550131064993732,1.0277735914052575,,1.023095238095238,0.9081984769157544,,,,,,,0.948971820258949,,,,,,,1.0476652837849765,,,,,,0.924071263980217,0.9833405530286622,,,,,,,0.9899483358521071,1.0258653480410802,0.9396353113059115,,,1.059478802757058,,,,,,0.9966455918510714,1.0,,1.0121799464534862,,,0.9176722460101207,,0.9256674685021554,0.8630122607297005,,,,1.063024661824192,,,,,,,,,,,,,,0.9947718262839428,,,,,,,,
3,,,,,,0.9949865199246593,,,,,,,,0.9411962688720069,,,,,,0.9709057901777184,,,,,,,,,,,,,,1.0225547603556713,,,1.0,,,,,,,,,,,,,,,0.9239712422816184,,,0.9916317077434015,,,0.8910845284515233,0.8900039074988455,,0.9625836626078542,,0.9897673653023155,,,,,0.872805704592381,,,0.9972353673723537,,,,,0.8610969712395011,0.9257489554627077,0.853592197444938,,,,,0.9536917098445595,,0.9671205098493626,,1.0,0.973901986534092,,,,,,,,0.9705447461684699,,,,0.9842782430134437,,,,0.9230772947560167,,1.023261231281198,,0.9892194050708724,,,1.0,,,,,1.0,,,0.9963660762211486,,,,1.0,,0.8348404049772007,,,,,1.049747327655421,,,,,,,1.1705361266216046,0.975903960940196,,,,0.9003323249246995,,1.157430112800392,0.9514293034661983,,,,,0.9333333333333335,,,,,,,1.0,,,0.9036477648169374,,,,,,,,0.9834513631526804,,,,,0.8479586804744478,,1.0054445999236739,,,,,,,,1.0,,1.0118857452281034,,,,,,,1.0,,,,0.9483870967741935,,,,,,,,,,,,,,,,,,,,,,,,,,,,0.8816456484231872,,,,,,1.0555455592342018,1.0,,,,,,,0.7999399218984679,,,,,,,,0.7647020840395822,,,0.9723326392832355,,,,,,0.8766676993977887,,,,1.0,0.9482414189720928,,,,,,,0.9802304906157393,,,,,,0.9473732718894009,,1.0074655892796647,1.0,,,,,,,,,0.9857647058823529,,0.810900365630713,1.006378281135007,,,,0.8784721609069558,,,,,1.0090173106035674,,,,,0.9560936427118557,,,,,,,,,,,,,,,,,,,0.9504569632174455,1.0,,,,,,,,,,,,1.125007501650363,0.9214513503857301,,,,,0.9776881362944574,,1.0253347335258598,,,,,,,,,0.9381217696770756,0.817937000163212,0.9070139567961596,0.8875485585769781,,,,,0.9077480490523969,,,,,,0.9481819842864974,,,,1.0,0.9214330307832685,,,,,,,0.8348014809140816,,0.9481005827757393,,0.9418634863720217,,,,,1.017275271154691,,,,,,,,,,,,0.909090909090909,1.0,,0.9608709922022657,,,,,,,,,,,,,,,,,0.9385739059317093,,,1.1290373990650233,,,,,0.8750104088600216,,,,,,,,,,,,1.0,1.0,,,,,,,1.0,,,,,,,,,,,,,1.0139769638928433,,,,,,,,,,,,0.8861010295533664,1.0857296197954918,,1.0,0.9305625398102518,,,1.0,,,1.0352171598083213,1.0,,0.9785764086962033,,0.9454447216616079,0.8909103476878414,,1.0089687161229557,,,0.9473611335471812,0.9386794996225603,,,1.0,,,0.974339819967878,0.9960613803520759,0.9258652489578633,,,,0.9416890669196578,,,,,0.9696714406065712,,0.9441490511390654,0.9615396091302402,0.9860680507044465,1.1746724890829694,0.9499771793701506,,0.9738798614055508,,,,0.9812733642113183,,,,,,1.060810810810811,,0.9047818090620298,,,,,1.0,1.0409192825112108,0.9390774478255727,,,,1.0144835139685808,,,0.9441170806855382,0.9073400753677324,1.0,,0.9626472935860493,1.0,0.9532403609515996,,,,,0.9371727748691099,0.9876181613361414,,,,0.9945628845328373,,,0.9290403311194533,,,,,,,,0.9706043956043956,1.0,1.0,1.0,,0.9558851420551531,0.977561679209948,,,,,,,0.8672391017173052,,,,,,,0.954503327997304,,,,,,0.9404831122152333,0.972972972972973,,,,,,,0.9949993006014827,1.0,0.9044291413615225,,,0.9214821672188656,,,,,,0.9818595668368051,1.0,,0.9879666194769391,,,1.0415568619501319,,0.8969664601580859,0.8554691119918245,,,,0.9189232398728991,,,,,,,,,,,,,,0.9503750623215339,,,,,,,,
4,,,,,,0.9568351679417637,,,,,,,,0.9658887727853245,,,,,,1.1134042553191488,,,,,,,,,,,,,,1.1783797597751087,,,1.0,,,,,,,,,,,,,,,0.9661055837139937,,,1.1545913218970736,,,0.9256132623723008,0.9708747909158317,,0.9907326036590237,,1.026267631408542,,,,,0.960002652734896,,,0.9256270748801181,,,,,0.8999599152493843,1.0575847318196776,1.022846491063734,,,,,1.0052955985762653,,1.0363254277994596,,1.0226300927793466,1.0207238451881955,,,,,,,,0.9886761805313842,,,,1.0052573861437235,,,,1.0,,1.1834902130676226,,1.027908885696696,,,1.0425711138469513,,,,,0.9647083966898136,,,0.973450865028399,,,,1.0851305334846764,,0.9663181478715459,,,,,0.9804893107972525,,,,,,,0.9775908064847117,1.0331948118404926,,,,0.9585988085280956,,1.0,1.052805322920413,,,,,1.0,,,,,,,0.9851967276977015,,,0.9651200624715298,,,,,,,,0.9693919291443613,,,,,0.9834094795681361,,1.0208348483746637,,,,,,,,0.959780694733472,,1.030667485210403,,,,,,,1.0285714285714285,,,,0.9011627906976745,,,,,,,,,,,,,,,,,,,,,,,,,,,,0.9184787048079593,,,,,,1.050010391278883,1.0533424684349613,,,,,,,0.875016427914312,,,,,,,,0.6476356755287451,,,1.0069730133265562,,,,,,0.9803942041641552,,,,1.0182002561912895,0.9354966587382488,,,,,,,0.9019148986719251,,,,,,1.0269758637008992,,1.0,1.0,,,,,,,,,0.2658160552897395,,1.1224470165763571,0.9812637913741222,,,,0.926142775370022,,,,,0.9406847873196706,,,,,0.9903387220939184,,,,,,,,,,,,,,,,,,,1.00224674288753,0.8458149779735682,,,,,,,,,,,,1.5999039846375422,0.9792922028275604,,,,,0.9955428067078553,,3.7349240071907173,,,,,,,,,0.932961719274681,0.8333786724700761,1.0750191131498472,0.9881806243054855,,,,,1.0155675063685254,,,,,,1.0026013043159667,,,,1.0,0.9952205706638628,,,,,,,1.0615259520260196,,0.9633318431804714,,0.9809853949481305,,,,,1.0099851682296472,,,,,,,,,,,,0.9837326472637616,0.9689213893967094,,0.9583322487440455,,,,,,,,,,,,,,,,,0.9644572175621442,,,1.0814040328603436,,,,,1.0434895946474345,,,,,,,,,,,,1.0,1.0,,,,,,,1.0,,,,,,,,,,,,,0.3518670309653916,,,,,,,,,,,,0.9638580021060521,1.0293972260184352,,1.0774643145704283,0.9739843105883121,,,1.0298117556665387,,,0.934200241597385,1.0,,0.9929094379995386,,0.9865485615740378,0.9482702114550149,,0.9823786495341515,,,1.0555636753385949,0.9549579702122728,,,1.0,,,0.9837589564578357,0.8743527553029322,0.9506680856095541,,,,0.9721019597796848,,,,,0.9709611451942741,,0.9009931840311587,0.9585299585299585,0.9695966514459664,0.8750125691302162,1.0610169491525425,,0.9605745459639364,,,,0.9962756488335052,,,,,,1.0,,0.9722041612483745,,,,,1.0,1.155440414507772,0.0698057372066843,,,,1.14050002796577,,,1.079356501496508,0.9184377319010718,0.9945418819591005,,0.9939355636833047,1.0,0.9277016742770168,,,,,1.0052631578947369,0.9516906411105,,,,1.0054668393036974,,,1.11398241475445,,,,,,,,1.0461774286261736,1.0,1.0194021968736797,1.1020238688400124,,1.0225351020091538,1.0871143146181081,,,,,,,0.9039705443327695,,,,,,,1.0476652837849765,,,,,,1.0,1.1077758107503453,,,,,,,1.0152305889871125,0.892320746711922,0.9156225642457451,,,0.9259151248765414,,,,,,1.0480166260052408,1.0,,1.0506291954517877,,,0.9162332838038633,,1.0377546722238233,0.9077996603515893,,,,1.0038719255306345,,,,,,,,,,,,,,1.0306923292534804,,,,,,,,
5,,,,,,1.0,,,,,,,,1.0,,,,,,0.9801365935039883,,,,,,,,,,,,,,0.9759321611173463,,,1.1673098262640984,,,,,,,,,,,,,,,1.085887069375552,,,0.9452048261719681,,,1.1458445290777821,0.9809530253564965,,0.9818024943132794,,1.0438782107799915,,,,,1.0602679792179381,,,1.1142908521077914,,,,,1.0,1.2402635261194028,1.186744778060629,,,,,1.0330015245269484,,1.0630285623105153,,0.9954623940890656,1.0815805219312378,,,,,,,,1.12774281340364,,,,1.0982642578816861,,,,1.039999798995985,,0.990906962222916,,1.02849303503588,,,1.0217484855506638,,,,,1.0,,,0.9741374922376846,,,,1.0045610034207526,,0.9917049326025774,,,,,0.9761922700218489,,,,,,,1.098858972624363,0.9717740738869278,,,,1.180451331511755,,0.979817395482941,0.9654744779006896,,,,,0.9375,,,,,,,1.0384304207119741,,,0.9772337042925279,,,,,,,,1.053768881892125,,,,,0.9232926426921809,,1.0359683581768282,,,,,,,,1.0057961680888745,,1.0723883053535626,,,,,,,0.9210526315789473,,,,1.162162162162162,,,,,,,,,,,,,,,,,,,,,,,,,,,,0.9200096192866697,,,,,,1.0619357168652943,1.0,,,,,,,0.930252460419341,,,,,,,,0.981297576789708,,,1.0286419188288347,,,,,,1.0,,,,1.0068787618228718,0.9538677614520311,,,,,,,1.028830524424673,,,,,,1.047180097135494,,0.9571383965028583,0.9382975452262594,,,,,,,,,3.3617535744322957,,0.9800157109190888,0.9356582454296333,,,,1.0797471260308324,,,,,1.0630553544395445,,,,,0.971832566490854,,,,,,,,,,,,,,,,,,,1.1243647234678624,1.0835322195704058,,,,,,,,,,,,1.0417083416683337,0.9085974662082607,,,,,1.0227324015706571,,0.9810806477473144,,,,,,,,,1.0326938815141553,1.0344730547347685,0.9755733731120642,1.0523014776230466,,,,,1.1428109332039462,,,,,,1.0239345738295318,,,,1.026176526176526,0.931567230632235,,,,,,,1.2036865858300256,,1.020410977796166,,1.0,,,,,0.9950379993957282,,,,,,,,,,,,1.1181899910098891,0.970288248337029,,0.9795923571210009,,,,,,,,,,,,,,,,,1.134406820384931,,,1.0237906190266137,,,,,1.0697620375534487,,,,,,,,,,,,1.0555570302338544,0.9575768233173605,,,,,,,1.0157434402332362,,,,,,,,,,,,,,,,,,,,,,,,,0.8985918655375931,0.9315005417118092,,1.0597217267213699,1.0462651384452455,,,1.0634907664651088,,,0.9620261817684657,1.0,,1.0,,0.9911120779402396,1.0087010565568677,,0.9869620405842384,,,0.9642844559281226,1.069881144210773,,,0.4323394446423735,,,1.0,1.0602241721139312,1.0373668660827875,,,,0.9706174886033982,,,,,1.0621198957428322,,0.37730719492123205,1.1243488327223616,1.1839971165975853,0.986215787385958,1.0710025413619626,,0.985864956241976,,,,1.0075164902592422,,,,,,1.0459363957597174,,1.0188804239814508,,,,,0.9147375658950263,,1.0569552937934834,,,,0.9837319345609273,,,0.9813167985640859,1.0405914335808188,0.9891304347826088,,0.8823606183927957,0.9600000000000002,1.0545746388443018,,,,,1.0795454545454546,1.0507616202184455,,,,1.0314586733936786,,,0.9714178575892671,,,,,,,,0.9848098877252571,0.9757922535211269,,1.0,,1.0152791998109791,1.0551456362496163,,,,,,,0.9921018856747952,,,,,,,1.312442075996293,,,,,,0.9882469703301296,0.9542931402580525,,,,,,,1.028706037032979,1.203717889791124,1.2403180191619532,,,1.0414409788642114,,,,,,,0.8089887640449437,,1.012824578790882,,,1.0,,1.0816248231542094,1.06415206564717,,,,1.0445296619936715,,,,,,,,,,,,,,1.023561617634753,,,,,,,,
6,,,,,,1.07751473094021,,,,,,,,0.9361753005369449,,,,,,0.9882528723787934,,,,,,,,,,,,,,0.9804377063210661,,,0.8702275773604485,,,,,,,,,,,,,,,1.079460159898291,,,0.9690261908337858,,,0.9652675973747716,1.0,,0.9822033898305085,,1.1788795343519387,,,,,0.9846147928766491,,,1.0174599440654486,,,,,1.0526855144975589,1.1159401431359792,1.0779231672538165,,,,,0.9541370753829042,,1.0,,1.0521357049304998,1.0522059179621288,,,,,,,,1.0766185834225503,,,,1.1611072265865998,,,,1.1363628576812603,,0.990988900491163,,1.0,,,0.9787144430765243,,,,,0.9550549766775751,,,1.0086975273145484,,,,1.0150462962962963,,0.944856543037089,,,,,1.1475282278284025,,,,,,,1.0689389191534493,1.0269149893873666,,,,0.8926172918465547,,1.049420070600101,0.9631859337299027,,,,,1.012681227997123,,,,,,,0.9848605577689243,,,1.0,,,,,,,,1.09045205591433,,,,,0.987894026167528,,0.9788769490096925,,,,,,,,1.0745209982267203,,1.0,,,,,,,1.3103448275862069,,,,1.0277777777777777,,,,,,,,,,,,,,,,,,,,,,,,,,,,0.93023223298799,,,,,,0.9576344457893827,1.0,,,,,,,0.9348000000000001,,,,,,,,1.1505293846862052,,,1.0449183070698103,,,,,,1.0443663507672787,,,,1.0,1.0,,,,,,,1.0799720183728418,,,,,,1.0495162800374493,,1.0,1.1739261220069788,,,,,,,,,0.9915563431668926,,0.9123878329176343,1.0363756613756614,,,,1.0394838283343735,,,,,1.0471431525260182,,,,,0.8658555018137848,,,,,,,,,,,,,,,,,,,0.8995441771658309,1.0911458333333333,,,,,,,,,,,,1.0,1.0333365777691261,,,,,1.057699345989211,,1.079252465824537,,,,,,,,,1.0276684912760863,1.1153483992467044,0.8913079607777963,1.119747649089394,,,,,0.94918636782315,,,,,,1.0358280873552497,,,,1.0113734110675716,1.027212439972559,,,,,,,1.0093298940782613,,1.0352087154200116,,0.9633758548294024,,,,,1.066133108677338,,,,,,,,,,,,1.0377211804583761,1.0841346153846152,,0.9800004997792642,,,,,,,,,,,,,,,,,1.1481502620739514,,,0.840002964280421,,,,,1.0237913970308337,,,,,,,,,,,,0.9915252006843006,1.0577048265600297,,,,,,,,,,,,,,,,,,,,,,,,,,,,,,,,1.1352207555757852,1.0428789333935935,,1.0075123108443262,1.0667747842962179,,,1.0161076054466953,,,0.975314609550796,0.9711065976544584,,1.0,,1.2857257017280992,1.0360308522735058,,0.9745758442532564,,,0.9911530178685757,1.0453354448603513,,,0.9333331738509493,,,1.0165091696858777,1.0620131336645704,1.0836267104168804,,,,1.0560914549815303,,,,,0.9875589875589876,,1.0153387048642197,1.0376376376376377,1.0822389806267065,0.9605639169365594,1.066662978535074,,1.00141499225916,,,,1.0472418565567692,,,,,,1.1646090534979423,,1.0927517871685821,,,,,1.0,,1.0603945989536059,,,,0.976205396308166,,,1.0700130947184636,1.042308808782393,1.0823529411764705,,1.0183779995650177,1.0545540238011075,1.0550381033022862,,,,,0.9943502824858756,1.0576126144793003,,,,1.0354947756607253,,,1.1359000449608367,,,,,,,,0.8919464781620804,0.9643463497453311,,1.0828858456874182,,1.0,1.042146393014072,,,,,,,0.9843537414965987,,,,,,,0.9696697371377219,,,,,,1.0,1.0,,,,,,,1.0522250403504727,0.931009889691898,0.9485252857045098,,,1.070323275862069,,,,,,,1.0510911424903724,,1.0399917542774686,,,1.2123395631614502,,0.9735048321583641,0.8774835080963567,,,,1.0786113057432813,,,,,,,,,,,,,,1.0611082570669306,,,,,,,,
7,,,,,,0.9748155709182017,,,,,,,,0.8868004549572995,,,,,,0.8360542752530691,,,,,,,,,,,,,,0.8947598730992233,,,0.8238989229691378,,,,,,,,,,,,,,,1.0044449901768173,,,0.9076295535096366,,,0.8641227027343065,0.9130391134792848,,0.9256221921129574,,0.8992149043554115,,,,,0.8974394377670848,,,0.939886011890139,,,,,0.7450707388277565,0.9583339828223153,0.8415331403966965,,,,,0.8515583729529846,,0.8343762481693516,,0.8577278492480522,0.9834496225561403,,,,,,,,0.9425855109411515,,,,0.7967818050730812,,,,0.7432443329640901,,0.840905395297408,,0.874976915974146,,,0.9400048727006944,,,,,0.9175265644716118,,,0.9745758047325731,,,,0.8953367875647669,,0.8663231282206728,,,,,0.9891901137432652,,,,,,,0.8978487642297536,0.947059197488901,,,,0.9400631698707952,,0.8352990732940185,0.8708831790283991,,,,,0.8102380076064287,,,,,,,0.8515691263782866,,,0.8712876773049646,,,,,,,,1.0529124437845632,,,,,0.979231733728485,,0.8658529910787587,,,,,,,,0.8655984425891955,,0.8444393904935183,,,,,,,0.8055555555555556,,,,0.8780487804878049,,,,,,,,,,,,,,,,,,,,,,,,,,,,0.9033533312282918,,,,,,0.8676379882307833,0.9259246672330784,,,,,,,0.8678833564768894,,,,,,,,0.9789468818968605,,,0.8531249544838837,,,,,,0.9213850552140515,,,,0.9010265349602944,0.8024621786813473,,,,,,,0.9651587918317431,,,,,,,,1.0370388821082521,1.029799888482746,,,,,,,,,0.8843104719764011,,0.8154910808220138,0.8776590296035784,,,,0.9429174743838271,,,,,1.104185692541857,,,,,0.8723382213055312,,,,,,,,,,,,,,,,,,,0.9733404879070253,1.0,,,,,,,,,,,,1.0,0.9254501030254578,,,,,0.9162924297212178,,0.874678371424247,,,,,,,,,0.9035665065237832,0.8667029379760609,0.9019637235796732,0.9889346674514421,,,,,0.7151954325867369,,,,,,0.9097786891041505,,,,0.9010506372717877,0.9111935322553759,,,,,,,0.9639720664479948,,0.9594541910331384,,0.8323182570663614,,,,,0.9593971378310273,,,,,,,,,,,,0.890775623268698,0.8706571787358729,,0.9025268994032796,,,,,,,,,,,,,,,,,0.9257126251552057,,,0.8130221722365039,,,,,0.9767614798289644,,,,,,,,,,,,0.8644723370368966,0.9043353938017746,,,,,,,,,,,,,,,,,,,,,,,,,,,,,,,,0.9822945542341053,0.8139513496114407,,0.86927042649586,0.9503346523165908,,,0.9309731777073511,,,0.910104519045524,0.9301035953686776,,0.9276290184478866,,0.9210429470430207,0.9610411839056245,,0.9402381002505211,,,0.9112848474561888,0.9407589999187365,,,0.6711410940440541,,,0.9680020247306385,0.9537901734525474,0.9538183451543493,,,,0.8952994467171361,,,,,0.9316546762589929,,0.9005522634740193,0.9073020101719546,0.8783315013347418,0.7916446723474851,0.8918932254403711,,0.9950712992376314,,,,0.9338210687868542,,,,,,0.94921875,,0.8818225343121608,,,,,0.8750501403931008,,0.8489999632043016,,,,0.9333255351503099,,,0.9374744250757018,0.8724802855004893,1.011904761904762,,0.9683616876886716,0.8397150489759573,0.9539579967689823,,,,,0.8634146341463415,0.9182442588329307,,,,0.9521580102414046,,,0.9337148412470447,,,,,,,,1.0,0.8857142857142856,,0.8578198007581769,,0.9290941021513244,0.9961768617021277,,,,,,,0.9275283937263386,,,,,,,0.8461977186311787,,,,,,0.8252079831027198,0.8706439516389733,,,,,,,0.9145608547429094,0.8112006788290199,0.9189294563016438,,,1.0498054239946906,,,,,,,0.9568849035744994,,0.8333333333333333,,,0.8903368083400159,,0.7294678586632609,0.9617838134519766,,,,0.8063387340757077,,,,,,,,,,,,,,0.9729714719440177,,,,,,,,
8,,,,,,1.0127528005413127,,,,,,,,1.0392058658546357,,,,,,0.9531140945108183,,,,,,,,,,,,,,1.0693729527374825,,,0.836849479782572,,,,,,,,,,,,,,,1.0763659432740345,,,0.9959999582241068,,,0.8853287782321376,0.8914766038593135,,0.9837250087688529,,0.9520391517128873,,,,,0.9234942716335885,,,1.076451143726035,,,,,1.0200201575957486,0.8228541378071932,0.9384605193428723,,,,,0.8311682412790697,,0.9899828654277053,,0.8785698366710178,0.9885357815442563,,,,,,,,1.0093548127697214,,,,1.038880566525943,,,,1.0,,0.9635107399689786,,1.0,,,1.0504158669225847,,,,,1.0,,,1.0085488632636068,,,,0.977710233029382,,1.0,,,,,0.9487221095334686,,,,,,,1.058993399339934,0.9826584522224032,,,,1.0192922787339331,,0.9287949921752738,0.955747109294996,,,,,0.9653579676674364,,,,,,,0.9568251907157929,,,1.086051269707546,,,,,,,,0.9545454545454545,,,,,0.9034829354699182,,1.006135419773765,,,,,,,,0.973823325677203,,0.9677443020639733,,,,,,,1.0,,,,0.9265536723163842,,,,,,,,,,,,,,,,,,,,,,,,,,,,0.9794279917860412,,,,,,0.9714336609933443,1.0384561089805426,,,,,,,0.9636780730261901,,,,,,,,1.217954852510696,,,1.0064352516931014,,,,,,0.9665666107530679,,,,1.0,0.9806163655685441,,,,,,,0.9178700466541164,,,,,,,,0.9642839986549454,0.905424356313457,,,,,,,,,0.9537541761913135,,0.9627487170252995,0.9494893823958502,,,,1.0113075441974444,,,,,1.0435196950444727,,,,,1.007142450628877,,,,,,,,,,,,,,,,,,,0.9453744602402783,0.9164677804295943,,,,,,,,,,,,0.9796198314716833,0.926191854250421,,,,,0.961866962119406,,0.9571200927133131,,,,,,,,,0.9411814622201209,0.9090571870170016,1.0,0.9731928055905602,,,,,0.8823016564952049,,,,,,1.0126736359730775,,,,1.0068499089569063,1.0041427794283802,,,,,,,1.057158836689038,,0.9487179487179488,,1.0314413702239789,,,,,0.8934150304240249,,,,,,,,,,,,0.9453231381585838,0.9727198697068403,,0.9453917758955526,,,,,,,,,,,,,,,,,0.957330309685088,,,0.8912915063098541,,,,,0.8775593441553143,,,,,,,,,,,,0.938142569495336,0.9583316542413861,,,,,,,,,,,,,,,,,,,,,,,,,,,,,,,,0.9053008224855903,0.9450492145231731,,1.0,0.9165529172750937,,,1.0309187983106223,,,1.0171424162937819,1.1772301732486818,,1.125917486470498,,0.974361732644865,0.9390237871519707,,1.091305921071525,,,1.024796982182265,0.925446842646211,,,0.9183675024095207,,,1.0245980588278878,0.9474579889980157,0.9604862587372444,,,,0.9915224604290831,,,,,0.9831041257367387,,0.9072744340278202,0.953497098981035,1.1050448006057547,0.8889261295079769,1.0109237829209896,,0.9861103606858119,,,,0.9379288698400329,,,,,,1.0987124463519313,,1.0784853700516353,,,,,1.0276174773289364,,0.9236879680713789,,,,1.0227299916257926,,,0.9065212552860005,0.9802627124382151,1.0181409536041097,,1.0086387990653103,0.9776079702084441,0.9183976261127595,,,,,0.891304347826087,0.9799658795342463,,,,0.9972278961190546,,,0.9328675076263501,,,,,,,,1.0,1.1162400335711289,,0.9859834409022752,,1.0217188142499345,0.9357234514134619,,,,,,,1.0952710040477835,,,,,,,1.0540026049494038,,,,,,0.9626540520353543,0.9348867431282771,,,,,,,0.9298973789136545,0.9662356054112474,1.0385856290084512,,,0.9368209653574211,,,,,,,1.051401265659305,,0.972972972972973,,,0.9382994732881867,,0.953916376985803,0.8486497583128347,,,,0.9372907413734199,,,,,,,,,,,,,,0.9319917642457842,,,,,,,,
9,,,,,,1.020827537246851,,,,,,,,1.1460715433714468,,,,,,1.0158908908908908,,,,,,,,,,,,,,1.1740145584397748,,,0.9644619940769991,,,,,,,,,,,,,,,1.0120788132532539,,,0.8865278761533084,,,1.0453061592569213,,,0.9919281887133812,,1.0585889666865522,,,,,1.0537450201879732,,,0.9550689498408849,,,,,0.9615435443372539,0.88832678174671,1.0372304400318024,,,,,1.0694300518134716,,0.9726923076923076,,1.014502583979328,1.0303427199301463,,,,,,,,1.0449115632921144,,,,0.8910867059037679,,,,0.986666722501162,,0.978566500574933,,1.0,,,1.0,,,,,0.9897956392919547,,,0.9915236003182404,,,,0.9959636730575177,,1.0138291333743086,,,,,1.0103618448018625,,,,,,,1.0,0.9904584071810963,,,,0.9688477366701135,,1.10267471958585,0.9230155088556484,,,,,1.0202084277299504,,,,,,,1.2558092132083163,,,1.0,,,,,,,,1.097965811194804,,,,,1.137185553005106,,1.0,,,,,,,,0.9095099144505603,,1.005409126671912,,,,,,,0.8780487804878049,,,,1.0290697674418605,,,,,,,,,,,,,,,,,,,,,,,,,,,,0.9918407911365225,,,,,,0.992909055827116,0.9873397138078424,,,,,,,1.0,,,,,,,,1.0684952105983367,,,0.9545918867106056,,,,,,0.985029328254697,,,,0.9897915168943208,0.9763436397592862,,,,,,,1.0954656077878828,,,,,,,,1.0370388821082521,0.9610242587601079,,,,,,,,,0.9335193696651347,,1.0057499886811245,1.0531976644927783,,,,1.0012443260484762,,,,,1.069747684988531,,,,,1.0,,,,,,,,,,,,,,,,,,,1.0084722499500898,1.0,,,,,,,,,,,,1.4,1.0268957688559526,,,,,1.0488820241247425,,0.9570220435325106,,,,,,,,,1.0188350665711534,0.9705970597059707,1.0,1.0566517370778357,,,,,0.9122481442205727,,,,,,1.0367840837385398,,,,1.1877445932028834,1.073491756884237,,,,,,,1.0606240360659627,,1.1024719794571123,,1.0,,,,,1.045033347759985,,,,,,,,,,,,0.9777755018435069,1.1224862888482632,,1.0973780726777118,,,,,,,,,,,,,,,,,1.0880967559956523,,,0.958348343711938,,,,,0.942311387831969,,,,,,,,,,,,1.0738029933760667,1.043480089146798,,,,,,,,,,,,,,,,,,,,,,,,,,,,,,,,1.1276770553760203,0.798248200502992,,1.0551910586528634,1.0272782116710961,,,1.0157843613404565,,,1.0234019706922688,1.0326702966996333,,1.0305267673688725,,0.9375063031566209,0.9761878899791206,,1.0087662375285351,,,0.9453082448694365,1.0654078307782704,,,0.9607840452116556,,,1.0,1.079393483403488,1.0298987727313447,,,,0.9672165645785578,,,,,1.0349735664904431,,1.087184720804782,1.009382011013665,1.0347855895267788,1.0384240568007796,0.9313388460466412,,0.9600002412530685,,,,1.0394312007109991,,,,,,1.0401785714285714,,0.9357384441939121,,,,,0.865038331253343,,1.0468229617444176,,,,0.9361630641729197,,,1.0028271705974257,0.9620297139879385,1.0185593982503476,,0.9875182098945281,1.0,1.0409266409266411,,,,,1.0454545454545454,1.0043350436313245,,,,1.0170648464163823,,,1.0619213342964082,,,,,,,,1.0,0.8429430491687301,,0.9304258158437463,,0.9451982192071232,0.985904873872262,,,,,,,1.0413282615400432,,,,,,,1.1212087171422154,,,,,,0.9553238721953541,0.9772727272727274,,,,,,,1.0753874811091977,0.9486989110451138,0.9531736348016634,,,1.0521940494620579,,,,,,,0.9821156773211568,,1.033530265339967,,,1.0835711373827965,,0.9774849158463004,1.0220992819064016,,,,0.9869674438993138,,,,,,,,,,,,,,1.0876767171274866,,,,,,,,
10,,,,,,1.066668713288717,,,,,,,,0.988897214086234,,,,,,1.0499671556820669,,,,,,,,,,,,,,1.0201765447667088,,,0.8073774297387644,,,,,,,,,,,,,,,1.0952415834041431,,,0.9964663821935186,,,1.0163510714351183,,,0.9872904644133005,,1.1403150733977803,,,,,1.039919797117447,,,1.005638524839988,,,,,1.0611910994764397,0.9800998358403967,1.0444414828180104,,,,,1.0666850895524966,,1.038476900545866,,1.0072878709005726,0.98998703356865,,,,,,,,1.0158768547893755,,,,0.878260637872692,,,,1.0,,1.0071959109930666,,1.0151856017997751,,,1.0,,,,,1.0103095632097803,,,0.9949418763846364,,,,0.9870517928286853,,1.0069938726248684,,,,,0.9747494925926518,,,,,,,0.9082053203446984,1.0962339909974652,,,,0.9907405880617388,,0.9880647911338448,1.2679333977170917,,,,,0.747173132913535,,,,,,,0.9923139158576051,,,1.094081243004806,,,,,,,,1.0733962720890824,,,,,1.0933442597761787,,1.0124185800169112,,,,,,,,0.9722428189174378,,1.0,,,,,,,1.025078369905956,,,,1.0424242424242425,,,,,,,,,,,,,,,,,,,,,,,,,,,,1.0208291583166331,,,,,,1.0217352018268742,0.975315774568111,,,,,,,1.0,,,,,,,,0.8795148854002725,,,1.0895743123742148,,,,,,1.0547356545347812,,,,0.9898946769143182,1.0,,,,,,,1.0589208691642025,,,,,,,,1.0,0.9058944181276555,,,,,,,,,1.027318718381113,,1.0206090291576175,1.1279849021722386,,,,1.002530088728806,,,,,1.0,,,,,1.0035792479771537,,,,,,,,,,,,,,,,,,,1.030565664099168,1.0911458333333333,,,,,,,,,,,,1.0,1.00738990657432,,,,,1.0089795918367348,,1.1454660949658568,,,,,,,,,1.0227628720125308,1.0,0.9107167235494881,1.1350645781808189,,,,,0.9669315560112792,,,,,,1.026949759853625,,,,1.0606226105953034,1.0067384225759768,,,,,,,1.053164240644718,,1.0035502565917536,,1.0,,,,,1.0876271861534563,,,,,,,,,,,,1.0074547940258465,1.0,,1.0152103297221007,,,,,,,,,,,,,,,,,1.111109412424196,,,1.0434619171216324,,,,,1.0,,,,,,,,,,,,1.0971600529765797,1.074774591553115,,,,,,,,,,,,,,,,,,,,,,,,,,,,,,,,1.0852404446293764,0.9661014109051913,,0.9539550243749017,1.069453163144312,,,1.0225128290018208,,,1.068736815458611,0.9107070570773176,,1.0315120178870878,,0.9765121050471892,1.0500057026270102,,1.0088496609773205,,,0.9552272504171984,1.028852495053858,,,0.9107143164322883,,,1.0564752847246683,1.090721573266302,1.0817615182454587,,,,0.9721055284826081,,,,,1.035804549283909,,0.9557281110660721,1.0095005588564034,0.9871253625523687,1.0721695648929026,1.2054656437251499,,0.9287926216890255,,,,1.1249920899092554,,,,,,1.1370558375634519,,1.0,,,,,0.9692414031449801,,1.1135146468286314,,,,0.9337865093000672,,,1.035316772578471,1.0193497338512445,1.0061697926949653,,1.0824534181079615,1.0229049173839913,1.036,,,,,1.0232558139534886,1.0593427956477321,,,,1.0263478525738654,,,1.049214587543634,,,,,,,,1.1561587857559834,1.0100035727045373,,1.0087704984906585,,1.1406577462518135,1.0717083458873156,,,,,,,1.0,,,,,,,1.0,,,,,,1.0666835807010866,1.0091652881477176,,,,,,,1.0904039242737793,1.2,0.949217041895645,,,1.0657912980782562,,,,,,,0.9970911850259264,,1.0718610550484196,,,0.9088551315301964,,1.0277750579327,1.0741844037910298,,,,1.033669681601924,,,,,,,,,,,,,,1.0579678493193296,,,,,,,,
11,,,,,,1.0198284318841184,,,,,,,,0.9595842956120092,,,,,,0.9584872397582269,,,,,,,,,,,,,,1.1468744978306282,,,1.0124487829336508,,,,,,,,,,,,,,,1.0327881254633762,,,0.9401985574441694,,,1.0243540633919181,,,1.0,,1.0089953397637368,,,,,1.0060233342704525,,,0.9672284184149756,,,,,1.0208542114053927,0.966351912804187,1.031523957573258,,,,,0.9310317102978066,,0.9686613360846016,,0.9785730204718394,1.0327588344699317,,,,,,,,0.9960464786736574,,,,0.920012746972594,,,,0.9803922373623125,,0.9026021993950967,,1.0208612440191387,,,1.0347909563375153,,,,,1.0,,,1.1514517469689587,,,,0.9462770970782282,,1.0360371914075024,,,,,1.0153833671399595,,,,,,,1.4601543979089417,0.9795082284607939,,,,0.9446062811409865,,1.2174364296834457,0.9920926259408044,,,,,0.6624949535728704,,,,,,,1.0483460559796438,,,1.024138628548311,,,,,,,,1.0328016400820041,,,,,0.9772022022022022,,1.0,,,,,,,,0.9908007793784137,,0.989297528702082,,,,,,,0.9302275960170697,,,,0.9593023255813954,,,,,,,,,,,,,,,,,,,,,,,,,,,,0.9958464819827124,,,,,,1.022235284238811,0.9642798623627724,,,,,,,0.9482461705791716,,,,,,,,0.9222203249255989,,,0.8519360411498045,,,,,,1.013333085477672,,,,1.0,0.97020334205758,,,,,,,1.0170085387554662,,,,,,,,1.0588266322049766,1.1486509227576147,,,,,,,,,1.006876644876475,,1.0149134737138301,1.1468197879858657,,,,1.0192514326647564,,,,,0.895814307458143,,,,,1.1822100181185924,,,,,,,,,,,,,,,,,,,1.0,0.9164677804295943,,,,,,,,,,,,1.0,1.0357102952021273,,,,,1.0469434689374397,,1.0758585340850846,,,,,,,,,1.0232997033408089,1.2871707731520816,1.0,1.0097114317425082,,,,,1.0495022867904225,,,,,,1.0220508025557116,,,,1.013169544046038,1.034769993916421,,,,,,,1.0262213104244133,,1.0217420783799664,,1.0324732563580763,,,,,1.0837988096016744,,,,,,,,,,,,1.0,0.970288248337029,,1.0076614367038867,,,,,,,,,,,,,,,,,0.9947381227568587,,,0.9787312321519298,,,,,1.08331251561329,,,,,,,,,,,,1.078604752088532,1.038827202516491,,,,,,,,,,,,,,,,,,,,,,,,,,,,,,,,1.0080292408173048,1.0085342977371436,,1.0270034561839854,1.0344902229598094,,,1.0,,,0.9756157797681771,0.9711065976544584,,1.0762790464492518,,0.9770667949643173,0.9523757799582413,,0.9741376365147875,,,1.0468713068678128,1.0518375074063906,,,1.0181819455625365,,,1.0174006530222186,0.9738992691795371,1.0081517491480916,,,,1.0635621207058656,,,,,1.0509074811863657,,1.0406538360137094,1.0497421805045233,1.0,0.9326882918000835,0.9969850929596337,,1.1176472061386813,,,,1.0333359489432936,,,,,,1.0706521739130435,,,,,,,1.0317347120698876,,1.0550059572645518,,,,1.0709085963873735,,,1.152514536819211,1.0197372875617847,0.9877305598439913,,0.975726542016962,0.9923903971721734,1.0683760683760684,,,,,1.0858585858585856,1.0088556676272813,,,,1.0089121081745545,,,0.9864081188836534,,,,,,,,0.9846713929871623,0.9712005551700208,,1.0,,0.9770812002835316,1.0,,,,,,,,,,,,,,0.970668411296478,,,,,,0.9545509586276489,0.9276678694371864,,,,,,,1.0672392638036812,0.970158468820745,0.9216918652782013,,,1.1022074539504279,,,,,,,1.0594935012729465,,1.0489851413032922,,,0.8246257256339748,,0.943231844349352,1.0465824377745798,,,,1.0645233103908873,,,,,,,,,,,,,,0.9857134469734036,,,,,,,,
12,,,,,,1.0474868274339186,,,,,,,,1.1379481330887093,,,,,,1.0503482938012523,,,,,,,,,,,,,,1.018494271685761,,,1.0,,,,,,,,,,,,,,,0.9506487155145132,,,1.0,,,1.1230704344158582,,,0.9920937840785168,,0.9844933670021695,,,,,1.0123159894414047,,,0.9059266018293904,,,,,1.0,0.892700596321879,0.953554034022729,,,,,0.9539353591753463,,1.0802451936472555,,0.9655395019981555,1.0,,,,,,,,0.9440297509163388,,,,1.0204112261743958,,,,1.0699297627571303,,0.9871764883941716,,0.9895833333333333,,,0.987125445217789,,,,,1.114942253318637,,,0.9903882183288103,,,,1.0432645034414947,,1.0072987986048314,,,,,0.9948983710304967,,,,,,,0.8447673821505597,1.1065763799870643,,,,1.0553845219875344,,1.121653084982538,0.9357399786123983,,,,,0.9876541386694233,,,,,,,0.9466077880369329,,,1.024664916401824,,,,,,,,1.049458190118857,,,,,0.9055885419027332,,1.0189886901070393,,,,,,,,0.8790397304506528,,0.9842235043451198,,,,,,,0.8599914367851245,,,,0.9028911762338696,,,,,,,,,,,,,,,,,,,,,,,,,,,,1.0211950222267512,,,,,,1.0150350305985034,0.9767508855789339,,,,,,,1.0,,,,,,,,0.9677411739710343,,,1.066833878388116,,,,,,1.0218008623473323,,,,1.0206275421266704,0.9841880003170326,,,,,,,0.979701331171025,,,,,,,,1.0408185673698513,1.1384507312088896,,,,,,,,,1.0858222713864305,,1.0841468375025423,1.0139280755967577,,,,0.9689061632426431,,,,,1.0212964402300637,,,,,1.1184829947385646,,,,,,,,,,,,,,,,,,,0.9786321021833511,1.0911458333333333,,,,,,,,,,,,1.0,0.9974533721921618,,,,,0.9725996342587695,,0.9753374437593734,,,,,,,,,0.9806684286918549,0.7337489373760272,0.8888484407232132,0.9777536625067824,,,,,1.0359531772575252,,,,,,1.037132813447008,,,,1.0555458209216753,0.9885275477633344,,,,,,,1.0292312768063345,,1.0184488255130109,,1.0,,,,,1.046790272224352,,,,,,,,,,,,1.0113218375811965,0.9081755940394683,,0.9961848897790813,,,,,,,,,,,,,,,,,0.9921689928328933,,,0.9860077043997996,,,,,0.9411810807633528,,,,,,,,,,,,0.9541654804730971,0.9279412725728102,,,,,,,,,,,,,,,,,,,,,,,,,,,,,,,,0.9806099065750044,0.9915379201715876,,0.913595183993862,0.9560321114761449,,,0.9935855263157896,,,0.8961813138169155,0.8963735134341506,,0.9593353212774144,,1.0381080811107781,1.100387792504449,,1.2747292628400548,,,1.015878815718044,0.9765449695874907,,,0.8900634797404999,,,1.03601336578524,0.9449694841909737,0.9684226460793217,,,,0.9762116074611809,,,,,0.963326226012793,,0.9609343331982164,0.9757177718193596,1.0938959688364798,1.0612395656349265,1.0123784761474113,,1.0140345753629905,,,,0.9876517695685869,,,,,,1.0823529411764705,,,,,,,1.058701396753492,,0.9363623810930993,,,,,,,1.0573520439292252,0.977491464847305,1.065356648199446,,0.9723522160117772,0.9041235740601004,1.0372340425531916,,,,,1.020618556701031,0.9789489151197532,,,,1.0060287525119802,,,0.962602760635862,,,,,,,,0.9027849852966616,1.1063339731285988,,1.123155869146889,,0.9849507408269335,1.1276562886088461,,,,,,,,,,,,,,0.8947317073170731,,,,,,1.0280509564712228,0.9915557444241868,,,,,,,0.9884379042690814,1.1074391466861155,1.0225098292549815,,,0.9799910567383625,,,,,,,0.9638383055663179,,0.9710852917876948,,,1.349412492269635,,1.209007164790174,1.0387091304581024,,,,0.9522152345958169,,,,,,,,,,,,,,0.9433930912246367,,,,,,,,
13,,,,,,1.0243094046379342,,,,,,,,1.0,,,,,,1.0383154039826048,,,,,,,,,,,,,,0.9430467664763081,,,0.9958649637599182,,,,,,,,,,,,,,,1.0104941860465118,,,0.955555002963276,,,1.0483960115849749,,,0.9475587703435805,,1.0272926561929119,,,,,0.9880005061297942,,,1.0202075244647277,,,,,0.9600054975261132,0.9588483068225905,0.9918685363365406,,,,,0.9441129616220131,,1.0238197118813293,,0.9797012408143597,1.013980738766376,,,,,,,,0.9675139780492856,,,,1.0381199688392626,,,,0.9662163596005382,,0.9629673794949254,,1.0,,,1.0495215885318427,,,,,1.0874985575115492,,,0.9961655053841282,,,,1.0495356037151702,,1.0147473290948417,,,,,0.9655199289199258,,,,,,,1.237544483985765,0.9799994165317765,,,,0.981873190937594,,,1.0,,,,,0.9665838757565377,,,,,,,1.1594135443332558,,,1.0,,,,,,,,1.0616434540389972,,,,,1.0,,1.0128214349074833,,,,,,,,1.0508379558597898,,1.0,,,,,,,1.1362941340005561,,,,1.016000072686304,,,,,,,,,,,,,,,,,,,,,,,,,,,,0.9516127077247548,,,,,,0.9637582348978955,0.9662865744272842,,,,,,,0.9206441922563418,,,,,,,,1.0,,,1.018560600714195,,,,,,0.9532448838251469,,,,1.0210619994067043,0.988831850777852,,,,,,,1.0237413356576601,,,,,,,,1.0,1.0156310805551954,,,,,,,,,1.0894847845736668,,1.00323905225841,1.0046794150731158,,,,1.0320916905444124,,,,,0.940016073646526,,,,,0.9768471271010342,,,,,,,,,,,,,,,,,,,1.0588274483677549,1.0,,,,,,,,,,,,1.0,1.039686448091864,,,,,0.9690255118479248,,1.088518048249592,,,,,,,,,0.9930199770899157,1.0,1.3696194116669436,0.9782377919320595,,,,,1.1016272643536995,,,,,,1.0233625537545483,,,,0.990798611111111,0.9732126778318027,,,,,,,1.0182758852381912,,1.0074320563955106,,1.1282029245294602,,,,,1.0621018645103117,,,,,,,,,,,,0.9851455886510241,0.9892430278884463,,1.0355717886722569,,,,,,,,,,,,,,,,,0.9973914570217461,,,0.9597300971517624,,,,,0.9272555503070382,,,,,,,,,,,,1.1059938172658574,1.0571316722700685,,,,,,,,,,,,,,,,,,,,,,,,,,,,,,,,0.9700199487033344,0.9672128490624139,,0.9101090401246172,1.0167632541053315,,,0.9842965841023151,,,1.1226849551071796,1.0,,1.0423883889404157,,1.0659828210406759,1.0175542912742066,,1.0,,,0.9473736264823112,0.9688927174775069,,,0.9687500412949727,,,1.0091166430771794,1.0115141087405368,1.0526315789473686,,,,1.072068115835956,,,,,1.0717550274223036,,1.0491872998152654,1.0048740615161056,0.9770601911650736,1.0208129100369505,1.0802295762608378,,1.0142356545580753,,,,1.082418734708144,,,,,,1.0,,,,,,,0.9597826086956522,,1.034485299837461,,,,,,,0.8664552071896221,0.9841822139472269,0.9870973254721012,,1.049543381863404,1.0209825070243814,1.009847806624888,,,,,1.0210526315789474,1.0125370706499637,,,,1.0733366517338643,,,1.0,,,,,,,,1.0,1.0445068163592621,,1.0518300763837016,,1.023095238095238,1.0129370355885803,,,,,,,,,,,,,,0.9499536607970344,,,,,,0.9727144298688194,0.901138946536219,,,,,,,1.1197827071072883,0.9797686570497075,0.9826203062240756,,,1.0417487629831053,,,,,,,1.0474837662337662,,0.9611152402878742,,,1.0319081046585834,,0.9900506678949793,0.9967839610412941,,,,0.9482235883348129,,,,,,,,,,,,,,1.08480041659156,,,,,,,,
14,,,,,,0.9733732970027248,,,,,,,,1.0,,,,,,0.9471881368425616,,,,,,,,,,,,,,1.1412717984851155,,,1.0431084996256388,,,,,,,,,,,,,,,0.9896147981933775,,,0.9968354038165196,,,1.0548274253731342,,,0.9853006681514477,,0.9777793655330095,,,,,1.1160747208950188,,,1.031258780556336,,,,,1.5624910522548316,1.0253160960363688,1.069566426684068,,,,,0.9757510668965321,,1.0382052421146157,,0.9308401782960949,1.102122824520563,,,,,,,,1.0127936241610738,,,,1.0042506584608966,,,,1.112781422236076,,1.0872396208476187,,1.0157752981916122,,,1.0724952184787406,,,,,0.9876540032574607,,,0.9942867425435242,,,,1.009375,,1.014968068121341,,,,,1.0099494655310843,,,,,,,0.9441977679107164,1.0368665769892684,,,,1.0060791779544753,,,1.0525495992268774,,,,,1.0169993467373157,,,,,,,1.046262478694911,,,1.0125218607904862,,,,,,,,1.1032575291948372,,,,,0.9769521996147629,,1.090910517478567,,,,,,,,1.039663793367895,,1.0214956470703316,,,,,,,1.0,,,,1.040214730594384,,,,,,,,,,,,,,,,,,,,,,,,,,,,1.042008209662141,,,,,,0.9857168304966721,1.0229923850908094,,,,,,,1.105280147567443,,,,,,,,1.0,,,1.1625834823846015,,,,,,0.9697721276717164,,,,1.1176438083660274,1.0112942854878337,,,,,,,1.081859003143242,,,,,,,,1.0,0.91430943485738,,,,,,,,,1.6041565973900436,,0.9903513424768255,0.9771807949349279,,,,0.9974278365247213,,,,,1.0376800606520091,,,,,1.1191704853513877,,,,,,,,,,,,,,,,,,,0.95464027678844,1.0,,,,,,,,,,,,1.0,1.0677971344435921,,,,,0.9826162037703267,,1.0302747150065408,,,,,,,,,1.0123677050611377,1.0908809891808346,0.9583499243449869,0.9640527056415504,,,,,0.9218794225870366,,,,,,1.033990337338065,,,,1.0331838565022422,0.9275483359084645,,,,,,,1.0162512803004438,,0.9212364615154558,,1.1097501158132816,,,,,0.9877320002298454,,,,,,,,,,,,1.0037144994454046,1.0,,0.9199994699318862,,,,,,,,,,,,,,,,,1.002615365270967,,,1.006759801712483,,,,,1.145848946623366,,,,,,,,,,,,0.9730934209793327,0.9813120014462297,,,,,,,,,,,,,,,,,,,,,,,,,,,,,,,,1.0988288344710966,0.991865867185365,,0.98887206862667,1.030222286452359,,,0.9635753841354028,,,1.1013683634373288,0.9747545582047686,,0.7919363163536745,,1.0368380377580688,1.1287045652140753,,1.0167600239112626,,,1.1083231937913116,0.9565251510633289,,,0.9696970085271384,,,1.1308727991714527,1.009693895278135,1.0027763019657816,,,,1.0146210652254632,,,,,0.9330490405117271,,1.0860553398478658,0.9490863119181702,1.0139524325079454,0.9230822775998886,1.119863247863248,,1.0603765185282292,,,,1.0321812540587345,,,,,,1.0119047619047619,,,,,,,1.1589334453075792,,0.966664292046606,,,,,,,0.9938568484015682,0.9905953584410556,1.0,,1.0544811508199328,0.9794487105508455,1.0285451197053406,,,,,0.945273631840796,1.0041932270916334,,,,1.0434556786703602,,,0.9944270968861133,,,,,,,,1.0,0.8653712699514227,,1.0842564531298984,,1.0483837417314974,1.0043205027494109,,,,,,,,,,,,,,,,,,,,0.9321970124543777,1.0115459589143798,,,,,,,0.9903609056265411,0.99193727019005,1.09137492385423,,,1.0076654081891625,,,,,,,0.9782953943885654,,0.9375084976206661,,,1.1883215369059656,,1.0864778300470423,0.9841761918204793,,,,1.0692039043610637,,,,,,,,,,,,,,0.9913038298886176,,,,,,,,
15,,,,,,1.0,,,,,,,,0.9255162918770079,,,,,,1.1018058475062107,,,,,,,,,,,,,,1.1096559812353401,,,1.0740721316060908,,,,,,,,,,,,,,,1.0026102882854302,,,0.9753083435073595,,,1.0095350206003533,,,1.0382531712473573,,0.969822956726605,,,,,1.0370355303517236,,,1.0105293045926698,,,,,0.9411843966853063,1.1232207825365417,0.9426231987818774,,,,,1.0576928825516396,,1.0495803543674231,,1.074298277315986,0.9317771006558903,,,,,,,,0.9546262231899291,,,,0.9670886714415414,,,,1.0813003978204139,,0.9430384045862711,,0.9141751670770314,,,1.050743961352657,,,,,0.9529433610583625,,,1.082473536519299,,,,1.0896708286038592,,0.9925387916804226,,,,,1.1754441154700221,,,,,,,1.0448247758761207,1.061125109363883,,,,1.0092023763607898,,,0.992753704978724,,,,,1.0430325696894447,,,,,,,1.0485065100842483,,,1.0,,,,,,,,1.0205745828628778,,,,,0.7832925792969496,,1.0833338055544537,,,,,,,,1.0707505337493841,,1.1071341545959117,,,,,,,0.9565853334219799,,,,1.0374150660352384,,,,,,,,,,,,,,,,,,,,,,,,,,,,0.9834792870008074,,,,,,1.0769271014998254,1.048189707589409,,,,,,,1.2127397796543817,,,,,,,,0.9489890786894427,,,1.1031842291051936,,,,,,1.0231990944942013,,,,1.0571912606612923,1.0,,,,,,,1.0171426831496255,,,,,,,,1.0,0.9090566037735849,,,,,,,,,1.1520044543429844,,1.0471593313584426,1.0735391296138959,,,,0.9714047751249306,,,,,1.0192411714705198,,,,,1.169703505778579,,,,,,,,,,,,,,,,,,,1.008725107780743,1.1002865329512894,,,,,,,,,,,,1.0,1.0260830926460787,,,,,1.02678901251533,,0.9354895104895106,,,,,,,,,0.9560828510508681,0.9428737977266103,0.9411632438914705,1.0151948051948052,,,,,1.1098429319371728,,,,,,1.0278620083498133,,,,1.0394009073395065,1.0685854529228023,,,,,,,1.023839485458613,,1.0895527599008459,,1.1031383394456804,,,,,0.9261348517907508,,,,,,,,,,,,1.0592944776894282,1.0108739428111155,,0.964913178017032,,,,,,,,,,,,,,,,,0.9671699728564895,,,1.0206991720331187,,,,,1.09093386627907,,,,,,,,,,,,1.027650561025876,1.0190438907566894,,,,,,,,,,,,,,,,,,,,,,,,,,,,,,,,0.9597090879948711,1.0,,1.0909169926119078,0.9586122102638255,,,1.0248601119104717,,,1.1127804283829053,0.975376196990424,,1.079712785339192,,1.0,1.0744710490519036,,0.9728256967678015,,,1.0256447732331977,1.0022940891155303,,,0.9166666107327367,,,1.052052894854143,1.0217840482259635,1.0236977484072005,,,,1.0710813772624435,,,,,1.0649409627611264,,1.053126805095309,1.0640496499434406,1.074993899119596,1.0833270492421387,1.0595522712453813,,1.1777777062954158,,,,0.9255252367405271,,,,,,1.024390243902439,,,,,,,1.1381123058542415,,0.9734548656519375,,,,,,,0.9614159154491762,1.0562869898104077,1.1397545773276196,,1.0075135791594934,1.097743994542708,0.985480943738657,,,,,1.046875,1.109404523806893,,,,1.0908404154863078,,,0.9871564346262522,,,,,,,,1.0746351891439725,0.967438737831487,,1.0,,0.9393856495232139,1.0043550983052987,,,,,,,,,,,,,,,,,,,,1.06308,0.9386237552925724,,,,,,,0.9968269574544154,1.1216397515527952,0.9914498537474984,,,0.9812260063556988,,,,,,,0.9416749750747758,,1.0105104073641547,,,1.092515879591273,,1.0277749202756918,1.039477551284089,,,,1.0783537409710688,,,,,,,,,,,,,,1.0147067711586115,,,,,,,,
16,,,,,,1.1009779804403912,,,,,,,,1.1463594276094276,,,,,,1.1000052551368962,,,,,,,,,,,,,,1.1600907029478458,,,1.173907689781846,,,,,,,,,,,,,,,1.142845370339849,,,1.1348529882482052,,,1.227175546053392,,,0.922308207909329,,1.1428627994456544,,,,,1.1134070115046653,,,1.085698872248054,,,,,1.0624910522548316,1.1283399351818508,1.1090868422524185,,,,,1.1063780530153955,,1.1397697077059346,,1.0207193359975406,1.1184727356746764,,,,,,,,1.116959718223241,,,,1.1198282922420855,,,,1.0165288398145698,,0.9813622365316162,,0.985954569100052,,,1.0648586361578667,,,,,1.0,,,1.0,,,,1.0463182897862233,,1.0228270412642668,,,,,1.0490759434694827,,,,,,,1.053845137420719,1.15211272971975,,,,1.0653593799954377,,,1.1761340254085413,,,,,1.0911509103525758,,,,,,,1.2407348748812164,,,1.0525734481996907,,,,,,,,1.1646697837521918,,,,,1.0547659551116721,,1.0393669715584821,,,,,,,,1.145927431496537,,1.005992101320986,,,,,,,1.1500114687667253,,,,1.0758544303797468,,,,,,,,,,,,,,,,,,,,,,,,,,,,1.1469092359637,,,,,,0.9219835348597891,1.0641013575512317,,,,,,,1.1190312284873898,,,,,,,,0.8909058249423694,,,1.0588246569040864,,,,,,1.0837974141288262,,,,1.0,1.0,,,,,,,1.1470182484938443,,,,,,,,1.0,1.2419657204070702,,,,,,,,,1.0900262998179244,,1.095915823647062,1.1026908863790141,,,,0.9064200559906892,,,,,1.181826484018265,,,,,0.9939682895221029,,,,,,,,,,,,,,,,,,,1.2472753460830601,1.1114649681528663,,,,,,,,,,,,1.0,1.0177008301301722,,,,,1.1914755021918628,,1.1835298986136975,,,,,,,,,1.090234053292952,1.0,1.0625149319104883,1.130524152106886,,,,,1.193153423288356,,,,,,1.1061688785183024,,,,1.0252962915763986,1.0660260679288365,,,,,,,1.0120277345408235,,1.1166601689408708,,1.0372125652817834,,,,,1.1428658314073714,,,,,,,,,,,,1.1096388829932384,1.0,,1.0,,,,,,,,,,,,,,,,,1.1314297665305404,,,1.0283641969901365,,,,,0.977750144335391,,,,,,,,,,,,1.074259709111036,1.0,,,,,,,,,,,,,,,,,,,,,,,,,,,,,,,,1.1439572780820975,1.042377425516941,,1.187061494015683,1.1223155112432703,,,1.1065900044228218,,,1.063983755643402,0.9759413655931558,,1.1695034216529216,,1.0734588263179725,1.1604823218395177,,1.07602456641817,,,1.0353995692916593,1.1783706129510627,,,1.3090910848251707,,,1.0786943049471096,1.2139341648206727,1.1492365461526532,,,,1.126193106605755,,,,,1.116066903193107,,1.2075478624791205,1.0683978441940227,1.0752694683299018,0.9230822775998886,1.1052125870766274,,1.086957813895838,,,,1.1809119729972712,,,,,,1.0314465408805031,,,,,,,1.0932601880877741,,1.137583222629543,,,,,,,1.0597488161416513,1.1310895109118124,1.0461538461538462,,1.1465579238902577,1.136756397474244,1.2608695652173914,,,,,1.2467532467532467,1.1281491915880277,,,,1.0658212560386473,,,1.085661166627934,,,,,,,,1.135514511873351,1.194466720128308,,1.2447479674796749,,1.178573073557183,0.2818614042812476,,,,,,,,,,,,,,,,,,,,1.1562297659790954,1.1638614739888338,,,,,,,1.1722548197820621,1.1268828041883643,0.9915339814945282,,,1.146221077094069,,,,,,,1.078639602097056,,1.0857153511961366,,,1.4403341288782818,,1.2080578615101654,1.1782899367196518,,,,1.1551658746625615,,,,,,,,,,,,,,1.1333252151941122,,,,,,,,
17,,,,,,1.003262544543966,,,,,,,,1.0249939335112837,,,,,,0.9379436119873817,,,,,,,,,,,,,,0.9963849977406236,,,0.8325843656557027,,,,,,,,,,,,,,,1.049995673617721,,,0.8651499147469904,,,0.9906975412886053,,,1.0290963817645953,,0.978307185744722,,,,,1.005181158430537,,,1.067077850877193,,,,,0.9696675227320053,0.8060333984790727,0.9217851178326221,,,,,1.0,,0.9638039952193955,,0.9731362929280843,1.0184128478145775,,,,,,,,1.005876729276797,,,,1.0585333771785597,,,,0.9453127683693451,,0.9877403213062945,,0.9342297100275393,,,0.9736736656515467,,,,,1.0,,,0.9877822204852238,,,,1.0,,0.9850319318786589,,,,,1.0187485167312713,,,,,,,,0.9149481655707836,,,,1.0132451132145208,,,0.9659793285630016,,,,,0.9050075509502236,,,,,,,0.943232745742456,,,0.915717079091093,,,,,,,,1.0152043313802566,,,,,1.0,,0.9921869521516562,,,,,,,,0.9250052224775434,,0.9709366901147723,,,,,,,0.9755351681957187,,,,0.9817628235001707,,,,,,,,,,,,,,,,,,,,,,,,,,,,0.9678989534065995,,,,,,1.0,0.9750071686643345,,,,,,,0.9767711962833913,,,,,,,,0.9322101698699462,,,1.0084663857424516,,,,,,0.93717466183079,,,,1.0049903129219748,0.9779483005852033,,,,,,,1.003751029780372,,,,,,,,1.0425407091549095,0.9393710691823899,,,,,,,,,0.9336985266339252,,0.967876781506004,0.9892899438751868,,,,0.9899574945116539,,,,,1.047646383467279,,,,,0.976472058616757,,,,,,,,,,,,,,,,,,,0.983953766691862,1.0,,,,,,,,,,,,1.0,0.9224530415713196,,,,,0.954317876344086,,0.9761664310240357,,,,,,,,,0.939451418873387,1.3461236660389204,0.8888652934097827,1.041278092034857,,,,,1.0357142857142856,,,,,,0.9897993552422654,,,,1.0258857366976075,0.9464253556636052,,,,,,,1.0,,1.085974766434277,,0.9641225275055613,,,,,1.0694331522976357,,,,,,,,,,,,0.9743567018228014,0.9251117734724292,,0.9531770711815774,,,,,,,,,,,,,,,,,0.9831447602660043,,,1.0367632367632367,,,,,0.9574368568755847,,,,,,,,,,,,0.9181795081735792,0.9375013492800243,,,,,,,,,,,,,,,,,,,,,,,,,,,,,,,,1.0375240767602787,0.9593454112881187,,0.9788580662537032,0.9641712733064743,,,0.9208275637370693,,,0.9398639732006903,1.0,,0.9364993661674257,,0.9833158528532029,1.0,,1.1400024659174974,,,0.9416620079581702,0.9893025246041933,,,1.0,,,1.0229533282325938,0.9563285661294976,1.01101370774238,,,,1.0759123618607043,,,,,0.978670634920635,,1.027130467571644,1.010662881288789,1.0163920973267957,0.9454425797959854,1.0654325200477734,,1.0391564131025202,,,,1.0,,,,,,1.0127388535031847,,,,,,,0.9146953405017921,,0.9312465109909169,,,,,,,0.9906583992820429,1.047060089734362,1.0,,0.987235263905254,1.0733650416171223,0.9387755102040816,,,,,0.88,0.9587202562355837,,,,0.981042654028436,,,1.0524127473280016,,,,,,,,0.8309945623574811,0.9000360880548539,,0.9407985314364387,,0.973936838327651,0.9714284479853448,,,,,,,,,,,,,,,,,,,,0.9796121783254803,0.926072941027748,,,,,,,0.9962941698418499,0.9336574654956086,0.9849762326081677,,,1.054400660531888,,,,,,,0.9937216136788672,,0.9067408321639305,,,1.1569259088817303,,0.9312563651513749,1.0078151353004818,,,,0.93927201860816,,,,,,,,,,,,,,1.0452986897270464,,,,,,,,
18,,,,,,0.9415445302138945,,,,,,,,1.038965768390386,,,,,,1.046528422572991,,,,,,,,,,,,,,0.9419025324537136,,,0.9735668895764714,,,,,,,,,,,,,,,0.9609692010909333,,,0.9388328888822861,,,0.8724870763928776,,,1.007327395616196,,1.0121941656210791,,,,,1.018464249281276,,,0.8912995675437952,,,,,1.0,0.8467178399102148,1.0257923289235746,,,,,1.00714476050896,,0.9947350543478262,,0.9834946600370709,1.002033658522208,,,,,,,,1.0220421300686842,,,,0.8367352043623993,,,,1.0,,0.9261314438333109,,0.9913280873614903,,,1.0160410390033385,,,,,1.0,,,0.9722782464324757,,,,1.0551378446115287,,1.0388389771941948,,,,,0.9638581776591689,,,,,,,,0.997429513601795,,,,0.9263803793213317,,,0.9286335218815124,,,,,0.9195391236199146,,,,,,,0.9167351410572446,,,1.024664916401824,,,,,,,,0.9676331276015503,,,,,0.8695700583753518,,1.0078745722581823,,,,,,,,0.9389649874137763,,1.011772890244555,,,,,,,1.1388888888888888,,,,1.0138595772828929,,,,,,,,,,,,,,,,,,,,,,,,,,,,0.9645930596012395,,,,,,0.9527106726512355,1.025633484695198,,,,,,,0.9772401433691759,,,,,,,,1.0442292186786606,,,1.0825730308864152,,,,,,1.0914237629086707,,,,0.9876493099849242,0.9783869866909339,,,,,,,0.9499950044959536,,,,,,,,1.0444464371114297,0.9166906889593543,,,,,,,,,0.9912001497846844,,0.9210335917312661,0.9589670156033973,,,,1.3413319967420587,,,,,0.9332976158585589,,,,,0.9604615569293559,,,,,,,,,,,,,,,,,,,0.8862589667010914,1.0,,,,,,,,,,,,1.0,0.9799980144014295,,,,,0.9336470588235295,,0.9652953792162215,,,,,,,,,0.9730609271121095,0.9629741574731752,1.1250298638209764,0.91636312692631,,,,,0.8484848484848484,,,,,,1.0068307334560604,,,,0.9846807415036045,1.0322520680360627,,,,,,,0.9326294952161004,,0.8983809415135724,,1.0229397293972937,,,,,0.832370098669518,,,,,,,,,,,,0.9629871977240397,1.0,,1.0067345379076307,,,,,,,,,,,,,,,,,1.0028162135764285,,,0.7597775385719411,,,,,0.903877935354933,,,,,,,,,,,,0.8301911853177177,0.933326616965545,,,,,,,,,,,,,,,,,,,,,,,,,,,,,,,,0.9577307613473319,0.9839921542574226,,0.8452563883671959,0.9254072988650257,,,0.9875321750321749,,,0.9109487701128167,1.0,,1.0079981069569333,,0.9890122555611048,1.0062196195506565,,1.0067115284020889,,,0.9230699180410807,0.9055757760278997,,,0.8730158395316125,,,0.9942944085203499,0.9931478813281812,0.9557901907356949,,,,0.9182300884955752,,,,,0.9398601398601398,,0.9590973201692524,0.9399863464283499,0.9945724254728724,1.0577056939997216,0.9771590530176725,,1.021538341625638,,,,0.9476130690819956,,,,,,0.9751552795031055,,,,,,,0.9400269541778975,,0.9756160040491042,,,,,,,0.9876712328767123,0.9409579147915361,0.9923162470933171,,0.9108395938248163,0.8861959957850368,0.8943323727185399,,,,,1.0294117647058825,0.9631424460431655,,,,1.0822825390040607,,,0.969506556327508,,,,,,,,0.9595220062273837,0.8402061855670103,,,,0.9426191382299464,0.979019855000127,,,,,,,,,,,,,,,,,,,,1.0651995560059841,0.8954708565865587,,,,,,,0.9745167853509664,0.9813760197014006,0.9803505827928704,,,0.9018769937353472,,,,,,,0.9552124537450555,,1.0842713107241064,,,0.932618025751073,,1.019106477331698,0.9110314072006321,,,,0.953676132616559,,,,,,,,,,,,,,0.9534859024053524,,,,,,,,
19,,,,,,1.0317400914545007,,,,,,,,1.0131403434085426,,,,,,0.9923218673218672,,,,,,,,,,,,,,0.9670714138711669,,,0.9912686437952953,,,,,,,,,,,,,,,0.9910670138774433,,,0.9901407363005511,,,1.0577994980847973,,,1.0,,0.9879527406546581,,,,,1.002650053465991,,,1.0984996913497411,,,,,1.0,0.968194544690234,1.0738473767885532,,,,,1.0606044548071998,,1.0156977747110574,,1.139117903344728,1.0295554544075256,,,,,,,,1.0374312418943696,,,,1.0251032077745583,,,,1.0847453115933927,,1.0999959754772413,,0.9786264340719786,,,1.0389137974790628,,,,,1.0,,,1.0039734710646788,,,,1.0458715596330275,,1.0,,,,,1.0506288552431307,,,,,,,,0.9974355953442897,,,,1.0155765574273792,,,1.0,,,,,0.9602593047358762,,,,,,,0.9143501126972201,,,0.9529264599381131,,,,,,,,1.0592170277461042,,,,,1.006242097344708,,1.0495904552900814,,,,,,,,0.9815807207265025,,1.0058942268873639,,,,,,,1.0,,,,0.998469393103882,,,,,,,,,,,,,,,,,,,,,,,,,,,,1.0917922802125992,,,,,,1.0136962901998539,0.9629679977343528,,,,,,,1.0,,,,,,,,1.0,,,1.028295999827857,,,,,,1.0510521826051005,,,,0.9529756313201082,0.9788442267008128,,,,,,,1.0556161012480225,,,,,,,,1.0,0.9350404312668462,,,,,,,,,0.9785635764016123,,0.9074708061717395,1.0156469408224673,,,,1.0705135370788528,,,,,1.0227397260273974,,,,,1.195944369672499,,,,,,,,,,,,,,,,,,,1.0549919757358028,1.0,,,,,,,,,,,,1.0,1.0474888358720256,,,,,1.0144327928329329,,1.0235481939732587,,,,,,,,,1.0550640898346668,1.0384494664155681,1.1162770024002133,0.9902885682574917,,,,,0.9705882352941176,,,,,,1.0068777132822788,,,,1.0710789382971388,1.066356112790525,,,,,,,1.0229497131285858,,0.9839937122610909,,1.0,,,,,1.0613543641900822,,,,,,,,,,,,1.0799766491535319,1.1761612620508326,,0.951922643728986,,,,,,,,,,,,,,,,,1.0171933213743618,,,1.0783196178514562,,,,,1.0612203279223427,,,,,,,,,,,,1.0772293060640492,1.1428637221940774,,,,,,,,,,,,,,,,,,,,,,,,,,,,,,,,0.9840433876425897,1.1061942257217847,,1.0243689150585904,0.9627610731756182,,,0.9785894206549118,,,1.0069088809847484,1.0246517211535775,,1.0869621132230767,,1.0282655500029627,1.059209859526078,,1.1119315437167898,,,1.0236359116708786,0.9975840075102853,,,0.926470590848125,,,1.0294232813111819,0.9977211653911183,1.074660081404769,,,,1.0641971433056037,,,,,0.9803473491773308,,1.0306576961067522,1.0471146347803484,1.0176921319849659,0.9629977208741118,1.0478686233403214,,1.0655733814784858,,,,1.088097058010376,,,,,,1.0,,,,,,,1.0869140625,,1.078958511051165,,,,,,,1.0252385476475692,1.0627467863124829,1.0077432501273562,,1.053075418387307,1.0336001742634646,1.1278439869989165,,,,,1.069182389937107,1.071723763585448,,,,1.0,,,0.9962910465390976,,,,,,,,0.9249630263874834,1.0085626911314984,,,,1.0,1.0658401334475451,,,,,,,,,,,,,,,,,,,,1.0952481632221576,1.19583874810483,,,,,,,1.045633443250718,1.0336762834111157,1.0391158867053112,,,1.0770373091659833,,,,,,,1.0668390961067247,,1.0171356118662713,,,,,1.0194786456329357,1.0912607576683124,,,,1.1068371341989427,,,,,,,,,,,,,,1.0220725051169135,,,,,,,,
20,,,,,,1.057051377144835,,,,,,,,1.0857239700489938,,,,,,0.9904684648144393,,,,,,,,,,,,,,0.9836032388663967,,,1.0315274706582753,,,,,,,,,,,,,,,1.0120429677074994,,,0.9957923801432568,,,0.9729361570885164,,,1.0,,1.061384754543212,,,,,1.145448348581836,,,1.0151762846711352,,,,,1.0,1.0035500226851226,1.0726074617230417,,,,,1.023262119076022,,1.0053763440860215,,1.0472413308999018,0.9957998428718196,,,,,,,,1.059461764427177,,,,1.0717544245355612,,,,1.0727268574300055,,1.1111227045075127,,0.9671682626538989,,,1.0169476944253268,,,,,1.0,,,0.9862750432703717,,,,1.0173333333333334,,1.0,,,,,0.9693275353315732,,,,,,,,1.0025709977342698,,,,1.150537442871701,,,0.9771011018931152,,,,,1.1410729620199769,,,,,,,0.9905730587943439,,,1.0,,,,,,,,1.0559056066139583,,,,,1.0041949275129383,,1.0,,,,,,,,1.0534090524963662,,1.1045872105122336,,,,,,,1.1612903225806452,,,,1.0743715083798882,,,,,,,,,,,,,,,,,,,,,,,,,,,,0.9718309859154928,,,,,,0.9864887636146389,1.1156962121307872,,,,,,,1.0232899321474416,,,,,,,,1.0463078721349799,,,0.9814783526927138,,,,,,0.9940330652461166,,,,0.9770015656211197,0.9459990871107054,,,,,,,1.1239306952209733,,,,,,,,1.0,0.9747254479533394,,,,,,,,,0.9510367659871058,,1.1551859576888697,1.090928985665828,,,,1.0245315864217326,,,,,0.9777658719528529,,,,,0.9548328507050943,,,,,,,,,,,,,,,,,,,1.1299494243694683,1.1241050119331741,,,,,,,,,,,,1.0,1.185424220449601,,,,,0.9719592922543925,,1.0695837780149413,,,,,,,,,1.044521762403399,1.0399869430390076,0.9148503578399481,1.0493521618867376,,,,,0.9714285714285714,,,,,,1.0,,,,1.057755414570116,0.9975776151868695,,,,,,,1.01160805735746,,1.1312201868525784,,1.013952763270715,,,,,1.0830506892367053,,,,,,,,,,,,0.9574618303768422,0.7173844702923609,,1.0612258269010444,,,,,,,,,,,,,,,,,1.0449108358133203,,,0.8258652049945925,,,,,1.0652126688969024,,,,,,,,,,,,1.046809747845853,1.0,,,,,,,,,,,,,,,,,,,,,,,,,,,,,,,,1.0502518476674672,1.0272864538395168,,1.0933486311629537,1.0666749772941784,,,0.9761044948136766,,,1.0139730735096961,1.0,,1.017694945423134,,1.0,1.0,,0.9781114100301812,,,1.0160059772485714,1.0534322280395578,,,0.9742523860241482,,,1.0,1.0629536377843374,0.9899221210891452,,,,1.0702286827782381,,,,,0.9275116574819839,,1.0275575472059442,1.049444179226625,1.2696617364022251,1.1020166949841175,0.9952186386160132,,1.082840477424273,,,,0.9368895796193871,,,,,,0.9698795180722891,,,,,,,1.0,,1.0410688159474568,,,,,,,1.0,1.1233432574166151,0.9219425136201389,,1.1136301292498347,1.122638625664853,0.9456967213114754,,,,,1.096551724137931,1.0052207341269843,,,,1.0297095070422537,,,1.0953551559063266,,,,,,,,0.9411721611721611,0.9752460483149418,,,,1.0082711575357068,0.9913783470919241,,,,,,,,,,,,,,,,,,,,1.0,1.0666666666666667,,,,,,,0.9494521032166843,0.928592534226337,1.0370460876789993,,,1.0413381000746262,,,,,,,0.9874983196666218,,1.0606138512043666,,,,,1.0476142490048874,1.0864976246380988,,,,1.0400046008741661,,,,,,,,,,,,,,1.0827254488831435,,,,,,,,
21,,,,,,0.9430390076709645,,,,,,,,0.958899657250916,,,,,,1.0096232596232595,,,,,,,,,,,,,,1.1161319475824674,,,0.9249964598706673,,,,,,,,,,,,,,,0.86459670324916,,,0.9780518903740635,,,1.0147883466784904,,,1.0224102299147506,,0.9750641436818474,,,,,0.9116056431019584,,,0.9321853093569034,,,,,0.9167090862814966,0.8650325334802216,0.8657127190670013,,,,,0.871618747538401,,1.0187279151943462,,0.9621125143513203,0.915387381406799,,,,,,,,0.9303398521870729,,,,0.891993920674609,,,,0.8661423943418157,,0.8943993387460171,,1.0124653739612188,,,1.0,,,,,1.0240934027491237,,,0.9139780963970161,,,,1.0245901639344261,,1.054126903183507,,,,,0.9819290888295844,,,,,,,,1.0209972424119342,,,,0.9029125565566922,,,0.9369943961099846,,,,,1.0738877204335866,,,,,,,1.1156933296429559,,,0.9140089060055363,,,,,,,,0.9296694276546527,,,,,1.0413925851535695,,0.975804700318502,,,,,,,,0.8803416259969051,,1.0199830189823518,,,,,,,0.8857142857142858,,,,0.9467970524564642,,,,,,,,,,,,,,,,,,,,,,,,,,,,0.9638052748269155,,,,,,1.0136962901998539,1.0341938435396378,,,,,,,0.8600042056566083,,,,,,,,0.9152603866262303,,,1.0285875657122996,,,,,,0.9436581690009475,,,,1.0046100444733703,1.008069939475454,,,,,,,0.9652364607170099,,,,,,,,1.0714320026901092,0.9404526586281873,,,,,,,,,0.9246012566457226,,0.8381464832220861,0.9513350335710196,,,,0.9729669497002518,,,,,0.9574249807642986,,,,,0.96875985591687,,,,,,,,,,,,,,,,,,,0.8550699897575963,0.8895966029723992,,,,,,,,,,,,1.4000384098329173,0.8459396125486155,,,,,0.9816442723753133,,0.8340751290724585,,,,,,,,,0.9309169957519965,0.7895109851169383,0.9216009593764053,0.8709268416381387,,,,,0.9562462878637893,,,,,,1.0025919405320813,,,,1.0421796625626996,0.9737171464330413,,,,,,,1.023839485458613,,0.8403064370760401,,0.9227504855067251,,,,,0.8699430180149696,,,,,,,,,,,,0.9475664826894129,1.00856055802156,,1.1620536035804312,,,,,,,,,,,,,,,,,0.9051462220319695,,,0.8410042273464873,,,,,0.9583229244733117,,,,,,,,,,,,0.8545486030070546,0.9545434562799491,,,,,,,,,,,,,,,,,,,,,,,,,,,,,,,,0.8761987254841304,0.956517253829886,,0.8720920536979905,0.9049929087158328,,,0.9626479289940829,,,1.0,1.0628152631891283,,0.9741190269774084,,1.0925826013768694,0.8941187131853194,,0.9072831459691176,,,1.0,0.8397449989008573,,,0.8536584609001104,,,1.015507839127471,0.9429235706333093,0.9612460700403561,,,,0.9122523829469877,,,,,0.924373040752351,,0.9136688129899216,0.8387244387244387,0.9888932342588973,0.8596558074553884,1.0096550513473186,,0.9825582373931192,,,,0.9493028234205045,,,,,,0.9764705882352941,,,,,,,0.9893719806763286,,0.9765985172961889,,,,,,,0.8879800462164839,0.8867224143014124,0.9792126563649743,,0.8461517456069688,0.8479962673026076,0.9448209099709585,,,,,0.8146067415730338,1.0052481332352685,,,,0.9917066783064163,,,0.9859927539929582,,,,,,,,0.9239204007039394,0.9236914600550965,,,,0.8962895028468798,0.9237778695293147,,,,,,,,,,,,,,,,,,,,0.9655014034192397,0.8999999999999999,,,,,,,0.9551900443758442,0.8648579581753908,0.9964813168884614,,,0.8934029089876309,,,,,,,0.8858061443200762,,0.8730166951537439,,,,,0.9505268199233717,0.8977292747850899,,,,0.9493546484963638,,,,,,,,,,,,,,0.8831173644881984,,,,,,,,
22,,,,,,1.0748314663057916,,,,,,,,0.9733398521756637,,,,,,1.0195710036010646,,,,,,,,,,,,,,1.0184077312471238,,,0.9958556285891118,,,,,,,,,,,,,,,1.0267264866145462,,,1.0384619676191964,,,1.1452937837918573,,,1.0229915433403807,,0.9876856068105325,,,,,1.1036540934419203,,,0.9315950121855997,,,,,0.9290063249985221,0.978975962899551,1.0385710530926933,,,,,0.9673265365214344,,1.0360607724693391,,0.963495575221239,1.0317342541594132,,,,,,,,0.9402622162662504,,,,0.9433883724157069,,,,1.233008287747672,,0.9526646006909164,,1.0526486311355905,,,1.0114422449423537,,,,,1.0375009771695958,,,0.9876111003704652,,,,1.0309859154929577,,1.0251680358476474,,,,,1.057320219284102,,,,,,,,1.0106097450949252,,,,0.9809523839575556,,,1.0098983737599507,,,,,1.6379584481662075,,,,,,,1.1444409249287297,,,0.9587492067155138,,,,,,,,0.9909050576752441,,,,,1.0825330675847074,,1.0333358266636747,,,,,,,,1.012961958160005,,1.0135226504394863,,,,,,,1.0,,,,0.9696509078876618,,,,,,,,,,,,,,,,,,,,,,,,,,,,1.0,,,,,,0.9864887636146389,19.054794520547947,,,,,,,1.0869714285714285,,,,,,,,1.092585251816842,,,1.071430233911323,,,,,,1.085628557419685,,,,1.018842902138476,1.0376831821353802,,,,,,,0.9858996051889453,,,,,,,,,0.8842086865332518,,,,,,,,,1.0949020991356502,,1.0613493975903614,1.0882469555366752,,,,0.9858941401357855,,,,,,,,,,0.9580782137120502,,,,,,,,,,,,,,,,,,,1.0048601978386416,1.0,,,,,,,,,,,,,1.1939793451988574,,,,,0.9909130572146414,,0.9621445700582391,,,,,,,,,1.0193655711891094,0.9267928584224041,0.9807409585416055,1.083676834295136,,,,,0.9892283587935763,,,,,,1.0282610882027559,,,,1.0375335120643432,0.9721559268098648,,,,,,,1.0,,1.0395226706772849,,1.0,,,,,0.9942538016417709,,,,,,,,,,,,1.046438364156117,1.3426990208599403,,1.054166558207738,,,,,,,,,,,,,,,,,1.0027167227634148,,,0.9484090418962104,,,,,0.923094661593451,,,,,,,,,,,,1.1802534300135068,0.9565199108532022,,,,,,,,,,,,,,,,,,,,,,,,,,,,,,,,1.0336381658885974,1.2637376963692066,,0.9555413911242132,1.106547656201236,,,0.9802784222737819,,,1.0214280203672275,1.01594670364453,,0.9508315957911071,,1.0588168087196947,1.0,,1.0413800643203994,,,1.0162554675051065,1.1512893338207588,,,1.0512825690963652,,,0.988377968671046,1.0428576307072361,0.9809935992346416,,,,0.9768664983383399,,,,,0.89701230228471,,1.0692409870722719,1.0333362886780744,1.0,1.1874670085212278,1.004850943729053,,0.9772715122853911,,,,0.9559470147396365,,,,,,1.0559006211180124,,,,,,,1.1625947767481044,,1.013571181555629,,,,,,,1.014173052600253,0.9846149786245844,0.9411357340720222,,0.9420306631681843,1.0330994590541482,0.9645191409897292,,,,,1.105590062111801,0.9839803741183685,,,,0.991560268340186,,,1.0080502044700497,,,,,,,,1.0454288140390602,,,,,1.0150104724226205,1.0501760410704686,,,,,,,,,,,,,,,,,,,,1.0235582950271627,0.9881346790970029,,,,,,,0.9477052477601023,1.0443465883818166,1.3263302381913604,,,1.0461153803543193,,,,,,,1.0286624203821657,,1.260001305227436,,,,,0.990582821358256,0.9670320159721181,,,,1.0042328274410037,,,,,,,,,,,,,,1.0165026449444636,,,,,,,,
23,,,,,,,,,,,,,,,,,,,,,,,,,,,,,,,,,,,,,,,,,,,,,,,,,,,,,,,,,,,,,,,,,,,,,,,,,,,,,,,,,,,,,,,,,,,,,,,,,,,,,,,,,,,,,,,,,,,,,,,,,,,,,,,,,,,,,,,,,,,,,,,,,,,,,,,,,,,,,,,,,,,,,,,,0.8684261221344635,,,,,,,,,,,,,,,,,,,,,,,,,,,,,,,,,,,,,,,,,,,,,,,,,,,,,,,,,,,,,,,,,,,,,,,,,,,,,,,,,,,,,,,,,,,,,,,,,,,,,,,,,,,,,,,,,,,,,,,,,,,,,,,,,,,,,,,,,,,,,,,,,,,,,,,,,,,,,,,,,,,,,,,,,,,,,,,,,,,,,,,,,,,,,,,,,,,,,1.044268235046999,,,,,,,,,,,,,,,,,,,,,,,,,,,,,,,,,,,,,,,,,,,,,,,,,,,,,,,,,,,,,,,,,,,,,,,,,,,,,,,,,,,,,,,,,,,,,,,,,,,,,,,,,,,,,,,,,,,,,,,,,,,,,,,,,,,,,,1.061758569299553,,,,,,,,,,,,,,,,,,,,,,,,,,,,,,,,,,,,,,,,,,,,,,,,,,,,,,,,,,,,,,,,,,,,,,,,,,,,,,,,,,,,,,,,,,,,,,,,,,,,,,,,,,,,,,,,,,,,,,,,,,,,,,,,,,,,,,,,,,,,,,,,,,,,,,,,
24,,,,,,,,,,,,,,,,,,,,,,,,,,,,,,,,,,,,,,,,,,,,,,,,,,,,,,,,,,,,,,,,,,,,,,,,,,,,,,,,,,,,,,,,,,,,,,,,,,,,,,,,,,,,,,,,,,,,,,,,,,,,,,,,,,,,,,,,,,,,,,,,,,,,,,,,,,,,,,,,,,,,,,,,,,,,,,,,,,,,,,,,,,,,,,,,,,,,,,,,,,,,,,,,,,,,,,,,,,,,,,,,,,,,,,,,,,,,,,,,,,,,,,,,,,,,,,,,,,,,,,,,,,,,,,,,,,,,,,,,,,,,,,,,,,,,,,,,,,,,,,,,,,,,,,,,,,,,,,,,,,,,,,,,,,,,,,,,,,,,,,,,,,,,,,,,,,,,,,,,,,,,,0.9819016190574404,,,,,,,,,,,,,,,,,,,,,,,,,,,,,,,,,,,,,,,,,,,,,,,,,,,,,,,,,,,,,,,,,,,,,,,,,,,,,,,,,,,,,,,,,,,,,,,,,,,,,,,,,,,,,,,,,,,,,,,,,,,,,,,,,,,,,,1.0253040767679236,,,,,,,,,,,,,,,,,,,,,,,,,,,,,,,,,,,,,,,,,,,,,,,,,,,,,,,,,,,,,,,,,,,,,,,,,,,,,,,,,,,,,,,,,,,,,,,,,,,,,,,,,,,,,,,,,,,,,,,,,,,,,,,,,,,,,,,,,,,,,,,,,,,,,,,,
25,,,,,,,,,,,,,,,,,,,,,,,,,,,,,,,,,,,,,,,,,,,,,,,,,,,,,,,,,,,,,,,,,,,,,,,,,,,,,,,,,,,,,,,,,,,,,,,,,,,,,,,,,,,,,,,,,,,,,,,,,,,,,,,,,,,,,,,,,,,,,,,,,,,,,,,,,,,,,,,,,,,,,,,,,,,,,,,,,,,,,,,,,,,,,,,,,,,,,,,,,,,,,,,,,,,,,,,,,,,,,,,,,,,,,,,,,,,,,,,,,,,,,,,,,,,,,,,,,,,,,,,,,,,,,,,,,,,,,,,,,,,,,,,,,,,,,,,,,,,,,,,,,,,,,,,,,,,,,,,,,,,,,,,,,,,,,,,,,,,,,,,,,,,,,,,,,,,,,,,,,,,,,1.0222433059245202,,,,,,,,,,,,,,,,,,,,,,,,,,,,,,,,,,,,,,,,,,,,,,,,,,,,,,,,,,,,,,,,,,,,,,,,,,,,,,,,,,,,,,,,,,,,,,,,,,,,,,,,,,,,,,,,,,,,,,,,,,,,,,,,,,,,,,1.025960995798583,,,,,,,,,,,,,,,,,,,,,,,,,,,,,,,,,,,,,,,,,,,,,,,,,,,,,,,,,,,,,,,,,,,,,,,,,,,,,,,,,,,,,,,,,,,,,,,,,,,,,,,,,,,,,,,,,,,,,,,,,,,,,,,,,,,,,,,,,,,,,,,,,,,,,,,,
26,,,,,,,,,,,,,,,,,,,,,,,,,,,,,,,,,,,,,,,,,,,,,,,,,,,,,,,,,,,,,,,,,,,,,,,,,,,,,,,,,,,,,,,,,,,,,,,,,,,,,,,,,,,,,,,,,,,,,,,,,,,,,,,,,,,,,,,,,,,,,,,,,,,,,,,,,,,,,,,,,,,,,,,,,,,,,,,,,,,,,,,,,,,,,,,,,,,,,,,,,,,,,,,,,,,,,,,,,,,,,,,,,,,,,,,,,,,,,,,,,,,,,,,,,,,,,,,,,,,,,,,,,,,,,,,,,,,,,,,,,,,,,,,,,,,,,,,,,,,,,,,,,,,,,,,,,,,,,,,,,,,,,,,,,,,,,,,,,,,,,,,,,,,,,,,,,,,,,,,,,,,,,1.0344601962922575,,,,,,,,,,,,,,,,,,,,,,,,,,,,,,,,,,,,,,,,,,,,,,,,,,,,,,,,,,,,,,,,,,,,,,,,,,,,,,,,,,,,,,,,,,,,,,,,,,,,,,,,,,,,,,,,,,,,,,,,,,,,,,,,,,,,,,1.032168284789644,,,,,,,,,,,,,,,,,,,,,,,,,,,,,,,,,,,,,,,,,,,,,,,,,,,,,,,,,,,,,,,,,,,,,,,,,,,,,,,,,,,,,,,,,,,,,,,,,,,,,,,,,,,,,,,,,,,,,,,,,,,,,,,,,,,,,,,,,,,,,,,,,,,,,,,,
27,,,,,,,,,,,,,,,,,,,,,,,,,,,,,,,,,,,,,,,,,,,,,,,,,,,,,,,,,,,,,,,,,,,,,,,,,,,,,,,,,,,,,,,,,,,,,,,,,,,,,,,,,,,,,,,,,,,,,,,,,,,,,,,,,,,,,,,,,,,,,,,,,,,,,,,,,,,,,,,,,,,,,,,,,,,,,,,,,,,,,,,,,,,,,,,,,,,,,,,,,,,,,,,,,,,,,,,,,,,,,,,,,,,,,,,,,,,,,,,,,,,,,,,,,,,,,,,,,,,,,,,,,,,,,,,,,,,,,,,,,,,,,,,,,,,,,,,,,,,,,,,,,,,,,,,,,,,,,,,,,,,,,,,,,,,,,,,,,,,,,,,,,,,,,,,,,,,,,,,,,,,,,1.0116388107452148,,,,,,,,,,,,,,,,,,,,,,,,,,,,,,,,,,,,,,,,,,,,,,,,,,,,,,,,,,,,,,,,,,,,,,,,,,,,,,,,,,,,,,,,,,,,,,,,,,,,,,,,,,,,,,,,,,,,,,,,,,,,,,,,,,,,,,1.0685386264610277,,,,,,,,,,,,,,,,,,,,,,,,,,,,,,,,,,,,,,,,,,,,,,,,,,,,,,,,,,,,,,,,,,,,,,,,,,,,,,,,,,,,,,,,,,,,,,,,,,,,,,,,,,,,,,,,,,,,,,,,,,,,,,,,,,,,,,,,,,,,,,,,,,,,,,,,
28,,,,,,,,,,,,,,,,,,,,,,,,,,,,,,,,,,,,,,,,,,,,,,,,,,,,,,,,,,,,,,,,,,,,,,,,,,,,,,,,,,,,,,,,,,,,,,,,,,,,,,,,,,,,,,,,,,,,,,,,,,,,,,,,,,,,,,,,,,,,,,,,,,,,,,,,,,,,,,,,,,,,,,,,,,,,,,,,,,,,,,,,,,,,,,,,,,,,,,,,,,,,,,,,,,,,,,,,,,,,,,,,,,,,,,,,,,,,,,,,,,,,,,,,,,,,,,,,,,,,,,,,,,,,,,,,,,,,,,,,,,,,,,,,,,,,,,,,,,,,,,,,,,,,,,,,,,,,,,,,,,,,,,,,,,,,,,,,,,,,,,,,,,,,,,,,,,,,,,,,,,,,,1.0617276720351392,,,,,,,,,,,,,,,,,,,,,,,,,,,,,,,,,,,,,,,,,,,,,,,,,,,,,,,,,,,,,,,,,,,,,,,,,,,,,,,,,,,,,,,,,,,,,,,,,,,,,,,,,,,,,,,,,,,,,,,,,,,,,,,,,,,,,,1.0138840193534815,,,,,,,,,,,,,,,,,,,,,,,,,,,,,,,,,,,,,,,,,,,,,,,,,,,,,,,,,,,,,,,,,,,,,,,,,,,,,,,,,,,,,,,,,,,,,,,,,,,,,,,,,,,,,,,,,,,,,,,,,,,,,,,,,,,,,,,,,,,,,,,,,,,,,,,,
29,,,,,,,,,,,,,,,,,,,,,,,,,,,,,,,,,,,,,,,,,,,,,,,,,,,,,,,,,,,,,,,,,,,,,,,,,,,,,,,,,,,,,,,,,,,,,,,,,,,,,,,,,,,,,,,,,,,,,,,,,,,,,,,,,,,,,,,,,,,,,,,,,,,,,,,,,,,,,,,,,,,,,,,,,,,,,,,,,,,,,,,,,,,,,,,,,,,,,,,,,,,,,,,,,,,,,,,,,,,,,,,,,,,,,,,,,,,,,,,,,,,,,,,,,,,,,,,,,,,,,,,,,,,,,,,,,,,,,,,,,,,,,,,,,,,,,,,,,,,,,,,,,,,,,,,,,,,,,,,,,,,,,,,,,,,,,,,,,,,,,,,,,,,,,,,,,,,,,,,,,,,,,1.0,,,,,,,,,,,,,,,,,,,,,,,,,,,,,,,,,,,,,,,,,,,,,,,,,,,,,,,,,,,,,,,,,,,,,,,,,,,,,,,,,,,,,,,,,,,,,,,,,,,,,,,,,,,,,,,,,,,,,,,,,,,,,,,,,,,,,,0.9863061069230237,,,,,,,,,,,,,,,,,,,,,,,,,,,,,,,,,,,,,,,,,,,,,,,,,,,,,,,,,,,,,,,,,,,,,,,,,,,,,,,,,,,,,,,,,,,,,,,,,,,,,,,,,,,,,,,,,,,,,,,,,,,,,,,,,,,,,,,,,,,,,,,,,,,,,,,,
30,,,,,,,,,,,,,,,,,,,,,,,,,,,,,,,,,,,,,,,,,,,,,,,,,,,,,,,,,,,,,,,,,,,,,,,,,,,,,,,,,,,,,,,,,,,,,,,,,,,,,,,,,,,,,,,,,,,,,,,,,,,,,,,,,,,,,,,,,,,,,,,,,,,,,,,,,,,,,,,,,,,,,,,,,,,,,,,,,,,,,,,,,,,,,,,,,,,,,,,,,,,,,,,,,,,,,,,,,,,,,,,,,,,,,,,,,,,,,,,,,,,,,,,,,,,,,,,,,,,,,,,,,,,,,,,,,,,,,,,,,,,,,,,,,,,,,,,,,,,,,,,,,,,,,,,,,,,,,,,,,,,,,,,,,,,,,,,,,,,,,,,,,,,,,,,,,,,,,,,,,,,,,0.9000105418511489,,,,,,,,,,,,,,,,,,,,,,,,,,,,,,,,,,,,,,,,,,,,,,,,,,,,,,,,,,,,,,,,,,,,,,,,,,,,,,,,,,,,,,,,,,,,,,,,,,,,,,,,,,,,,,,,,,,,,,,,,,,,,,,,,,,,,,0.9012091747693841,,,,,,,,,,,,,,,,,,,,,,,,,,,,,,,,,,,,,,,,,,,,,,,,,,,,,,,,,,,,,,,,,,,,,,,,,,,,,,,,,,,,,,,,,,,,,,,,,,,,,,,,,,,,,,,,,,,,,,,,,,,,,,,,,,,,,,,,,,,,,,,,,,,,,,,,
31,,,,,,,,,,,,,,,,,,,,,,,,,,,,,,,,,,,,,,,,,,,,,,,,,,,,,,,,,,,,,,,,,,,,,,,,,,,,,,,,,,,,,,,,,,,,,,,,,,,,,,,,,,,,,,,,,,,,,,,,,,,,,,,,,,,,,,,,,,,,,,,,,,,,,,,,,,,,,,,,,,,,,,,,,,,,,,,,,,,,,,,,,,,,,,,,,,,,,,,,,,,,,,,,,,,,,,,,,,,,,,,,,,,,,,,,,,,,,,,,,,,,,,,,,,,,,,,,,,,,,,,,,,,,,,,,,,,,,,,,,,,,,,,,,,,,,,,,,,,,,,,,,,,,,,,,,,,,,,,,,,,,,,,,,,,,,,,,,,,,,,,,,,,,,,,,,,,,,,,,,,,,,0.7562784022961015,,,,,,,,,,,,,,,,,,,,,,,,,,,,,,,,,,,,,,,,,,,,,,,,,,,,,,,,,,,,,,,,,,,,,,,,,,,,,,,,,,,,,,,,,,,,,,,,,,,,,,,,,,,,,,,,,,,,,,,,,,,,,,,,,,,,,,0.9418809439943643,,,,,,,,,,,,,,,,,,,,,,,,,,,,,,,,,,,,,,,,,,,,,,,,,,,,,,,,,,,,,,,,,,,,,,,,,,,,,,,,,,,,,,,,,,,,,,,,,,,,,,,,,,,,,,,,,,,,,,,,,,,,,,,,,,,,,,,,,,,,,,,,,,,,,,,,
32,,,,,,,,,,,,,,,,,,,,,,,,,,,,,,,,,,,,,,,,,,,,,,,,,,,,,,,,,,,,,,,,,,,,,,,,,,,,,,,,,,,,,,,,,,,,,,,,,,,,,,,,,,,,,,,,,,,,,,,,,,,,,,,,,,,,,,,,,,,,,,,,,,,,,,,,,,,,,,,,,,,,,,,,,,,,,,,,,,,,,,,,,,,,,,,,,,,,,,,,,,,,,,,,,,,,,,,,,,,,,,,,,,,,,,,,,,,,,,,,,,,,,,,,,,,,,,,,,,,,,,,,,,,,,,,,,,,,,,,,,,,,,,,,,,,,,,,,,,,,,,,,,,,,,,,,,,,,,,,,,,,,,,,,,,,,,,,,,,,,,,,,,,,,,,,,,,,,,,,,,,,,,0.9944501704590502,,,,,,,,,,,,,,,,,,,,,,,,,,,,,,,,,,,,,,,,,,,,,,,,,,,,,,,,,,,,,,,,,,,,,,,,,,,,,,,,,,,,,,,,,,,,,,,,,,,,,,,,,,,,,,,,,,,,,,,,,,,,,,,,,,,,,,1.0238009376126938,,,,,,,,,,,,,,,,,,,,,,,,,,,,,,,,,,,,,,,,,,,,,,,,,,,,,,,,,,,,,,,,,,,,,,,,,,,,,,,,,,,,,,,,,,,,,,,,,,,,,,,,,,,,,,,,,,,,,,,,,,,,,,,,,,,,,,,,,,,,,,,,,,,,,,,,
33,,,,,,,,,,,,,,,,,,,,,,,,,,,,,,,,,,,,,,,,,,,,,,,,,,,,,,,,,,,,,,,,,,,,,,,,,,,,,,,,,,,,,,,,,,,,,,,,,,,,,,,,,,,,,,,,,,,,,,,,,,,,,,,,,,,,,,,,,,,,,,,,,,,,,,,,,,,,,,,,,,,,,,,,,,,,,,,,,,,,,,,,,,,,,,,,,,,,,,,,,,,,,,,,,,,,,,,,,,,,,,,,,,,,,,,,,,,,,,,,,,,,,,,,,,,,,,,,,,,,,,,,,,,,,,,,,,,,,,,,,,,,,,,,,,,,,,,,,,,,,,,,,,,,,,,,,,,,,,,,,,,,,,,,,,,,,,,,,,,,,,,,,,,,,,,,,,,,,,,,,,,,,0.9772595203966994,,,,,,,,,,,,,,,,,,,,,,,,,,,,,,,,,,,,,,,,,,,,,,,,,,,,,,,,,,,,,,,,,,,,,,,,,,,,,,,,,,,,,,,,,,,,,,,,,,,,,,,,,,,,,,,,,,,,,,,,,,,,,,,,,,,,,,1.0270370370370372,,,,,,,,,,,,,,,,,,,,,,,,,,,,,,,,,,,,,,,,,,,,,,,,,,,,,,,,,,,,,,,,,,,,,,,,,,,,,,,,,,,,,,,,,,,,,,,,,,,,,,,,,,,,,,,,,,,,,,,,,,,,,,,,,,,,,,,,,,,,,,,,,,,,,,,,
34,,,,,,,,,,,,,,,,,,,,,,,,,,,,,,,,,,,,,,,,,,,,,,,,,,,,,,,,,,,,,,,,,,,,,,,,,,,,,,,,,,,,,,,,,,,,,,,,,,,,,,,,,,,,,,,,,,,,,,,,,,,,,,,,,,,,,,,,,,,,,,,,,,,,,,,,,,,,,,,,,,,,,,,,,,,,,,,,,,,,,,,,,,,,,,,,,,,,,,,,,,,,,,,,,,,,,,,,,,,,,,,,,,,,,,,,,,,,,,,,,,,,,,,,,,,,,,,,,,,,,,,,,,,,,,,,,,,,,,,,,,,,,,,,,,,,,,,,,,,,,,,,,,,,,,,,,,,,,,,,,,,,,,,,,,,,,,,,,,,,,,,,,,,,,,,,,,,,,,,,,,,,,1.0544526143790849,,,,,,,,,,,,,,,,,,,,,,,,,,,,,,,,,,,,,,,,,,,,,,,,,,,,,,,,,,,,,,,,,,,,,,,,,,,,,,,,,,,,,,,,,,,,,,,,,,,,,,,,,,,,,,,,,,,,,,,,,,,,,,,,,,,,,,1.185770750988142,,,,,,,,,,,,,,,,,,,,,,,,,,,,,,,,,,,,,,,,,,,,,,,,,,,,,,,,,,,,,,,,,,,,,,,,,,,,,,,,,,,,,,,,,,,,,,,,,,,,,,,,,,,,,,,,,,,,,,,,,,,,,,,,,,,,,,,,,,,,,,,,,,,,,,,,
35,,,,,,,,,,,,,,,,,,,,,,,,,,,,,,,,,,,,,,,,,,,,,,,,,,,,,,,,,,,,,,,,,,,,,,,,,,,,,,,,,,,,,,,,,,,,,,,,,,,,,,,,,,,,,,,,,,,,,,,,,,,,,,,,,,,,,,,,,,,,,,,,,,,,,,,,,,,,,,,,,,,,,,,,,,,,,,,,,,,,,,,,,,,,,,,,,,,,,,,,,,,,,,,,,,,,,,,,,,,,,,,,,,,,,,,,,,,,,,,,,,,,,,,,,,,,,,,,,,,,,,,,,,,,,,,,,,,,,,,,,,,,,,,,,,,,,,,,,,,,,,,,,,,,,,,,,,,,,,,,,,,,,,,,,,,,,,,,,,,,,,,,,,,,,,,,,,,,,,,,,,,,,1.057588456387437,,,,,,,,,,,,,,,,,,,,,,,,,,,,,,,,,,,,,,,,,,,,,,,,,,,,,,,,,,,,,,,,,,,,,,,,,,,,,,,,,,,,,,,,,,,,,,,,,,,,,,,,,,,,,,,,,,,,,,,,,,,,,,,,,,,,,,1.0293851717902351,,,,,,,,,,,,,,,,,,,,,,,,,,,,,,,,,,,,,,,,,,,,,,,,,,,,,,,,,,,,,,,,,,,,,,,,,,,,,,,,,,,,,,,,,,,,,,,,,,,,,,,,,,,,,,,,,,,,,,,,,,,,,,,,,,,,,,,,,,,,,,,,,,,,,,,,
36,,,,,,,,,,,,,,,,,,,,,,,,,,,,,,,,,,,,,,,,,,,,,,,,,,,,,,,,,,,,,,,,,,,,,,,,,,,,,,,,,,,,,,,,,,,,,,,,,,,,,,,,,,,,,,,,,,,,,,,,,,,,,,,,,,,,,,,,,,,,,,,,,,,,,,,,,,,,,,,,,,,,,,,,,,,,,,,,,,,,,,,,,,,,,,,,,,,,,,,,,,,,,,,,,,,,,,,,,,,,,,,,,,,,,,,,,,,,,,,,,,,,,,,,,,,,,,,,,,,,,,,,,,,,,,,,,,,,,,,,,,,,,,,,,,,,,,,,,,,,,,,,,,,,,,,,,,,,,,,,,,,,,,,,,,,,,,,,,,,,,,,,,,,,,,,,,,,,,,,,,,,,,1.081938861362999,,,,,,,,,,,,,,,,,,,,,,,,,,,,,,,,,,,,,,,,,,,,,,,,,,,,,,,,,,,,,,,,,,,,,,,,,,,,,,,,,,,,,,,,,,,,,,,,,,,,,,,,,,,,,,,,,,,,,,,,,,,,,,,,,,,,,,1.0149116769901354,,,,,,,,,,,,,,,,,,,,,,,,,,,,,,,,,,,,,,,,,,,,,,,,,,,,,,,,,,,,,,,,,,,,,,,,,,,,,,,,,,,,,,,,,,,,,,,,,,,,,,,,,,,,,,,,,,,,,,,,,,,,,,,,,,,,,,,,,,,,,,,,,,,,,,,,
37,,,,,,,,,,,,,,,,,,,,,,,,,,,,,,,,,,,,,,,,,,,,,,,,,,,,,,,,,,,,,,,,,,,,,,,,,,,,,,,,,,,,,,,,,,,,,,,,,,,,,,,,,,,,,,,,,,,,,,,,,,,,,,,,,,,,,,,,,,,,,,,,,,,,,,,,,,,,,,,,,,,,,,,,,,,,,,,,,,,,,,,,,,,,,,,,,,,,,,,,,,,,,,,,,,,,,,,,,,,,,,,,,,,,,,,,,,,,,,,,,,,,,,,,,,,,,,,,,,,,,,,,,,,,,,,,,,,,,,,,,,,,,,,,,,,,,,,,,,,,,,,,,,,,,,,,,,,,,,,,,,,,,,,,,,,,,,,,,,,,,,,,,,,,,,,,,,,,,,,,,,,,,1.0,,,,,,,,,,,,,,,,,,,,,,,,,,,,,,,,,,,,,,,,,,,,,,,,,,,,,,,,,,,,,,,,,,,,,,,,,,,,,,,,,,,,,,,,,,,,,,,,,,,,,,,,,,,,,,,,,,,,,,,,,,,,,,,,,,,,,,0.9710403207841389,,,,,,,,,,,,,,,,,,,,,,,,,,,,,,,,,,,,,,,,,,,,,,,,,,,,,,,,,,,,,,,,,,,,,,,,,,,,,,,,,,,,,,,,,,,,,,,,,,,,,,,,,,,,,,,,,,,,,,,,,,,,,,,,,,,,,,,,,,,,,,,,,,,,,,,,
38,,,,,,,,,,,,,,,,,,,,,,,,,,,,,,,,,,,,,,,,,,,,,,,,,,,,,,,,,,,,,,,,,,,,,,,,,,,,,,,,,,,,,,,,,,,,,,,,,,,,,,,,,,,,,,,,,,,,,,,,,,,,,,,,,,,,,,,,,,,,,,,,,,,,,,,,,,,,,,,,,,,,,,,,,,,,,,,,,,,,,,,,,,,,,,,,,,,,,,,,,,,,,,,,,,,,,,,,,,,,,,,,,,,,,,,,,,,,,,,,,,,,,,,,,,,,,,,,,,,,,,,,,,,,,,,,,,,,,,,,,,,,,,,,,,,,,,,,,,,,,,,,,,,,,,,,,,,,,,,,,,,,,,,,,,,,,,,,,,,,,,,,,,,,,,,,,,,,,,,,,,,,,1.019927536231884,,,,,,,,,,,,,,,,,,,,,,,,,,,,,,,,,,,,,,,,,,,,,,,,,,,,,,,,,,,,,,,,,,,,,,,,,,,,,,,,,,,,,,,,,,,,,,,,,,,,,,,,,,,,,,,,,,,,,,,,,,,,,,,,,,,,,,1.0478524743230626,,,,,,,,,,,,,,,,,,,,,,,,,,,,,,,,,,,,,,,,,,,,,,,,,,,,,,,,,,,,,,,,,,,,,,,,,,,,,,,,,,,,,,,,,,,,,,,,,,,,,,,,,,,,,,,,,,,,,,,,,,,,,,,,,,,,,,,,,,,,,,,,,,,,,,,,
39,,,,,,,,,,,,,,,,,,,,,,,,,,,,,,,,,,,,,,,,,,,,,,,,,,,,,,,,,,,,,,,,,,,,,,,,,,,,,,,,,,,,,,,,,,,,,,,,,,,,,,,,,,,,,,,,,,,,,,,,,,,,,,,,,,,,,,,,,,,,,,,,,,,,,,,,,,,,,,,,,,,,,,,,,,,,,,,,,,,,,,,,,,,,,,,,,,,,,,,,,,,,,,,,,,,,,,,,,,,,,,,,,,,,,,,,,,,,,,,,,,,,,,,,,,,,,,,,,,,,,,,,,,,,,,,,,,,,,,,,,,,,,,,,,,,,,,,,,,,,,,,,,,,,,,,,,,,,,,,,,,,,,,,,,,,,,,,,,,,,,,,,,,,,,,,,,,,,,,,,,,,,,1.060036385688296,,,,,,,,,,,,,,,,,,,,,,,,,,,,,,,,,,,,,,,,,,,,,,,,,,,,,,,,,,,,,,,,,,,,,,,,,,,,,,,,,,,,,,,,,,,,,,,,,,,,,,,,,,,,,,,,,,,,,,,,,,,,,,,,,,,,,,1.07809747504404,,,,,,,,,,,,,,,,,,,,,,,,,,,,,,,,,,,,,,,,,,,,,,,,,,,,,,,,,,,,,,,,,,,,,,,,,,,,,,,,,,,,,,,,,,,,,,,,,,,,,,,,,,,,,,,,,,,,,,,,,,,,,,,,,,,,,,,,,,,,,,,,,,,,,,,,
40,,,,,,,,,,,,,,,,,,,,,,,,,,,,,,,,,,,,,,,,,,,,,,,,,,,,,,,,,,,,,,,,,,,,,,,,,,,,,,,,,,,,,,,,,,,,,,,,,,,,,,,,,,,,,,,,,,,,,,,,,,,,,,,,,,,,,,,,,,,,,,,,,,,,,,,,,,,,,,,,,,,,,,,,,,,,,,,,,,,,,,,,,,,,,,,,,,,,,,,,,,,,,,,,,,,,,,,,,,,,,,,,,,,,,,,,,,,,,,,,,,,,,,,,,,,,,,,,,,,,,,,,,,,,,,,,,,,,,,,,,,,,,,,,,,,,,,,,,,,,,,,,,,,,,,,,,,,,,,,,,,,,,,,,,,,,,,,,,,,,,,,,,,,,,,,,,,,,,,,,,,,,,1.0884488448844885,,,,,,,,,,,,,,,,,,,,,,,,,,,,,,,,,,,,,,,,,,,,,,,,,,,,,,,,,,,,,,,,,,,,,,,,,,,,,,,,,,,,,,,,,,,,,,,,,,,,,,,,,,,,,,,,,,,,,,,,,,,,,,,,,,,,,,1.023964954475176,,,,,,,,,,,,,,,,,,,,,,,,,,,,,,,,,,,,,,,,,,,,,,,,,,,,,,,,,,,,,,,,,,,,,,,,,,,,,,,,,,,,,,,,,,,,,,,,,,,,,,,,,,,,,,,,,,,,,,,,,,,,,,,,,,,,,,,,,,,,,,,,,,,,,,,,
41,,,,,,,,,,,,,,,,,,,,,,,,,,,,,,,,,,,,,,,,,,,,,,,,,,,,,,,,,,,,,,,,,,,,,,,,,,,,,,,,,,,,,,,,,,,,,,,,,,,,,,,,,,,,,,,,,,,,,,,,,,,,,,,,,,,,,,,,,,,,,,,,,,,,,,,,,,,,,,,,,,,,,,,,,,,,,,,,,,,,,,,,,,,,,,,,,,,,,,,,,,,,,,,,,,,,,,,,,,,,,,,,,,,,,,,,,,,,,,,,,,,,,,,,,,,,,,,,,,,,,,,,,,,,,,,,,,,,,,,,,,,,,,,,,,,,,,,,,,,,,,,,,,,,,,,,,,,,,,,,,,,,,,,,,,,,,,,,,,,,,,,,,,,,,,,,,,,,,,,,,,,,,0.992412249576942,,,,,,,,,,,,,,,,,,,,,,,,,,,,,,,,,,,,,,,,,,,,,,,,,,,,,,,,,,,,,,,,,,,,,,,,,,,,,,,,,,,,,,,,,,,,,,,,,,,,,,,,,,,,,,,,,,,,,,,,,,,,,,,,,,,,,,0.992074989348104,,,,,,,,,,,,,,,,,,,,,,,,,,,,,,,,,,,,,,,,,,,,,,,,,,,,,,,,,,,,,,,,,,,,,,,,,,,,,,,,,,,,,,,,,,,,,,,,,,,,,,,,,,,,,,,,,,,,,,,,,,,,,,,,,,,,,,,,,,,,,,,,,,,,,,,,
42,,,,,,,,,,,,,,,,,,,,,,,,,,,,,,,,,,,,,,,,,,,,,,,,,,,,,,,,,,,,,,,,,,,,,,,,,,,,,,,,,,,,,,,,,,,,,,,,,,,,,,,,,,,,,,,,,,,,,,,,,,,,,,,,,,,,,,,,,,,,,,,,,,,,,,,,,,,,,,,,,,,,,,,,,,,,,,,,,,,,,,,,,,,,,,,,,,,,,,,,,,,,,,,,,,,,,,,,,,,,,,,,,,,,,,,,,,,,,,,,,,,,,,,,,,,,,,,,,,,,,,,,,,,,,,,,,,,,,,,,,,,,,,,,,,,,,,,,,,,,,,,,,,,,,,,,,,,,,,,,,,,,,,,,,,,,,,,,,,,,,,,,,,,,,,,,,,,,,,,,,,,,,1.0826192305419302,,,,,,,,,,,,,,,,,,,,,,,,,,,,,,,,,,,,,,,,,,,,,,,,,,,,,,,,,,,,,,,,,,,,,,,,,,,,,,,,,,,,,,,,,,,,,,,,,,,,,,,,,,,,,,,,,,,,,,,,,,,,,,,,,,,,,,1.0,,,,,,,,,,,,,,,,,,,,,,,,,,,,,,,,,,,,,,,,,,,,,,,,,,,,,,,,,,,,,,,,,,,,,,,,,,,,,,,,,,,,,,,,,,,,,,,,,,,,,,,,,,,,,,,,,,,,,,,,,,,,,,,,,,,,,,,,,,,,,,,,,,,,,,,,
43,,,,,,,,,,,,,,,,,,,,,,,,,,,,,,,,,,,,,,,,,,,,,,,,,,,,,,,,,,,,,,,,,,,,,,,,,,,,,,,,,,,,,,,,,,,,,,,,,,,,,,,,,,,,,,,,,,,,,,,,,,,,,,,,,,,,,,,,,,,,,,,,,,,,,,,,,,,,,,,,,,,,,,,,,,,,,,,,,,,,,,,,,,,,,,,,,,,,,,,,,,,,,,,,,,,,,,,,,,,,,,,,,,,,,,,,,,,,,,,,,,,,,,,,,,,,,,,,,,,,,,,,,,,,,,,,,,,,,,,,,,,,,,,,,,,,,,,,,,,,,,,,,,,,,,,,,,,,,,,,,,,,,,,,,,,,,,,,,,,,,,,,,,,,,,,,,,,,,,,,,,,,,1.043089631364813,,,,,,,,,,,,,,,,,,,,,,,,,,,,,,,,,,,,,,,,,,,,,,,,,,,,,,,,,,,,,,,,,,,,,,,,,,,,,,,,,,,,,,,,,,,,,,,,,,,,,,,,,,,,,,,,,,,,,,,,,,,,,,,,,,,,,,1.0161932802216833,,,,,,,,,,,,,,,,,,,,,,,,,,,,,,,,,,,,,,,,,,,,,,,,,,,,,,,,,,,,,,,,,,,,,,,,,,,,,,,,,,,,,,,,,,,,,,,,,,,,,,,,,,,,,,,,,,,,,,,,,,,,,,,,,,,,,,,,,,,,,,,,,,,,,,,,
44,,,,,,,,,,,,,,,,,,,,,,,,,,,,,,,,,,,,,,,,,,,,,,,,,,,,,,,,,,,,,,,,,,,,,,,,,,,,,,,,,,,,,,,,,,,,,,,,,,,,,,,,,,,,,,,,,,,,,,,,,,,,,,,,,,,,,,,,,,,,,,,,,,,,,,,,,,,,,,,,,,,,,,,,,,,,,,,,,,,,,,,,,,,,,,,,,,,,,,,,,,,,,,,,,,,,,,,,,,,,,,,,,,,,,,,,,,,,,,,,,,,,,,,,,,,,,,,,,,,,,,,,,,,,,,,,,,,,,,,,,,,,,,,,,,,,,,,,,,,,,,,,,,,,,,,,,,,,,,,,,,,,,,,,,,,,,,,,,,,,,,,,,,,,,,,,,,,,,,,,,,,,,1.0,,,,,,,,,,,,,,,,,,,,,,,,,,,,,,,,,,,,,,,,,,,,,,,,,,,,,,,,,,,,,,,,,,,,,,,,,,,,,,,,,,,,,,,,,,,,,,,,,,,,,,,,,,,,,,,,,,,,,,,,,,,,,,,,,,,,,,1.0507734303912648,,,,,,,,,,,,,,,,,,,,,,,,,,,,,,,,,,,,,,,,,,,,,,,,,,,,,,,,,,,,,,,,,,,,,,,,,,,,,,,,,,,,,,,,,,,,,,,,,,,,,,,,,,,,,,,,,,,,,,,,,,,,,,,,,,,,,,,,,,,,,,,,,,,,,,,,
45,,,,,,,,,,,,,,,,,,,,,,,,,,,,,,,,,,,,,,,,,,,,,,,,,,,,,,,,,,,,,,,,,,,,,,,,,,,,,,,,,,,,,,,,,,,,,,,,,,,,,,,,,,,,,,,,,,,,,,,,,,,,,,,,,,,,,,,,,,,,,,,,,,,,,,,,,,,,,,,,,,,,,,,,,,,,,,,,,,,,,,,,,,,,,,,,,,,,,,,,,,,,,,,,,,,,,,,,,,,,,,,,,,,,,,,,,,,,,,,,,,,,,,,,,,,,,,,,,,,,,,,,,,,,,,,,,,,,,,,,,,,,,,,,,,,,,,,,,,,,,,,,,,,,,,,,,,,,,,,,,,,,,,,,,,,,,,,,,,,,,,,,,,,,,,,,,,,,,,,,,,,,,1.0111575141806397,,,,,,,,,,,,,,,,,,,,,,,,,,,,,,,,,,,,,,,,,,,,,,,,,,,,,,,,,,,,,,,,,,,,,,,,,,,,,,,,,,,,,,,,,,,,,,,,,,,,,,,,,,,,,,,,,,,,,,,,,,,,,,,,,,,,,,1.0751320680884369,,,,,,,,,,,,,,,,,,,,,,,,,,,,,,,,,,,,,,,,,,,,,,,,,,,,,,,,,,,,,,,,,,,,,,,,,,,,,,,,,,,,,,,,,,,,,,,,,,,,,,,,,,,,,,,,,,,,,,,,,,,,,,,,,,,,,,,,,,,,,,,,,,,,,,,,
46,,,,,,,,,,,,,,,,,,,,,,,,,,,,,,,,,,,,,,,,,,,,,,,,,,,,,,,,,,,,,,,,,,,,,,,,,,,,,,,,,,,,,,,,,,,,,,,,,,,,,,,,,,,,,,,,,,,,,,,,,,,,,,,,,,,,,,,,,,,,,,,,,,,,,,,,,,,,,,,,,,,,,,,,,,,,,,,,,,,,,,,,,,,,,,,,,,,,,,,,,,,,,,,,,,,,,,,,,,,,,,,,,,,,,,,,,,,,,,,,,,,,,,,,,,,,,,,,,,,,,,,,,,,,,,,,,,,,,,,,,,,,,,,,,,,,,,,,,,,,,,,,,,,,,,,,,,,,,,,,,,,,,,,,,,,,,,,,,,,,,,,,,,,,,,,,,,,,,,,,,,,,,0.9870793084353657,,,,,,,,,,,,,,,,,,,,,,,,,,,,,,,,,,,,,,,,,,,,,,,,,,,,,,,,,,,,,,,,,,,,,,,,,,,,,,,,,,,,,,,,,,,,,,,,,,,,,,,,,,,,,,,,,,,,,,,,,,,,,,,,,,,,,,1.0,,,,,,,,,,,,,,,,,,,,,,,,,,,,,,,,,,,,,,,,,,,,,,,,,,,,,,,,,,,,,,,,,,,,,,,,,,,,,,,,,,,,,,,,,,,,,,,,,,,,,,,,,,,,,,,,,,,,,,,,,,,,,,,,,,,,,,,,,,,,,,,,,,,,,,,,
47,,,,,,,,,,,,,,,,,,,,,,,,,,,,,,,,,,,,,,,,,,,,,,,,,,,,,,,,,,,,,,,,,,,,,,,,,,,,,,,,,,,,,,,,,,,,,,,,,,,,,,,,,,,,,,,,,,,,,,,,,,,,,,,,,,,,,,,,,,,,,,,,,,,,,,,,,,,,,,,,,,,,,,,,,,,,,,,,,,,,,,,,,,,,,,,,,,,,,,,,,,,,,,,,,,,,,,,,,,,,,,,,,,,,,,,,,,,,,,,,,,,,,,,,,,,,,,,,,,,,,,,,,,,,,,,,,,,,,,,,,,,,,,,,,,,,,,,,,,,,,,,,,,,,,,,,,,,,,,,,,,,,,,,,,,,,,,,,,,,,,,,,,,,,,,,,,,,,,,,,,,,,,1.026462043703423,,,,,,,,,,,,,,,,,,,,,,,,,,,,,,,,,,,,,,,,,,,,,,,,,,,,,,,,,,,,,,,,,,,,,,,,,,,,,,,,,,,,,,,,,,,,,,,,,,,,,,,,,,,,,,,,,,,,,,,,,,,,,,,,,,,,,,1.0,,,,,,,,,,,,,,,,,,,,,,,,,,,,,,,,,,,,,,,,,,,,,,,,,,,,,,,,,,,,,,,,,,,,,,,,,,,,,,,,,,,,,,,,,,,,,,,,,,,,,,,,,,,,,,,,,,,,,,,,,,,,,,,,,,,,,,,,,,,,,,,,,,,,,,,,
48,,,,,,,,,,,,,,,,,,,,,,,,,,,,,,,,,,,,,,,,,,,,,,,,,,,,,,,,,,,,,,,,,,,,,,,,,,,,,,,,,,,,,,,,,,,,,,,,,,,,,,,,,,,,,,,,,,,,,,,,,,,,,,,,,,,,,,,,,,,,,,,,,,,,,,,,,,,,,,,,,,,,,,,,,,,,,,,,,,,,,,,,,,,,,,,,,,,,,,,,,,,,,,,,,,,,,,,,,,,,,,,,,,,,,,,,,,,,,,,,,,,,,,,,,,,,,,,,,,,,,,,,,,,,,,,,,,,,,,,,,,,,,,,,,,,,,,,,,,,,,,,,,,,,,,,,,,,,,,,,,,,,,,,,,,,,,,,,,,,,,,,,,,,,,,,,,,,,,,,,,,,,,,,,,,,,,,,,,,,,,,,,,,,,,,,,,,,,,,,,,,,,,,,,,,,,,,,,,,,,,,,,,,,,,,,,,,,,,,,,,,,,,,,,,,,,,,,,,,,,,,,,,,,,,,,,,,,,,,,,,,,,,,,,,,,,,,,,,,,,,,,,,,,,,,,,,,,,,,,,,,,,,,,,,,,,,,,,,,,,,,,,,,,,,,,,,,,,,,,,,,,,,,,,,,,,,,,,,,,,,,,,,,,,,,,,,,,,,,,,,,,,,,,,,,,,,,,,,,,,,,,,,,,,,,,,,,,,,,,,,,,,,,,,,,,
