Momentum Index,0,1,2,3,4,5,6,7,8,9,10,11,12,13,14,15,16,17
ANEA-L,0.1926605504587155,14.912098039631939,-4.9270343076364815,0.7232164802337817,-2.0192190742257043,1.7832175792474596,0.8084561434065417,-0.6018186743493091,-0.12066593755998957,-0.22608265500836502,0.007589162126093387,-0.14423818442958278,-1.0118468587641816,0.8383405580340424,0.05952647384777213,-0.6677717231603212,-0.4509902575994915,-0.17145112554292818
CPI-L,0.0045941807044409,4.143579987821153,0.08114005614593685,0.40626242283072433,0.908546880344173,0.17287122141170239,0.21167858026321748,0.22108375550426876,0.32810779197212075,0.1798874463345516,-0.19442907722921385,0.30989539026721624,0.013977422338963883,0.1768484410693108,0.2636297149725826,-0.3292470783774988,-0.16909231680480466,-0.08881502265058495
BKIRx-L,-0.0305049088359046,0.5858853528001493,-0.22632839263721533,-2.098941535029706,-2.1211551394256216,-0.20009377935570863,1.054043040561026,-0.06453302354569687,0.278483093900638,-0.22492123249866441,1.0218497985902135,-0.4205470741830274,-0.9289958822542671,-1.070044504024195,0.1970946326715684,-0.25669304187743625,0.2291132084210983,-0.2089847443378533
LLOY-L,0.0062252405206564,-2.2517528702008742,-0.24078356266848078,0.1777670093933081,-0.0631150949675107,-0.04768416458720164,-0.1962882712061719,-0.04720432240011819,-0.011533219667743943,0.11746864426458413,-0.0818665025441598,-0.021179406953329993,0.10155280718566642,0.003422730845300183,0.1137503914096267,-0.0499648540017758,-0.07600049653961444,0.02861699666023466
HSX-L,-0.0580985915492959,3.703983620781131,-1.8964120803812994,0.3487330966436061,-0.5785812495009935,-0.35606661290723024,0.3223137559591688,-0.49990244587935345,0.28000393856138406,-0.5418125251591007,-0.41766044864218677,0.07632071683092567,-0.378859321927601,0.10830854718381473,0.12711216216975643,-0.10375399525754747,0.023577771505488967,-0.04629886128808701
LIO-L,-0.0962837837837837,-2.421673967130334,0.2502468487748973,0.6899683498658493,0.47672773264648965,-0.7498725761742739,-0.2525877703501205,-0.47533834749082454,-0.2610480780504486,-0.15882634580087573,0.09896359850033982,-0.25813442547890647,0.009786817707724587,0.30649334139627693,0.05431239517310384,-0.12587332704137597,0.009722180264186503,0.001167298684067809
OXB-L,0.3684210526315787,-5.556928359785472,3.464810505694696,-0.9075508028094914,1.559191818436161,2.6396231353928643,-0.54470520288747,0.3081627188691896,-0.0497165545163511,-1.0943199386455815,0.4177004878886257,-1.338348206349091,-0.2686654440784335,-0.13083274798920183,-0.0003551817507959663,0.25406393732666593,-0.02848008150755067,0.01952022764671224
COA-L,0.1206896551724137,-2.50881665352183,0.1399850706872988,-0.2797479439733371,-0.18000308272260349,0.515304963592757,-0.9235579035021038,0.32283329965996826,0.16733521963374448,-0.19375754205000664,0.14228956791905586,-0.10063391312816646,-0.1001695363487491,0.18642313458765203,0.02914524065793549,-0.032575610533372205,-0.011354584832282676,-0.053466386841443767
HVT-L,0.0,5.9153099010253705,1.9771937917600297,-2.327235983205336,-1.6963476774157062,-0.3789525604184525,0.20628634678453994,0.041370116367239286,0.9794717007416816,-0.40025085074774375,0.006745742216629927,0.21237984075907426,-0.3140939137802873,-0.22585526145648457,0.3749123949273035,-0.545651526873116,0.31532077606562386,0.262386736717776
JMG-L,0.0140924464487035,7.497819188661468,-0.7065778389625031,-1.8334906065327952,0.35900833066128196,-0.19215932914796355,-0.4415176035406919,-0.19977886554302937,0.18777477743259455,-0.18095363253141566,-0.2686271357653432,-0.19829853407464995,-0.3362649234462449,-0.3337541985907895,0.05079326614027344,0.23329094224585334,0.08160183460080597,-0.03503390254434219
MUL-L,-0.09985935302391,2.8854588530781538,2.346453156149209,-3.659637710313968,0.23297054746180565,-0.8592661483615174,1.3099844680468782,1.4282842242720004,-0.765034829806342,0.5769208851514869,0.5851916734576682,-0.3140293727312781,-0.30117495152576934,-0.1323535808774758,0.9274765145753259,1.1127235495809347,0.028983269562607744,0.18358006248826048
CHLV-L,-0.0373134328358208,-0.6837667374692811,-0.7887113254549865,-0.051239973203772146,1.270762804297626,-0.6085965098939679,-1.2664903759233421,-0.22956938424111267,-0.4352947130910039,0.07692319999057758,0.47428777993105975,0.16078739698631608,-0.20025420058671126,0.2648476018132895,0.10474214825291914,0.02710040888478618,-0.08259403180095823,-0.1982867184717039
SMDS-L,-0.0309734513274339,-1.0858486904531945,0.5067824809593333,0.6986535118731263,2.110603445380356,-0.1534488248201807,-0.42337831687558514,-0.1765685751671034,0.04957439307799052,-0.5746971583587877,0.18491878266638845,0.22479026889963802,-0.16816934347156748,0.22398801575243407,-0.5034277435700518,0.16883470395121716,-0.19016484685576293,0.19277759715828888
JD-L,0.0555555555555555,2.564275788550423,0.40313495301564595,0.5813032370413762,0.7236926275576381,0.8182629127848075,0.9204413086161158,-0.005677161294558305,-0.3256591325758244,-0.23721721868924314,0.31841029252485287,0.8641597975057576,0.39410826613668376,0.13131387222062255,-0.45572369533003887,-0.4243940130835369,-0.19637620979601994,-0.33375020951506007
CCC-L,0.0731707317073167,-4.283228553767227,-0.884192257661328,0.7665174215885132,-0.9177394884895644,0.2795886830108256,-0.4566439326683571,0.06953594721767226,0.2278982110188624,-1.3022220234770485,-0.31992369102646084,-0.6680650670935682,0.34599868758999325,0.28201124530164523,-0.8393978353988749,-0.26117256537761246,-0.0827789061793914,-0.254264825870047
BWS_p-L,-0.0171673819742489,-1.2735320954789724,-2.509072810337867,0.26955478266216987,-1.1575682082549597,-0.3061976765879397,-0.3240600496362781,0.009319448575490889,0.15802052839923333,-0.09352596269224378,0.2169494565557992,0.09797560211850491,0.13259683482652332,-0.16466697613870376,0.09497741916006275,-0.02291957767167967,-0.016467627315372033,0.006244968873160476
MVCT-L,-0.0214285714285713,2.896980584453585,-2.0989292958015833,0.7997548047060842,0.8658497132444575,-0.011279305022399894,-0.02041174309577964,0.011900240460512116,-0.38055993594648035,0.32198222255545317,0.005386541744904541,0.18897503384225975,-0.289310229113824,0.08406782285892107,0.15040718029894798,-0.13058436268500925,-0.0327683312636569,-0.17216161027748314
NWB_pa-L,-0.0401606425702811,-2.4308388496180493,-1.6508935337719781,0.21248829845350603,-0.7346071295714616,-0.4097898321161912,-0.12068474794305166,0.010109453167372951,-0.02920037096158069,0.07107757479230932,0.12875898839374703,-0.01847881670732727,0.09427409998111899,-0.012454365380284828,0.2468450396890901,0.010371136985742867,0.009510728250007051,0.004094431207721791
ANTO-L,0.1692857142857142,10.818635745350585,0.2975712564901926,-1.4289800986828332,0.5140605458176515,0.9996042499631723,-0.8009154227090682,-0.894085760139735,-0.11951683285535793,1.4710196440337873,-1.0374079475537759,-0.12271769967327233,-0.2583506988750239,0.5644850644245516,0.5290482014399617,0.17222756361487862,-0.08018461334321171,0.3564458674742397
CEY-L,0.1486988847583643,27.02955592170089,2.9963126347270497,-5.2980181988274015,-0.7961759447620659,0.8215539844939271,0.9480718404501021,-1.5058629896814537,-2.010948053489919,-0.0166520282917212,-1.1254314628348512,-0.3503032377789582,2.5066563573882346,0.540535130860132,0.07087159054480155,1.2734123676573028,0.05846878900529957,-1.0140214907547642
GRG-L,-0.0505006530256856,0.7552442484879475,-2.187976914210429,0.3500136252182674,0.8373756962612804,-0.12148290002804929,0.47283306848491125,0.13252947446973692,-0.09111233741029524,0.10938906202059247,0.13094046344601712,0.004146499889002698,-0.21275520570507783,-0.16174146952385704,0.013318088342420197,-0.2515620313714434,-0.2776986605739491,-0.0848370592690871
DLAR-L,-0.0330138445154418,10.685248861654626,-2.5426602653801917,0.4903618069827798,-0.0819497392917862,-0.3891231758856851,-0.4541583905369408,-0.08968354761640686,0.5244903183660617,-0.5543310328655351,0.13657951972150212,0.43219328630485654,-0.004361589591246342,0.35083938468466597,-0.08227881972723147,0.08268565618609937,0.15675105985582416,-0.010655173018829886
FTF-L,0.0457142857142858,-0.2491867203332804,-2.6082147035218006,0.3826313065577047,-0.577215181028528,0.1382731412027744,-0.7901689345023406,-0.3165120718782875,-0.054830859273493654,0.6395126941768678,0.0586673351784479,-0.03732374007388818,-0.0032715796465919273,-0.11406897313096591,0.229398817757151,-0.11397183569982783,0.027915449156216413,-0.020618251420011273
CMX-L,-0.04,-9.426013715278462,-0.39897567865163736,-0.175813910805764,-2.7829825593286803,-0.2787642531408779,0.83291557944054,-0.3575609909197562,-0.11863889221132436,1.1917677495828427,-0.4292586257025894,0.4968714568265753,0.08701264712798898,-0.30594586769718185,-0.2854753968382116,0.3298945334932119,-0.14681937753121033,-0.15567350251672657
GLEG-L,-0.0982758620689655,-2.185201741239496,0.9404076191783082,-0.6856602356734386,0.010059312596870434,-0.8556165487496207,-0.010452568129853247,-0.10287855427729492,0.059934722785555256,0.0842627111440187,0.5919096626613592,0.10051589655458641,0.19408915677383273,-0.12802364779470535,-0.3112372894773151,-0.03249470842627074,0.03597096209223857,-0.06570321206402241
EDIN-L,-0.0240469208211143,0.32214115344531574,-0.7481151961814119,0.14150498835556646,0.096440544317455,-0.297554105367371,-0.3213497755099196,-0.06941851004091047,0.1907242995088917,-0.04310992690302285,-0.02889563705055008,-0.030096601618244543,-0.07609605320679731,0.023289353973130835,0.006726681942941356,-0.005516867440968646,-0.07086683428029515,-0.06203907004360949
HBR-L,0.0058780308596622,7.2462355383446235,-2.62467738403837,-0.04543074139935322,-2.176197421560015,-0.22505713406686115,-0.3477392732766983,-0.06696920800145499,1.6166081775161842,-0.49983247871902814,-0.1589271554683071,0.5736042246921699,-0.00013193438062049395,-0.4687373310564697,-0.4131579137905758,0.08782249865846316,0.5177010170079146,0.438841546953185
ALUG-L,0.201834862385321,-1.6246806646221799,0.4996744967454652,0.4249823478998564,1.6702828485744345,1.578707184039455,-0.48917284164667435,0.11640612943751237,0.08341987885697155,0.37316357488722735,-0.13349804654857195,0.4434692460149746,0.13987083561842134,0.0010218185313928833,0.2096708293697509,0.09880268687496442,-0.05382614101834272,0.11392722057165904
CNN-L,0.0,0.03117956508248614,-0.5374148414500225,0.22877785994253835,-0.059393053061526195,0.3829885938342003,1.1856271893680834,-0.18477908341471377,-0.5770057887326601,0.03587535551701407,-0.14521577966263755,-0.3717679051840466,0.11372087374233354,-0.09152359579063217,0.19248433750996116,0.04255992976371004,-0.12303765189339767,-0.10732470990431839
SNXS-L,-0.1044776119402984,-4.384953705591479,1.6113394635172995,0.9250999668725863,1.807204225743957,-0.3143585356059965,0.986761560739805,-0.23134766822622832,-0.1955659493925527,0.07184959088919088,-0.7094708172621994,-0.36461220477489253,0.12373937281635683,-0.24630556126430705,-0.22834436588658602,0.04678104676140335,-0.3063761936576951,0.19624997955352114
IQE-L,-0.0563380281690141,4.917827648072993,-0.6844017841454748,1.1151244715844768,-1.309650969323225,-0.47750099071396446,-0.31155224072680815,-1.5650313365940531,0.9319397799822404,0.7142369505689615,-1.1532938431377664,-1.2005711910258887,1.0721433739536772,0.026983300193174357,0.3059412902518063,0.5860137553306073,-0.6511356970178203,0.6329068946516365
BRBY-L,-0.0795580110497237,-1.7975517792059912,1.607622821447612,0.4294128766962068,1.5530691772905059,-0.6000053780163414,-0.2652283241425964,0.033306573060744395,0.6684617494815753,-0.341752362892318,-0.05050750922942839,-0.021711051229006087,-0.21966139044082547,0.05769983835890767,0.08169987543673349,0.08186621522204365,-0.02999146072217874,-0.0660544608892747
BEZG-L,-0.051470588235294,6.066529823583691,-2.0280355131282177,1.6171739849187492,0.768651515334982,-0.001063098473140565,0.36549691229917025,-0.6323250454813478,-0.291743360400732,-0.05200471869702101,-0.48375967616562787,-0.2249668811767046,0.13719386107256368,-0.5539856765489615,0.5486447852275823,-0.30953116016282956,-0.0881701050737505,0.24451475955249583
AFN-L,0.1050328227571113,-3.945003558727381,-1.507084829283148,0.1563187712203113,-0.5604665217079035,0.547773660898098,-0.5326434351495939,-0.18534515571631252,-1.0337916585028777,0.5574224303254456,-0.3390001228367341,-0.6500863308720195,-0.025813451774708368,0.4659065679972169,-0.10937136896294296,-0.1502514785008383,-0.25538159919762454,-0.0935434310090675
BAG-L,0.0391304347826089,1.2268022067115123,-1.0086220269238209,0.09951095116063412,-0.39893735819157566,0.5536548711018329,0.8581241738823062,0.3124709965701303,0.04182733499629029,0.25979734890654654,0.21583550842544688,0.3247390667919416,0.1918018246218736,-0.28446944483184694,-0.019336482709455444,-0.22778892548797908,-0.11791360144070116,-0.10173844455705285
CDFF-L,0.0,-4.530760186537184,1.4575839316134844,-0.31126759915003427,0.05943274255431046,0.032507275559127594,0.423447328204789,0.3444485186463503,0.08279941413469677,-0.06948434490315458,0.23512789954486338,0.2681536857166804,0.04596791545634488,-0.06705483243214068,0.34957247102125194,0.03691197536597457,0.10727859291767283,-0.05717215753032944
PZC-L,-0.0959595959595959,4.960749539005276,-3.330150202892598,0.45797203076268467,0.19194789068366616,-1.0681179922962714,-1.1535314335178521,0.13468488401801226,1.0134385322795934,-0.1402056656352599,-0.37158543935067206,0.2826394414309018,0.1582307778068043,-0.2206420003102261,-0.24499397150264673,0.01944908189547124,-0.07081060299434594,-0.054410134169407785
AJIT-L,0.0110864745011085,1.7572866563881129,-1.929984587710589,-0.20473170617849468,-0.20278206672466967,-0.2937600496006007,-1.1133965498754177,-0.534905379251352,-0.050532877679839286,-0.00611488144530833,-0.21231018568750282,0.13482372165812917,0.013453665639241585,-0.03291465995536416,0.04667189892004942,0.047124816445046874,0.17351144964042922,-0.011659994479620425
BIPS-L,-0.073170731707317,0.5120105681023912,-0.5035194622909808,-1.4722851251600797,-0.844520062367694,-0.7913968560388592,0.2628812471025155,0.5361946416000354,0.22548880399375057,0.005978756848430747,0.01661647318554886,0.043131637277841604,0.15726968362912272,-0.2639115900190414,0.14520254125142185,0.176668422664226,0.002394732154635873,-0.036348223275692315
PHARP-L,0.0173824130879345,16.678102844361703,4.964832470331892,-6.120981309818984,-0.9473840997415999,-0.533642036472524,-0.0776005108570266,-0.3568450108344969,0.9660564210380597,1.8616326492711444,1.6489580433202111,-0.9917002897582711,-0.30379955600051756,-0.299191720862763,0.29790950735078714,0.3504170091378412,-0.07051314676014904,0.9986626320380414
GPEG-L,-0.0095621540010065,0.27406367870507964,1.2391707338112827,-0.010093269304775351,-1.0776806965407935,0.33832860817017346,1.7438558242657238,0.17797796667432225,0.27712385154171437,-0.25180886640452554,-0.2202647496562115,0.1671969660692943,0.10338958326828335,-0.25931902350139413,0.3381383630935841,-0.38729170317125944,-0.07375150502302164,-0.04321341035400217
PRIMP-L,-0.125,-6.277067185307267,0.599585507184856,0.6719938368822344,0.6846293048666052,-0.46234497974159783,1.3550166809006632,-0.10873620624021345,-0.9764465722986645,-0.6410507240571781,0.6375463566993267,-0.8428659222253149,-0.5710753501605573,0.2195494179316966,1.8368634645009714,-0.3884360607361689,-0.010151399365754092,-0.121629662377109
IPU-L,0.0853658536585366,0.5687261975901741,0.3271064439205145,-0.47767107477721343,0.08946094024205264,0.501296700469448,-0.21082654079505472,0.11981014267259575,0.22626272811515283,-0.2032781405012104,0.017390700357145013,0.01234607977695001,-0.0526393891662818,0.01953952480317089,-0.03650441953614008,0.10085530877916714,-0.0432371846480146,0.04820848077958618
PSON-L,-0.0648882480173035,-0.9772552757885149,-0.8462240186288618,0.5055884775784514,-0.06082325933084855,-0.5163332541738848,-0.10382448257832862,-0.07229755525630069,-0.042755471815296806,-0.2030106743669193,0.2771049857331697,0.2934302618651184,0.025079396245518637,-0.06135938859526794,-0.27309542125678204,-0.18533185728262305,-0.1134664808508194,-0.06822059532753519
HRN-L,-0.032967032967033,-2.483990583886341,0.1337834769461838,0.8567788986436868,0.7100946214496695,-0.3808997556196154,-0.5978248303314014,0.389023331654263,0.6589410837221952,-0.11352360954610538,0.1351274816875022,0.3756951699636442,0.22554847231221242,0.17129117988727607,0.1226727603277253,0.05904654091834699,0.06334555880598534,0.11588067705218352
ALAPH-L,0.3999999999999999,-5.350148630081125,-2.677671635645967,-0.09401158559620039,-4.014197980933785,2.7410193061701,0.1283718635699547,-0.07390676315440559,-0.3962651942464279,-0.010317816058359892,-1.0733321654490018,-0.9949123835655695,0.5408210919537486,-0.7976521847408664,-0.4228058311556934,-0.30797550531843176,0.04150353382957998,-0.017853165073256707
IBT-L,-0.0476190476190476,-0.5629812621997862,-0.27057242582949115,0.550850841728067,-0.3100848833893903,-0.41668486886664047,-0.06942144962628843,-0.17584933138350933,0.2822661482094226,-0.3863302618906168,-0.09122265816302208,-0.005682427222006632,0.022925340344583066,0.012762273364134642,-0.08538878869248895,-0.01943380560646206,0.05187549485940846,0.05583877624673781
OVB-L,0.1,5.923528181350529,-4.5041176359713475,0.766407413366065,-0.7349423279216456,0.3218084418728881,-1.863201052494468,0.2724079067120933,2.3424097160479644,-2.006108176351608,2.0387409639957133,1.6116251801525319,1.4229862590571776,-0.3358791954611166,-0.11906874514205551,0.3945566427118965,-0.3473162966162468,0.2549194824814923
ATRAS-L,0.0272727272727273,3.8849024799500933,-0.9180794365324628,0.06875826591893665,1.5574410739606108,-0.022282026856088877,-1.2309150542325225,-0.6551675132444509,0.11207892364347952,0.4181047601512145,-0.36360476458561386,-0.3028613219915236,-0.07473595410867966,0.027868150928886733,-0.16805763506437307,0.24323872140206698,-0.024574177161948246,0.020973429576620895
CRDA-L,0.2221115537848603,0.47116928722542306,1.052895449198463,-0.6932769609687697,0.9630589460773913,1.569646935337226,-0.34047574001981656,0.23898455029214685,0.06770732972773356,-0.26288109241464325,-0.0915799398700687,-0.23294866801970948,-0.2781270282059339,0.051004842189657604,0.09598262034138215,0.07221500582286085,-0.05990902646159141,0.12808685915906345
BOOT-L,-0.0932475884244372,0.005127466489494532,3.202175405716709,-0.6565154753445902,0.4428850375344139,-0.3583154996369271,1.4351515550336988,-0.14403435192837485,0.14949125656765147,-0.09556685967317342,0.08131985984877407,-0.45964279578804895,-0.37877696956878737,0.04991967453414254,-0.15873047294143697,-0.006858596731406572,0.1485385531261866,0.0063354194658736965
ASTO-L,-0.0410596026490066,8.065817271452094,-1.5639476779631214,4.067370238344944,5.34153471736799,1.080256739984239,1.444006774098222,-0.0034525051013488185,0.6667265591190228,-0.640796383915805,-0.004858523730234744,0.37348948239901386,-0.7188372851165904,0.2389594823565752,-0.2553078253664557,-0.12348245621823607,0.2803872624954468,-0.2754303472336365
CFYN-L,0.0272727272727273,-1.736027012538753,0.5327122403529835,0.07481841464714699,0.8249955589086272,0.01276806383114223,-0.6919196012801823,-0.06209676463178878,0.024994325627289975,0.2134994579109963,0.14003988609522605,-0.01066110346646061,0.12434415400569769,0.36805714414657065,0.1152443595702154,0.03291211743594359,-0.06369824133439328,0.09043656415650117
BAB-L,0.0106382978723404,15.55389149058386,2.71431587841378,-2.151772736908706,-0.8519848914563416,-0.014860724051743842,0.5905959475668092,-0.46599426864251176,0.6281004611150047,0.49361343865465673,-0.05207654143691145,0.28770076658707894,-0.7400937385305658,0.2522224711762277,-0.042989781094545244,0.20433142301291013,0.05724903829869653,0.04091760527945161
UBGU-L,0.0592312539382484,4.25214969857386,-0.9285687619261912,-0.3754526197327812,-0.2590995148357177,0.4762539336568175,0.2619718755083559,0.022845729753263197,0.10889716844034363,0.13497630974248398,-0.2332641723748717,0.16044508894335763,-0.06140656666242157,-0.3541006119094573,0.005131331215991998,-0.2292104595002275,-0.029085176179466665,-0.12932874700884545
FGP-L,-0.1588235294117647,6.693333728624687,-0.4514983934789257,0.5277852751140648,1.3746516251579226,-1.246469901005236,-0.13726857450590071,0.23444325510070999,0.9158541183618466,-0.43260886572567797,-0.6596694769489421,-0.03750569952559291,0.12916390013763535,0.38157337749945774,-0.36569184674338995,-0.21156058421491034,-0.23598971730943877,0.1057509967875305
ACCI-L,0.0,-8.368678989969931,0.35745983465527886,1.0349334501466292,-2.6562888126698385,0.9594095912751642,3.0987507460443813,-0.48895085611154354,-1.2289796051061381,0.9608911109655355,-0.10379776944970663,1.5263306869213538,0.3895960370652991,-0.6961381280966383,-0.022702156228481585,-0.26555393499931446,0.26447007291462155,0.07372500911033454
HRI-L,0.0127551020408163,-2.897167005359716,0.051030269007528245,0.184116434059903,0.334455095079406,0.14389439488041839,0.07174248735361806,-0.2719317573589341,-0.3827092249632629,-0.024731326373533934,-0.09560793848008978,-0.2191240808350456,-0.04816433445378424,0.03292984537376948,0.04720555815600731,0.07068746661996907,0.023506180482315984,0.06788657310602998
GNC-L,0.0510328068043743,0.5449414467739098,-0.4418227688745484,0.29979688450453446,0.45528084231530275,0.3136531650887547,-0.33913140608018283,0.052402344684800824,-0.027934014807477536,-0.17788533165879336,0.2295751190116151,-0.5667562588182122,-0.20425914443620338,0.23393071449642444,-0.27255685701208526,0.012148513261247435,0.07272490944531627,-0.011127535721435124
HSBA-L,0.0213316095669036,-2.2759102286811,-1.101210588235902,0.15680723918899808,-0.2527811747855375,-0.09242959834556493,-0.6507045268219188,-0.021229647000250634,0.012737308156544168,0.2495895145099876,-0.18209409847081717,-0.25033713172229,-0.1501276780481019,0.09505525758538226,-0.08438299781001776,-0.06901333803695647,-0.11035098404979297,-0.0034065903830769587
PCT-L,-0.0055248618784531,-2.230804969382605,0.037893172325534075,-0.3752224883225122,0.2889388413515468,-0.2964588187960968,-0.6823317730489772,-0.27767069083118623,0.13544590070002294,-0.03389690921387564,-0.11726595727134324,-0.053512117871667604,-0.03727178498445909,-0.1682340158096292,0.05688901892471449,0.12398258134626916,0.008499334868425407,0.017499684439519353
BSC-L,0.011494252873563,-2.666925049959424,-2.2781127013913247,-0.22479525474915643,-0.20008029379141018,-0.030074364641950645,-0.17959027674775108,0.27073551693198245,-0.0364725517081816,-0.011550098352005189,-0.27062039768030677,0.529886357359579,0.5552683667151199,-0.7092864693764223,0.062236794843748736,0.5652583214671266,-0.2398447162598787,-0.165044999164967
TPT-L,-0.2191358024691357,-4.155083581008195,0.41028767497635005,0.36397889379948706,-1.0593047268344373,-1.4382033585162646,1.4018288097490934,0.29299281994648474,-0.04215687925294322,-0.4809776617701193,-0.1987705152808925,-0.23661942213718207,0.28658712154696075,-0.06487122843153277,0.007422656415351052,-0.23031645231191142,-0.13143226425126692,0.2836135790165774
AV-L,-0.0580177276390008,-1.8996995317100984,-0.49458344394882614,0.01864936710011144,-0.44717184267274657,-0.6208744595706657,-0.2523638114342306,-0.1223918003543657,0.1694458558115234,0.004367898288736741,-0.26647634352744437,-0.030577510240119857,0.08562293351004084,-0.16251554552741293,-0.09253903840886267,0.11641849469368354,-0.15182499238763644,-0.17649401308792648
CRU-L,0.0555555555555555,-5.832848299784181,-2.9837393478805714,0.7942760750751202,-3.2669526559221636,0.5542730367603957,1.0037844677272658,0.024972463967620075,0.00863724606637052,-0.6713425480379701,0.2554944546774439,0.24645803287020313,0.18220230410521865,0.06430332929597862,0.5385156539101834,0.027135929804163614,0.037979264792775747,-0.07750441387422828
KLR-L,0.1040209790209789,1.0045609414556473,5.687661823540374,-1.257141908179003,1.207001058220832,0.8611216002285721,0.4212744388173071,-0.16179856709252785,0.7786517168032705,0.45903318205106847,-0.5109766965286269,-0.03958753223870731,-0.41276170896264963,0.08016329545868232,-0.4676110635129588,-0.10279109617243809,0.0686381129773017,-0.022909454066763493
ECORE-L,-0.026470588235294,4.704710025556753,-2.24937860940465,-1.460478657622253,-0.12178101852572695,-0.7787984712685535,-0.8880582625349241,0.8954619823364481,0.031164747025504022,0.7515304633135922,-0.7978294483509377,0.011267204961760566,0.0996989634953347,0.1409725772948252,-0.2046338642552207,0.28492019483713343,-0.3357109762971837,0.11970508785583416
SHEL-L,-0.0210409745293466,0.2708783029331716,-1.78430152572209,-0.1641932157422553,0.5929586367705931,-0.5835851018466033,-1.2854754318911754,0.059452462480398496,0.042625700138839595,0.4198929827426656,0.03080648404740314,-0.5274823538214146,-0.46854472691764,0.2907138735612466,-0.043667228773859874,0.04225790313909154,0.04251651722289634,-0.10741766123316634
BTW_pa-L,-0.044776119402985,-0.752849809667432,-2.601406223881526,0.38720920631949235,-0.9221615495250342,-0.4847048382839467,-0.29731152492552354,-0.045756725804480466,0.006800947787598725,0.05408206818562517,0.16649408425581363,0.031136556876576217,0.08325702823818605,-0.05276776266663291,0.1895951856651125,-0.01777451067235727,0.04852416169138821,-0.011377684132022425
BZT-L,0.0052631578947368,9.778705653734033,-2.1886388274522193,-5.222582307464508,2.3565625270255928,-0.1884732976399266,0.3277688267411169,1.772735875613709,-1.724321933511946,1.260513804249957,4.187822027061777,-0.17981006190761664,1.5791994690526123,0.7213827274690189,-0.4115454540818856,-1.2173537662082297,-0.4653193094527769,0.7314657233355476
UFO-L,-0.0434782608695651,7.702971554184465,0.8763830665014903,-4.879773505608118,-0.635577951343315,-1.7929065526294363,0.46176453559797803,8.598273110615754,-2.1169763322080417,-0.4778554187521519,-1.8013643342726333,0.4221114265255613,0.2488835205634392,0.7806823752639493,-0.20678079100087005,-0.14260156044140498,0.0057207763098472515,-0.6055518834055683
AZN-L,-0.0992805755395683,-3.1448420809014217,-0.4265550040390644,0.14543761184528514,-1.0712962752190036,-0.8746080016067759,-0.12152049203471564,-0.33208938329980475,0.24193724561626906,0.26788770937642065,0.321537092842141,0.06845297135171782,-0.1306245443938338,-0.008278462084995213,0.17469590737379057,-0.37510268785994183,0.0814111083580368,-0.23343747889351146
TOME-L,-0.04,24.981644825422183,20.10752390826961,17.30825299744262,-4.746053886642727,-0.47649909901717247,-3.0476456047903233,1.9532528400818057,-1.8915461636101327,0.6474595257953253,1.3101157501863836,-0.3812514930670499,-0.3168390350040994,-1.0561781992136234,0.06449914650248613,0.31895119920166654,-0.256958424467537,-0.10306122304776301
TV1-L,-0.0857142857142857,-1.4612062863173432,-1.743101373067946,0.2633518973821833,-0.17973453530466216,-0.7843560648029702,-0.4109519692587519,-0.12318715661085873,-0.002475503152957605,0.36405778068588696,0.13719438481791865,0.030538868686476945,0.03005086374503023,-0.033236810003148626,0.18749209969299882,-0.03138861190538214,0.01140798784780151,-0.0022392061473926147
HID-L,0.0,1.5369710340428175,3.6479292827706726,-2.0538736705731937,-0.6349050958736805,-0.19743561298460144,0.07407745701731165,-0.9811861019970706,-0.49911107088208523,0.94037282464437,0.32714456421675914,1.8066953026690515,-0.5733045923244003,0.7452157929545816,1.1595020114406847,-0.1170833729920424,0.6193252398838817,-0.5759104321514782
KIE-L,0.0875099443118538,-1.7156250002516709,4.066482272612437,-1.3129308421250758,0.09070820302147481,0.5097533823573065,0.13487667038107773,-0.061469373893450655,0.4346710370084585,-0.14132917117789698,-0.27262106310509976,0.19331536778172367,-0.06647242409283938,-0.19399887355254605,-0.6023319549412696,0.03622148893397969,0.02668345453475613,0.02618924201086809
SBRY-L,-0.1188369152970924,0.5124465967499163,1.375015702416106,0.886512672883038,1.565223438482739,-0.3970595623621976,1.073911953677613,-0.28847239642864303,-0.26125339495149585,0.07780139795512672,-0.26989075041863275,-0.18854111857107816,0.02264012164617209,0.0014570151251861528,-0.049064347123164716,-0.44716773376462904,-0.0940021638963973,-0.003641457090370491
KBT-L,-0.0576271186440676,4.17520112146903,-1.5785650959067612,1.6303378519979903,2.3408211090917646,-0.1901077071489576,-0.2674558522574766,-0.4543674128518774,-0.28637717720383704,0.37392167461667575,-0.8672766684946023,-0.2647511367533707,-0.27450755844418556,0.08057150672411374,-0.019269607584160336,-0.22296438996185744,-0.3769577942222233,0.18166276924332847
BRLA-L,0.1171717171717172,9.396767900785441,-0.09904356083066145,-2.0050193076079594,0.7184877207043928,0.5175443184526204,-0.4608740745419936,0.39936897311933023,-0.172457289284724,0.018058825649762997,-0.7781225844344513,-0.20268170568709998,-0.18227887187724007,-0.08937646342390046,-0.01697870894257153,0.42504275459824986,-0.12191233407234138,-0.1604655788069077
RCH-L,-0.1368343195266272,-5.0997489259527615,-0.5120694490106973,0.5262324765608252,-0.21293890942493732,-0.7550581275974156,1.028703437539297,0.041074059094358635,-0.7359614901165403,-0.4698047963919316,0.30954066911996764,-0.1671306933001203,-0.30710960250206876,0.1074394214802369,0.04847749548243126,-0.0029636951916146323,0.05236626946670466,0.08200704812720792
BARV-L,0.0052083333333332,-0.668661905548003,-2.1578699935480246,0.4087431740940559,-0.29282125173527296,-0.12338485419563382,-0.5558355807309806,0.027421201934232177,0.06940399176054171,0.24145435081942374,0.12260412210067306,-0.010122293046275306,0.08713894077031084,-0.0015034562632317164,0.17950838039272476,-0.05524353832125646,0.0678950913393385,-0.06405060104065356
DSCV-L,0.0468497576736672,-8.157603885617062,2.854366609074253,0.3660691346649587,0.07007911104362229,0.5713035108926707,0.7001014012138783,-0.2255408153373816,-0.4798391408979922,0.3445669946171804,-0.09158829955415423,0.32685933944990503,0.2198086406862155,-0.07616523856408558,0.44946697305038763,-0.2811821092791591,0.022502065649047363,-0.21541460434763102
NETC-L,-0.021978021978022,2.560753228347531,-1.3215600123412656,2.3027103598877843,3.5064106166950877,0.6000934922063649,0.5742767413454086,-0.7897425818073254,-1.1827223226066148,0.5919118444116201,-0.3265806688295808,-0.11281609738388461,0.4015213130637684,0.3757601361110015,-0.19533319549668032,-0.09046212822932827,-0.6289730286202815,0.2163762445501436
CNSP-L,0.0434782608695651,-8.876684748752538,2.507758184062623,0.3185105450321247,-0.2069216807672235,0.4251513948399373,0.6335101933256322,0.2759647184067157,-0.22268777732205838,-0.19979700954217106,0.2973822074144357,-0.7520826754264697,-0.01447525393959758,0.09490296622784189,0.03139181676629281,-0.24072325441108644,0.3646888224196976,-0.2366673855209206
PGH-L,0.0,2.709647413460407,-2.6598248539324296,0.2312868598443007,-0.19318135246577356,-0.11674599380440147,-0.3981447556429723,0.04132609120784804,-0.8575718199690896,0.34558689861096137,0.2574624761201903,0.03362685187080972,0.12804739818932906,-0.09476633899446511,0.12715262838014715,-0.32829093934540254,-0.10832682764601194,0.09366940964370866
HILS-L,0.1100000000000001,4.6357742216458195,2.1431011003461906,-2.004644451592751,0.9446296170663726,0.7658810829747504,0.3256033850367283,0.3453704660961414,-0.44503846749817116,0.08304892080097269,0.0266077638719744,-0.31162254952905116,-0.09927151059789524,-0.457449974570321,-0.038627581292126546,-0.154188937107195,-0.1097586395066603,0.004254048259612255
SVE-L,-0.1157894736842105,4.999036414926595,1.8568688020321826,0.499688604038753,1.2000550276794966,-0.8449565892171967,-0.12223466687587468,-1.5583971382632895,-2.676787083579432,0.2355864166816965,-0.37475992903711997,0.931641592331902,0.6572778829885566,1.0123909855919822,-0.3370463772856149,-0.3876552835150249,0.17174941792511647,-0.0809838234405355
HDT-L,0.0639269406392695,-0.1755536743957449,0.7472520065440613,1.178303240508651,2.50254239509814,0.4823686572559192,-0.828007912197849,0.259372863392167,0.36863609516094065,0.39206209979223744,-0.588144450400338,-0.07456915430964974,-0.2407976932358613,0.25250886716617343,0.10464898921274816,0.033828534946767005,0.07825917625363389,0.5429301965326848
C1Y-L,0.0416666666666667,0.9458866211529118,1.108186603179116,-0.3751266125786925,1.8196950275309924,0.5690020659400814,0.5048008546386876,0.463648550462306,0.05365687215050839,-0.20416504901811705,0.24900090081407047,-0.2307558198733292,-0.29019239263123636,-0.37109656847027317,-0.0326812675335587,0.02389456685610563,0.0003389325333629012,0.21207765247642693
GBGP-L,0.1834862385321101,-1.5703414009589394,-1.9493078912514212,-0.5117576916151464,-2.9095072897342016,1.5080967672805545,1.2213777246546074,0.32717086785484406,0.311028482340174,-1.1612637038763476,0.7667019602071287,-0.6548787630081355,0.7722157577153002,-0.46216187776332357,0.4240108508499316,0.3676439027941866,-0.00200036320275907,-0.42526011443010575
ATST-L,-0.0238784370477568,0.44886616344612124,-1.5878906403479631,0.10646034394024986,-0.52883132762877,-0.3763200150470053,-0.4351970570902483,-0.1713358204030377,0.06096690804947565,-0.06890113535063294,-0.000782837939854771,-0.0009433885352337478,-0.054951748513010885,-0.04819945018830768,0.05507428900675693,0.04973778448469503,0.0025955367198338955,-0.06478011707764306
JET2-L,-0.2357142857142857,-9.032775373911978,5.644211222645884,-1.1150944199708814,2.0865683565795807,-2.019743301830597,-0.25204860941815543,0.49632033298451084,0.46542572910495994,0.2720383619951648,-0.016057940878653285,0.5217210359287899,0.21967549176092954,0.052767119757598006,0.18113745153405886,0.37600066124430137,-0.2023093408505452,-0.0800036560207205
AATG-L,0.0,0.1903902061606677,-2.6281262409434367,0.3784716338168717,-0.4047477520585412,-0.08864171675368482,-0.25227744312453965,0.13960788016577255,-0.216606578993946,0.2989055637810538,0.21040076699986354,-0.11414080581810924,0.02150547932942576,-0.013912393568649236,0.31067358834551,-0.233426046922964,0.020708285811198185,-0.015406816866858866
HWDN-L,0.0123839009287927,-4.579921212417003,1.5003270643905615,1.1960445831394935,1.0129134548535006,0.28463346433736525,0.19935982587745646,0.09864673725366303,-0.3514575946507319,-0.3071640515231472,0.234707636417578,-0.02938624072312417,0.15672932539204557,-0.18960464466194882,-0.3262903945414516,0.3553874999085366,0.04438143911289789,0.3496930254297646
QBTQ-L,0.1428571428571428,-6.233695151676918,2.9270240359994615,-1.0382276307557534,0.9020389100258416,0.7238920345258719,-1.4024984688604745,-0.9953765606572911,-0.32065308208948623,0.47893836984570426,0.8588953609362768,1.0753208997223704,-0.6727765045177868,0.41305728747509707,0.32892554740138635,0.16399445637594381,0.5530866350896347,-0.2899497424154759
AVCT-L,-0.073170731707317,0.21499255118094482,-4.435019420712072,6.860272795187947,0.3571234470162591,1.5175166841872503,4.190225418604518,2.4412273084880503,3.886836521113644,3.4015842165818104,0.7319928538741498,-1.4917805967376228,1.2050368439102435,1.3083945808047823,-0.35496209378038357,0.196589272042577,1.5057881002337907,-0.19094916558273936
ADIG-L,-0.0038986354775828,-0.2731556045450709,-1.250199586644442,0.10200062533530786,-0.2350868340426627,-0.1529284796212666,-0.2792240095864219,-0.1013067069678168,0.0987790723937019,-0.09925750267767716,-0.04845379758295575,-0.0770553229839297,-0.05495431513555749,-0.10903132077330326,-0.03805995746754539,0.03925106195666447,-0.05573015265311882,-0.07288751943457811
NFGN-L,-0.0243902439024389,-1.8059657179458892,0.4906312730115329,0.6780945803013573,1.0858470482940417,0.1869443415789952,0.5655995742951614,-0.5306587831365193,-0.15882501564660917,-0.292186658659304,-0.17227661041821027,0.4320553441222024,0.3785305626747554,-0.5681130298568731,-0.3545567349181047,0.08350944059401672,-0.09292663867391819,-0.18444955400879418
HYG-L,-0.0666666666666666,-3.7902442491592074,-3.8615362814796965,0.5857885880693007,-1.9549164679075117,-0.978326643877768,-1.040730550613312,0.11529444924368601,-0.158331062526625,0.007080781152777334,0.47881833520483424,0.42180769205606056,0.33292099779171364,0.17272438291479275,-0.5170388613788054,0.3504937296871095,0.16842681650205307,0.1449831605387884
BATS-L,0.0446527012127895,5.334029477624785,-2.0591601174016647,-0.4193267074938241,-0.012466621569074576,-0.0019793981623191376,-0.9982144446223062,-0.07586933721909717,0.4142668379360492,0.14778704254071867,0.11734122279565476,0.04324906587816752,-0.07358553464078732,-0.1634486402005348,-0.0563035408359696,-0.2538388142466112,0.05254831600167662,-0.3046106020412913
CTID-L,0.0,-0.3272858097933905,-2.986453022310309,3.1715281756149643,0.6131690096139627,0.5540133094452889,0.4788504756036094,0.2414051787050884,1.424878905446973,0.2237534212911712,-0.12771868481500148,-0.195356789972444,0.18483729400991683,0.4970906093960003,0.4574737930189961,-0.08286068035497275,-0.8468018938882945,-0.2859031750264016
ITRK-L,0.0,1.8569584303537716,-1.6111421976848035,0.2838773654639716,0.8972277569976702,-0.049162007652498854,-0.26678994301856956,0.41270922996467313,-0.26890632433581607,-0.11437782982380221,-0.2175361605541773,-0.21227005924546433,-0.09421532261705143,-0.09459064730393998,-0.14017276032256173,0.23941238841816817,-0.2127021470275506,0.3441205995072789
BGFD-L,-0.0045592705167173,-3.2229416350333073,0.3570607637496222,-0.6609114576425237,-0.43507117126838313,-0.37342011595986785,-0.6968068788489554,-0.375135113753071,-0.14170397462890522,-0.054593624621055534,0.2612935983538668,0.21655233452031744,-0.03297167095643115,-0.11057489229343424,0.04098391098406311,-0.1271453733023574,0.29983083562070517,-0.08371232700026181
IPO-L,0.153439153439153,-4.057686875821706,1.312727258303067,-0.0793980779637076,0.7089858913246864,0.7701183943840807,-1.1281683547461243,0.47285698070526966,-0.015019005635446305,0.36391620185381457,-0.08329404368958844,0.12878219127957163,0.12994685306345435,0.3831848734653793,0.2017041012878243,0.27652582751244786,-0.005940886678492256,0.19062712788213024
HWC-L,0.0,-2.504795401768622,0.35335726458878497,0.30827371323069575,-0.20158659672498536,0.23191383589094774,0.6516503378457286,-0.7657840133624877,-1.3225064226282701,0.22939550201392656,-0.04358812965575729,-0.3116920227404734,-1.2105049182271952,0.5998185693500663,-0.24669558213337744,-0.19778823394458167,0.3073511933066937,-0.33656625404550566
JLP-L,0.0114942528735633,2.115530355365416,4.243302583776462,-1.6814594820380084,0.5662556409910967,0.0936509885111758,0.3471360501136335,-0.9400112659318588,-1.011052331040522,-0.4202125541229168,0.6883182192463647,0.25279778280904325,-0.3133347758036847,-0.20593068192178585,-0.5429108822586683,-0.0696877370922849,0.08907578778724305,-0.6885306894338292
INCH-L,0.041860465116279,-1.539935815065529,0.7072360048223345,-0.2968332783956004,-0.9041400840106554,0.28070029906669675,0.40863000557839224,0.22133695186416572,0.2476072374055579,-0.19529010699330487,0.12580271883869318,0.23128941301740463,0.13406143955377783,-0.05961497754928485,-0.380882143158666,-0.22728728580800794,-0.16885598519324166,0.08551857531193575
MIG1-L,-0.0558375634517765,-1.601522014710978,-1.6987133972637738,0.27588688470391987,-0.44935365400723193,-0.7164653860450334,-0.8646534148612842,-0.06783670226587853,0.2620331157475006,0.12420571477525706,0.24526452366725446,0.5101368304691124,0.274942142286272,-0.27893684440612404,-0.14847592280166771,0.1313090275027501,0.10339010773472554,-0.07730847804512377
FSV-L,-0.02734375,0.14376670930589694,-0.6243984635867927,-0.017192832446594787,0.02759935222868487,-0.31463394268181993,-0.1871873008691869,-0.028030931961229126,-0.1373849468512808,-0.007966915241345752,-0.026998908505670254,-0.12282583423107153,-0.09064326409452136,0.00957578374355685,-0.023899903804332205,-0.026614887113054795,0.002839042069781204,0.025624638170983444
GFTU_u-L,-0.0650779101741522,-6.19399162871115,2.031413126233762,-0.16771943277003923,-0.7518182969968779,-0.2137592642881526,1.450640944684585,0.17390793847630506,-0.41184407053595967,-0.009913278162842366,-0.06716687701755268,-0.16180144664210652,-0.051150082217006,-0.053669034036491696,0.12887107492906227,-0.0007760186105992613,-0.045154937202009936,0.07275395967357828
TRFT-L,-0.0677966101694915,-2.3599096556306067,-0.17323903753371733,1.409593422519655,1.516094203469369,-0.12178116000862353,0.5214526271673434,0.17546574768959863,0.1392913482882352,-0.22822335936025606,-0.09223530577949698,-0.22344362563638637,-0.1855042414411983,-0.09912113392954544,-0.14669241011542272,0.39028081694914973,-0.18080163009525915,0.05326003804968602
JDW-L,-0.135096497498213,-2.5557798270768632,3.230479249547527,0.38468555443247343,-0.04614481964805338,-0.5403508328313813,1.572043460556509,-0.5881985250423462,0.6714957173432607,-0.24556165713893896,-0.32644780653814864,-0.18418936649237405,0.09410663915226668,-0.30923568986633215,-0.11844696951176549,-0.20871370462076386,0.023435475642039225,0.18168655685435683
BOY-L,-0.0131926121372029,-2.5410575381168026,1.5055717097041397,-0.5575527034297084,0.056703316585432595,-0.04036727793235175,0.4061826397219574,-0.2596013854252892,-0.5504867867735117,0.6331215823989921,-0.11902775400212648,0.5888169897631003,0.20521204475862762,-0.4430190350955523,-0.40076467143521416,-0.21552371636242082,0.09895201986500056,0.2472087404684174
CRGT-L,0.0,0.3227899198821312,-0.5200985196599051,3.2721120611788845,1.8699727958966414,0.8983941565880968,1.282727032133546,1.333815174865714,3.058068521141549,0.16814228804842807,-0.24541736393895025,0.6638645026679845,-0.15027808112644134,0.3829834689190019,0.4652667909227028,-0.10302322924492006,-1.2946767206930825,-0.7884613095149445
PHEG-L,0.0,-5.823326509799031,-3.567915558206943,-0.7736615963928687,-2.557235831368473,-0.5977188889681884,-0.9508730087050294,0.19024770649648942,-0.21452031195650298,0.3129105581589628,0.7012497400969574,0.24549074221124664,-0.48188152466150197,0.4440657879143936,-0.34373610161662244,0.7803051371604867,-0.26675203110644596,-0.18554924221633098
RIICi-L,0.0849673202614378,-1.831044423663513,1.3917907558766272,-0.2762352758713292,1.5228729191114476,0.5532898852662919,-0.4891517831563958,0.24663366549372434,0.31173495494958287,0.13330599704080304,0.004388676559486682,0.10465714221443741,0.010290025875191126,0.021480716570487706,0.15413677056449854,0.26456283942666275,0.03322762799116633,0.04521876406567923
MKS-L,-0.0851553509781357,-2.5778418580691476,2.759567637481345,-0.416572765572661,0.7172195764909657,-1.0250262090774047,-0.8390713072750086,0.014288839176266617,0.7466294586944736,-0.15726335799327668,-0.15917378234891538,0.25059312413847284,-0.17711082065145106,0.10020750943757775,-0.10540402933759246,-0.04648215045851492,0.05727053290354898,-0.0012113460407475313
BWY-L,-0.0231990231990232,-3.8440886852885456,1.763754001390132,-0.11255927609837912,-0.6843435777563028,-0.008445982429072723,0.8587004419975884,-0.2005454768095021,0.16249013069577026,-0.24171771825949373,0.14039187487470142,0.4340986256629067,0.13273447523953003,-0.10484229564921355,0.1461851149735423,-0.010034381074184884,-0.010155032254177427,0.11882576361382058
TPK-L,-0.0885860306643953,-4.356716489520203,0.9266830962686102,0.5355973901433108,-0.09381142619039816,-0.324077827402324,1.1543421950045403,0.1774006153656306,-0.15701926726508472,-0.11440138444417962,0.31497156193274534,0.16809712430921483,0.08873395668944772,-0.00197489225683383,0.38309805926518625,0.00046600487832449387,-0.21815033169951478,0.0446927354047477
LPA-L,0.0454545454545454,3.4056022398853254,-2.1120367330799312,2.735303500220002,1.769486191040023,1.1229216728534182,1.178034409269042,0.7457347437695087,1.2062222372694265,-1.4799610664475051,-0.1802534819033484,0.8445015055297185,0.2570317726297123,0.07999749833452631,0.08523231614706392,0.9267293988807683,0.8846936314531794,0.3329246273836296
BRSC-L,0.0906862745098038,0.16340818540334537,0.8793298745987501,-0.3156977672720902,0.0526526150643757,0.7349478962872663,0.3343173785058551,-0.052684094274083,-0.1673818857100226,-0.04425080688487379,-0.2716286436280282,-0.03676878194313657,0.042732409794459025,-0.106491900407259,-0.15366556068593254,0.031990907723597736,0.016590200176878858,0.09635018223794303
TW-L,-0.1373056994818653,-6.239046972895132,1.834041505469925,0.0038388299553418857,-0.6248092771982952,-0.7083201257746262,1.5314714288391618,-0.0510247332899991,-0.32174658326752414,-0.8809025395805258,0.37114252892459015,-0.23656966408508878,-0.22113265243643965,-0.11329021371184428,0.17309395801425884,-0.13696610746424126,-0.09863856446239273,-0.05414286625658851
MRIT-L,0.0576923076923074,-10.478669303899562,5.037122682275805,-0.6278609307969336,1.9988640654949148,-0.03685057850908054,-1.5115140820258477,0.029561139242796484,0.6152190958669191,0.2002584139193886,0.0838498139508554,0.6884161938059693,-0.004694467781211687,0.13410859872880407,-0.35520476143921537,0.15781721737688637,-0.1011709438932993,-0.17338353164140236
CGT-L,0.019753086419753,0.20107442543503753,-2.551218317084807,0.17278813538385573,-0.6045519553414964,-0.03947014896275652,-0.463948572925555,0.05130965690495495,0.03440510826200594,0.22343309102449982,-0.12638086564129564,-0.045326615257192275,0.06929346893870034,-0.10782787779763822,0.1309971629970305,0.048193482321128876,0.010916780471617446,-0.06585563576803145
ABF-L,-0.0587564175698801,1.181699730947076,-2.814864771972032,0.23146843275684037,-0.1980597139677537,-0.5140841382793482,-0.19935136307235668,0.2232912261229783,0.234714079393469,-0.06210533123437676,0.18570643345041024,0.3657899366607707,-0.1344796707762276,-0.01430800066937862,-0.38944421544691865,-0.019573470576954282,-0.3488153223941589,0.055996392262784175
AEGR-L,-0.0238095238095238,-6.999944054374759,-0.43683313031896065,0.17267821612130457,1.5909939111616507,-0.7014603259314536,-2.1082670197011764,0.22237341343537637,0.33376672396945023,0.5122364356452523,0.798546833767092,0.45686057054792656,0.24661959655363028,0.3397961157078234,0.507604478886075,0.49699516865655907,0.13985652215738031,-0.06082034492462788
ACRM-L,-0.09375,-8.188699658968913,0.33411532751663187,0.12338493809133727,-0.6599967765915258,-0.8927951260714607,-0.07926692341384217,0.3022903335470601,-0.33331372008033133,-1.2599616454985452,0.9826520997562908,0.42087640429574985,-0.07898227811840211,0.35479952587678487,-0.6492489631232866,0.23648250911224503,0.10448457151652714,0.020387247109155803
CKT-L,0.0149253731343284,1.3665340276699762,-1.704392807755482,0.013776146400814737,-0.38434403458249894,-0.2864910209033068,-0.8077408118846803,0.8949560891230651,0.25281198939870114,-0.09763929129504173,-0.5704923183674543,0.42735085724943156,-0.3973254956164001,-0.31418417933066345,-0.24392183643656135,-0.12738860916411326,-0.39542888101144813,0.16139535342464825
DIAL-L,0.2854077253218885,-5.982711623046724,0.7978896065412254,-0.5225880534967153,-1.0196254635530637,1.7838205392282862,-0.5818462589972737,0.44593570085206286,-0.025008138046859356,-0.5761118161860305,0.18525218563436927,-0.17426623702185667,-0.21045782356579854,0.27660849711238805,0.47625399003868985,-0.018070042325837112,0.1876999724368295,-0.09596358466860802
NTV-L,0.0,0.4946834214617175,-3.622057430282453,0.764038713368269,-0.33516723258558073,-0.189474493644623,-0.792490642442873,-0.17445539494066564,-0.20878851411416213,0.4750317415184933,-0.146636058886168,-0.12769502004003055,0.18768607449185806,-0.0786779820400902,0.07063047413216621,-0.2763002917890537,-0.001406087419720009,-0.016246755186806194
BIOM-L,1.4545454545454546,-11.823865645854173,3.229517772437352,-1.7664870157899786,-1.779083624197889,9.70402158101578,-3.372172178832198,1.1205205701408616,-0.3995235270081255,-0.6494588163960382,-0.144026709539368,-0.1442601034390185,0.4937404273100777,0.19809290339209057,0.09532093496875596,-0.2295703966845045,0.05062492174153012,0.16454910485174612
RNWH-L,-0.0263157894736841,12.530644173753572,4.182780001452336,-1.1796150457853782,0.8655272073010795,0.7121386290629601,2.4720690413479143,-2.5571398630845565,0.6953297794236626,-0.6637455210839225,0.7451023401822878,-0.8637268136583636,1.0448118311692558,0.6219941988507001,-0.1132126410861047,0.12253795861746135,-0.5621419004747724,-0.4306867792207731
VIP-L,0.0067204301075269,-1.877138424576295,0.11683788744845464,0.005958884149653037,-0.3762219709904599,0.07748444884744304,0.4053019271041878,0.13957905386648856,-0.17478712717096795,-0.17281727848546763,-0.059920533652539604,-0.28121419314861973,-0.11906194606525625,-0.12831835727888724,0.2107598702428527,-0.039502203332011016,0.03688357218880884,0.002289812284639707
DCC-L,-0.1264550264550265,-0.4934635902033009,-0.7188616033952012,0.5236689281356899,-0.7284742457982862,-0.7609316405211209,1.0995195428084878,0.4982633145626924,0.26587154803517077,-1.094722169004161,0.01744141950581786,-0.2478862310862979,0.03428784414010579,-0.06531490557260444,0.22521437412792325,-0.046613123625333756,0.17448288865150222,-0.12268369803031372
MRON-L,0.02,-0.9617167568036059,0.3970012244437212,0.19184787367322556,0.31470182924391565,0.16364989301427532,-0.1951595648858523,-0.4666199958409117,0.2736133284738889,0.3787051805256919,-0.2595669666659984,0.15544321459436836,0.1694935917755019,-0.5216226181325921,0.09373262136772886,-0.12554370009844165,-0.2524965623197918,0.010327180944513062
GFRD-L,-0.2069970845481048,-2.4494682598055,4.75455975525974,-0.956906600792921,0.7868958469122186,-1.479937321814899,0.6409022818279223,-0.6104321989107517,0.2779658332223074,0.12791726595273645,-0.3462611771930076,0.40483227705952773,-0.11862790113325239,-0.2678650747035257,-0.30126815226526155,0.011193533057056289,0.1774727037309247,-0.04637301330535273
DLN-L,0.017094017094017,-1.079056554268881,0.9302553757398118,-0.5569754115628847,-1.0722011897700938,0.25112269979046004,1.0246436208094432,0.20625147068697214,0.39930862047497273,-0.2653305148318379,-0.20158924583886534,0.37442224766275656,0.05632909218379381,-0.27380927856249965,0.15197789970965342,-0.24218737828411205,-0.1731837398696202,-0.007815858674621434
TYMN-L,-0.0200000000000001,-7.267283933080041,2.9623526792939914,0.46922065873407887,0.9580992398413836,-0.10426898690994782,0.2555907845763133,0.0686834821533109,-0.23885332604550774,-0.7327175101712574,-0.09259338643855361,-0.8059896924058593,-0.35397631496972426,0.4765033439567221,-0.31093103161581215,-0.1702177624123731,-0.15278243093875787,0.17630793406460366
CNA-L,-0.0646840148698885,1.4444470093029402,-0.5305522700857357,0.833185278189219,0.3513131688373322,-0.4118394127403361,0.038512058011577664,-0.05384942988145031,0.3592292141059931,-0.06838053608477435,-0.21552597868768247,0.18706335850160083,0.0011446036058948602,-0.022999156124250193,0.37501293788397333,-0.20064832240433741,-0.02507255552954905,0.01271399162090886
GHH-L,-0.1208053691275168,3.76141419942897,1.987824984308861,-2.5596903050141937,0.16177783277634922,-1.2158621150945383,0.459414204429528,0.7108818183117173,-0.010937138714757126,0.007599032267752333,-0.7964491370503214,0.07596025254715576,-0.03101455913439688,-0.48736133815808214,0.5134128701080614,0.020820947935307862,0.617855050271476,0.5222072614745473
CLLN-L,0.1095166163141994,0.4265229421890718,0.43838399900924974,-0.5075767739653897,0.07804069627230921,0.7493362991106386,-0.009189700307786824,0.20018765314302214,0.20475745504025655,0.06335251285106529,-0.3378491416397077,0.2009106913536731,-0.23233784365257187,-0.1685016635850795,0.07897740968728036,0.17779461306996414,-0.195947594727131,0.08740603408854386
MTU-L,0.0790598290598292,-0.5049794728228952,0.9854003943772515,-0.539833742369118,-0.01752780620255643,0.5837965087098328,0.315980451971544,0.15000959212329953,-0.08229987326530037,-0.12666552656328883,-0.326918575372161,0.020943734262568812,0.02928918783653702,-0.11295508651883032,0.05029782909920775,0.07718088788070951,0.058223072975042055,0.046325044786432325
CML-L,-0.0297619047619047,-7.739043283398264,-0.2594107323244936,-0.1676548865854154,-0.939749399499422,-0.43826913462004174,-0.1539953623718189,-0.03873571944234198,-0.6852193244451563,0.5028818304361995,-0.029205943333024283,-0.5173204838962495,-0.05690438698266271,-0.04582690643148907,-0.052714260044638556,-0.14397935520750343,-0.21238513148379434,0.209381260859601
ESOE-L,-0.0086206896551722,-3.2937922330410916,-3.276263892157621,0.4084568038866647,-1.263110358361764,-0.36345492193283335,-0.6783835846785405,0.039703868162265656,-0.17407093381389294,-0.19983265192698396,0.16447118487791376,0.1049472111699351,0.47350723080604185,-0.3938663902975913,0.1213448896468516,0.04889169330918839,0.08615327722099751,0.02938098512951369
C3U-L,-0.0157480314960629,-3.0533949441584793,3.397099481974873,0.41169996705785133,0.3936418744237174,0.017640910411759955,0.3969913549428503,-0.33130156486091383,0.9703599695208561,-0.21873745362939603,-0.1051495644740977,0.25378927138922014,-0.026771927070902774,0.25581667714734657,0.1625755784688553,-0.12656521052755262,0.03269975856035346,-0.12480519721866232
IHC-L,-0.0909090909090909,-7.009601891566946,-1.7242994891088688,0.25815663765427505,-0.7607583481412471,-0.8816881062423788,-0.20645315169837858,-0.019377614472975764,-0.41163204097061284,-0.31432583822626214,0.11207658437506474,-0.17123391017416692,-0.03437747177539573,0.016909891688021678,0.2121884463006288,0.2693311447819924,0.39484153086567175,-0.012643784681859954
RFGR-L,0.0,-1.4343816976056036,-1.5611498248517837,0.22955611033127196,-1.568107216405516,-0.29164049901961,-0.441245207802073,-0.21257526077055183,-0.053031969509271595,-0.027019341792454847,-0.13745694146945495,0.020475901352566658,0.05776415511077093,0.23850533461822093,0.2551339566353365,-0.17375269441711247,0.1359227854815652,0.0409404617005287
BAES-L,0.0129802699896157,4.846579384692374,-1.9063853017249768,-0.7859390524519531,-0.4684151793316801,-0.1394385339446465,-0.3572445097826485,-0.16960472521933223,0.1573892390509375,-0.09979258697960672,-0.4876771780586875,-0.07224521616179846,0.00905446742522824,-0.7179835637752514,0.17792243086922396,-0.0884701085159762,-0.13156114610996977,0.23696735768455687
BRIGB-L,-0.0204678362573099,0.4541767121722374,-1.2167901150708589,0.10483093418280251,-0.09776695017395176,-0.30118271003670943,-0.36583662072013284,-0.04230421654573444,0.029056925632091404,0.03935366242752539,-8.492550604828972e-05,-0.1157360716408979,-0.04779732728352653,-0.01543581826591651,-0.07895445407275188,-0.02131532569624555,-0.03779723999729643,-0.043632532734472686
CRPL-L,-0.0246913580246912,1.394240317159467,-3.36734857407986,0.8265363364527388,-0.45491082574858,-0.3876610409320005,-0.6336487025619074,0.23507838119877789,0.1216788744379831,0.5524174342323259,-0.23312684688941437,0.14593201450691531,0.07464815016890433,0.46125359531451565,0.14149606334917564,-0.2332820665988574,-0.1311331907320498,-0.009514916825168893
NAIT-L,-0.0409617097061442,0.13445120370639094,-2.0905938946981086,0.37164110856364596,-0.23712927462034153,-0.4743353512804241,-0.4794736492608331,-0.1021005353440659,0.10336841920393326,-0.1529215297774865,0.0497928820248509,-0.23086931789433848,-0.21987839010379442,-0.014716365586066711,0.16236219580147931,-0.07574232354224349,-0.05278496812679967,-0.12808949483310728
ARBB-L,0.0864516129032257,-3.203571437370884,1.2528912096068199,-0.40837224969073854,0.259006895448883,0.29023371199848275,-1.0546287788102426,-0.4321361413904145,0.0911639328453303,0.3210150734133706,0.08698561311491944,-0.17802436842069344,0.10325676327743996,0.16792200443141136,-0.14159289719168933,-0.14550351586512136,-0.03598430579728678,-0.10663115584744075
ABD-L,0.0105162523900574,2.7357022722686968,-1.5691386235759104,-0.6165359579860763,-0.14615380205151382,-0.19729565072838498,-0.6633755425280315,-0.27667021363175737,0.23756520312453971,-0.13540367908665205,-0.18343549507318635,-0.12926858207873734,-0.12428370229616884,-0.25725787467887606,0.16234565695885345,0.2829284670805864,-0.033181656821570024,-0.0643452835166187
EUA-L,0.0,-2.9199768908548713,-2.047366166387791,1.0105110040871104,-1.9937049082603386,-0.024027893980520815,0.12820394831050433,-0.17003889493031205,-0.9513384857484993,0.9789008732178859,0.583482241404038,0.32014590472855914,0.2151273154294774,0.5532979704337678,-0.77993825575931,-0.2012084322202827,0.2528169419040932,0.12098119500142031
AIEA-L,0.0526315789473683,-6.932638853289126,1.8386563773554445,-0.2963929067459863,0.5214069347604894,0.14311089387361378,-0.8377343087380155,-0.39802409901262265,-0.033726982511462944,1.5257682007208688,-0.5160991053232894,-0.057356909172058254,0.2277256965169974,-0.1600421238232972,0.07465166807604862,0.22603469150468064,-0.1894644723319259,0.3369759974440615
CCL-L,-0.1246092005359535,-1.6296696017446173,-3.2419992153918464,0.5698112206695377,-0.7778429827254909,-0.8409524676668813,0.45299488203318344,-0.05328175080822838,-0.05545048362542022,-0.4439337551393132,-0.1625249426304726,0.041874478625671854,-0.07106748987209946,-0.36837367757423806,0.20373385183066875,0.17454435176468322,-0.2651575359133506,-0.23239874161433147
BRMD-L,-0.0182648401826484,0.25535750516053124,-1.890963359274843,0.5086429987532041,-0.37362474656978706,-0.22517740056847013,-0.30619587758621547,0.0337325180502002,0.14681762670745346,0.23496856818872786,0.13407858268174896,0.11095749728488918,0.07129059484363481,-0.0004610308480894184,0.20167736650959356,-0.06495793207138045,0.11678566217797154,-0.06222928795957978
FKE-L,-0.012121212121212,0.4945323593259391,-2.9472125443920882,0.3711825676937288,-0.2953235205226264,-0.37380172894425917,-1.0388748237025465,-0.4815102935856842,0.1086865484276039,0.38558277931240303,-0.09215318429005774,0.1539369233416871,0.47782537022133204,-0.2094790260052771,-0.5256612879680758,0.08629872127438816,0.10321309800887285,0.2553482071721982
CGNR-L,-0.1851851851851852,-0.6856615220963618,-2.0091685319342214,1.1116366718508304,-1.5700851020905742,-1.492700318212298,0.3328176102407828,-0.4014524732327611,-0.7758781404345566,-1.7854220206959064,0.1931258987402359,-0.666591721491792,0.5753031449462982,0.43978058209970694,0.37113044284404806,0.009981988593556168,0.282862693614833,-0.18252790331044635
CNE-L,0.0208251473477409,7.218381016194305,-5.214653536598741,-1.2494737878950162,-1.5154431892929203,-1.3285103997189374,-3.565283607859816,0.5623496626127065,0.529356987542297,0.7507135446821613,-0.962247256574592,-0.3312945001395107,-1.1538952199516057,-0.2604479173583503,-0.37035820590596713,-0.3234922651138134,0.6823236261533664,0.26810261769826926
NICL-L,0.0155902004454342,0.13083174284749205,-0.3124389566851331,-0.06321134957132821,-0.2095245908701679,0.25126775427086745,0.5808617622840591,0.49205301601284746,0.23582764784271568,-0.22926487034087717,0.35876728775153843,0.5336597369441856,0.15053926761776315,-0.07838148301023266,-0.24286958626192562,-0.14174695594692394,-0.03736440264349044,-0.06335767726050633
DPLM-L,-0.0549132947976878,1.4704238828622311,-0.9704159869537009,0.12172984376104322,0.8332154519607036,-0.4603635579858068,-0.1775814004720564,0.030957663702218897,-0.16301498141521698,0.324209479323779,-0.4932947245109436,-0.05677632529800878,0.11268128212565783,-0.2765293850758544,0.10600194906117004,-0.13897229348370477,-0.23416018376667763,-0.15967555282541984
NWF-L,0.0202020202020201,-1.0004593356858793,1.9512237077632173,-0.015102098100374516,1.2230908603854045,-0.40148792663666566,-1.560697000119971,0.324959470525949,0.7216172688044206,0.00832991165661736,-0.20260581203073424,0.01502675614283008,-0.249089963079897,0.9099992594798595,0.7541673290943514,-0.24793126570338997,0.12445541170680538,-0.1262578462402674
MRCH-L,-0.0115473441108544,-0.6997574903939684,-0.37511709022819517,0.006051508230998973,-0.18423547243925195,-0.1974817928003501,-0.15942176478805195,-0.06541298327716527,0.1680469622060979,-0.0010748732187846127,-0.04905872901274743,-0.11014151996783222,-0.05455647593061672,-0.015931927214034483,0.0859331870771718,-0.030503919115361783,-0.1279543942511118,-0.012248013898002027
CMH-L,-0.0076923076923076,-0.5832691781216417,-2.70893406096018,0.0045190766443654095,-0.5934569236372209,-0.23301260896931775,-0.3615561597310929,0.24066170706201923,-0.27979570327829556,0.39947691569722726,0.35585840004579417,-0.03184234273346207,0.09317381460977493,-0.009184048260686284,0.44194777446871236,-0.2445210845194393,-0.07828617879614166,0.06224449631934608
FTV-L,-0.1538461538461538,-2.8763969027998835,-1.7816981398468381,1.6955295641856216,1.3117384137720256,-0.9328615270401939,-0.011112336860001237,-0.09510555319269401,-0.36437246524325806,-0.766941898997935,0.4300325614911192,0.25736969086663786,1.0986369609233346,-0.29583475423175737,-0.1954574225690616,-0.24621966909582252,0.17495889628157682,0.028068286516337512
BVC-L,0.1353383458646617,3.5941361388498643,-2.4202099055212702,-0.381705817120507,-0.895805002898415,1.1841837834074274,0.33701225922267997,-1.1455305124685173,-0.3987493996023053,-0.13642722577146962,0.006329373898718327,-0.45918232248795804,-0.021688884758994935,-0.11866028822836974,0.41284837578142863,0.3800214080510763,0.33963347216755363,-0.169196769337705
BARC-L,-0.021186440677966,-3.718944018193067,0.7372254537099847,0.08594272481288869,-0.1214219303422325,-0.18070545369282712,0.1004617440061428,0.07331603993169993,0.05707707478046374,-0.05801349855556593,0.1742228676733438,0.2989535995490906,0.051793383143459985,0.053057905229001515,0.25454281921597743,0.08357427738237735,0.03447296816378672,-0.039963123353254394
BWNG-L,-0.0267062314540059,2.8974432047995915,0.9865546110397121,-0.14995622039913695,-0.8846219591616736,0.11864943959409349,1.3975490739362624,-0.2114500151486087,0.2908022340972663,-0.5846938173030758,-0.2073376851960566,-0.23864596185246065,-0.12047086031645704,-0.15393726490586737,0.054088879645680286,-0.033352434378972555,0.25619787936137417,0.12457550681543027
IMI-L,-0.0063572790845517,-3.0009649741418505,0.9271266340950414,-0.10808277637054561,0.044307321346202015,0.07880827257355708,0.5362423769329548,-0.27271399668895635,-0.6269154342778224,0.44854635749499405,-0.21225302088951853,0.03833015549473071,-0.12325148836091118,-0.03400919919712913,-0.29595368894297247,-0.19088835978820345,-0.03583319952102259,0.1589104681293385
AJG-L,-0.0681971640783253,-4.9975740167255776,0.5683430443108622,-0.5415887481778797,-0.5902538263303868,-0.7761597290704368,-0.26201732162417113,0.003970879199946366,0.03481856834235658,-0.3089895766889899,0.2886376227913968,0.15006725956232056,0.09021916973223315,-0.15387510975735105,-0.08281631220945705,-0.06354569456537995,0.08303193054295716,0.10556811575400094
LOOK-L,-0.0138888888888889,-3.416962993262886,4.80800058108179,-0.9158944580389904,0.2185440350970452,-0.3450456261149773,-0.15496032679595864,-0.27115285949707657,0.25867659242209434,-0.32807244540035485,-0.0863625681823209,0.1803628399078509,-0.11478090626730052,0.1907672649488699,-0.8496076403921405,-0.08860698361053017,-0.1264194196396104,0.0025916476656602946
CEPS-L,-0.0645161290322581,-3.2116664583949386,-3.161170299655039,0.7249011222674271,1.863326595276574,-0.8487228257374048,-1.7718087346456806,0.0008017423643089026,-0.6750261572401427,0.5141373253366205,-0.23959434851215483,-0.40135820247042586,1.146093178377904,-0.9009493086671643,0.3974657854962595,-0.26640845951917946,-0.2444817547955763,-0.20367398334204184
DGE-L,0.000968992248062,1.7540408711965914,-1.8755623665470684,0.47706751509838696,-0.029979054217226766,-0.09503108077513664,-0.4835703721590903,-0.15888760860382492,0.23397022937163403,0.21479672611515138,-0.04052110266294287,0.04698893082792276,-0.007830483471796431,-0.13753838764632148,0.08288858285681251,-0.12510610067661174,-0.07794550686219459,-0.1949117048286796
AURT-L,0.0390173410404623,-2.286548067134025,-0.6074426307626712,0.122946674289239,-0.520641428158791,0.1427649547285548,-0.19654393458100672,0.14959558240114057,-0.005537268949422093,-0.22934718401518422,0.045030452231788226,0.02720873168316474,0.11095555576930922,0.09993494355070673,-0.2042697282792613,0.10505278152470528,-0.0317595759626568,-0.026774778772059225
JPEL-L,0.0229508196721315,2.8131614870338355,-3.0681255665583738,1.7019415379086622,0.5736222955450582,0.446265928214393,0.18636238360882457,0.0777678670530058,-0.341169391114198,-0.22594929825634213,-0.0384593758373054,0.2746671393525477,0.12883108401259738,0.1096150053865758,-0.20185494495889067,-0.17157852342621116,-0.039846901787341085,-0.19938097842175967
DPH-L,0.0291060291060292,6.636604491569943,-2.162058350853506,-0.44696799961675576,0.8970703960690004,0.3779406084327086,0.462257941588306,0.5787853682974813,-0.2911868032544733,-0.13031964051382774,-0.09817600859210039,-0.17707560224352553,-0.061820653810185,-0.45078952529155764,-0.5901845222809134,-0.3185899974919196,-0.0381797349230364,-0.1478254005894517
GNS-L,0.009090909090909,9.236255781627955,-0.45618125014186356,-1.2971907575348873,0.8077050606357644,-0.27043943421461264,-0.36762668929931724,1.1029141609955142,0.5243875500460649,-0.6711245430014899,-0.21681863176037833,-0.026819447746813507,-0.021307889116016925,-0.16658683574968233,-0.2896491143451947,0.14793726272653832,-0.19401063730878765,0.2282989858774362
REDD-L,-0.0789657582110412,-3.9122320710467684,0.7479460776756428,-0.4450271905234592,-0.26800011947586433,-0.6122383359569772,0.5411974194896162,0.22079801185187425,-0.16357043720712428,-0.241263996003161,-0.22930137453238353,-0.6839736280067426,-0.2715884233827592,-0.08790282933500985,-0.14823462415202332,0.17390756569961902,-0.05587959697015669,0.32033754394565467
SDV-L,0.0094339622641503,-4.808371266188639,2.314827675719192,-0.5619469815976709,0.4560263943002204,-0.0431933770776437,-0.03127099836419508,0.05930745594851119,-0.03719965244294995,0.08793506139292091,-0.07328266693409899,-0.18737039461840754,-0.014465668751829424,-0.0029452283295420766,-0.11360948060436935,0.04505296456631455,-0.05452992776711748,-0.025721263197557343
AAS-L,0.0189003436426116,1.046454945161201,-1.0453164747219656,-0.4526011425312461,-0.08646416934965069,-0.03526065943401452,-0.34234840804735933,-0.03989187499440617,0.0809301813706834,-0.3223424713219225,0.06966983326043817,-0.1961647394618054,-0.1346893959529764,-0.18082142105306453,0.28923989053410454,0.26377417912929646,-0.002535187059672619,-0.007249242393281227
GFM-L,0.0241379310344826,2.9831980820073665,5.7890977736560165,-3.3214638356234727,0.07786614473854656,-0.1286626540024296,0.13370422135453505,-0.8864724563577964,0.6702725891759509,-0.08932685643966445,0.5272351186563066,-0.8817870284528738,0.531626488316316,-0.04075362584381685,-0.17948569884803287,0.7961315297443204,-0.09921673569609511,-0.25783110495827266
LSC-L,0.0,-0.5505321661729751,-3.4322302150403163,0.744348479723985,-0.034270741394888664,-0.028317526503580263,-0.4154178387494291,-0.028112919075169582,-0.20014731263351493,0.3831426391248811,0.055284680925133896,-0.08146054454051405,0.0010952403916447988,-0.17720053334111466,0.02889145725338302,-0.14046788820326878,0.04793553879220687,-0.0026099928159353898
BPFU_u-L,-0.0345821325648415,0.6988534698678286,0.9927143960869558,-0.5824527577435648,-0.6219417495058555,-0.3767089066517409,0.2583667497234525,-0.0782769213649159,0.5865909329923179,-1.8860323848254636,0.389293466350726,-0.6314686379106985,-0.21558676929571544,0.2751808477669279,0.11578574198501211,0.29804176482240424,0.25960043800587057,0.03913200578040287
AEO-L,-0.2105263157894736,-8.765306711818683,3.653373374835912,-0.18098264751077275,1.3440006695318538,-1.832320701265958,-0.4438412118973676,-0.11736726665793208,0.6720530937161485,-0.6964603438103024,0.1778504459719224,-0.3500880452713155,0.36815544671348294,0.2009151877388957,0.11163279883460175,0.5836332078080066,-0.16505247558689007,0.06461103711806881
RTN-L,-0.1236306729264477,-2.4874801900691206,4.699198495562493,-0.7788874281346947,0.7695791761549396,-0.8281018445363724,1.0410169621037006,0.5060464295962279,0.18708784613583518,-0.3854811592613498,-0.2747394973095157,-0.38210754057364077,-0.13296570237014702,-0.0696555863019771,-0.09141337331028172,0.16083490336876297,-0.046726916395196945,0.09632189031535124
NWMS-L,0.0634920634920634,3.360839523495011,-5.555584483997234,1.7785274461446006,3.758469753174974,0.919901008286654,-0.19151870609924157,0.39779672632651153,-1.9115408846322515,-1.1302754663656756,0.3650632175532924,-1.4746199301778737,0.2811987401701309,-0.19305666466769747,0.3731707630663293,-0.6471195241879866,0.4331515799301355,0.1589232234486193
TET-L,0.0335429769392032,-2.4745752673129027,0.7520460033743425,-0.17822598480402613,0.1240999652905098,0.06085482737004424,-0.5333275033004388,-0.02220436932587003,0.5613992862246069,0.2991498089961202,0.34751860083193037,-0.07996725812700398,0.10393705932474827,0.02539965915570745,0.03146624629967434,-0.05551513480794921,-0.024594185638674493,-0.04194768216637499
ELL_p-L,-0.018595041322314,-0.9354061130759734,-2.141218136176995,0.23061258251870628,-0.8824526740117487,-0.2256735684659412,-0.06629017515679611,-0.00920402568874667,0.04501396047692232,-0.10568789468844324,0.07463583388058241,-0.03294164508167777,0.10284346044865923,-0.13419369036831558,0.19211187490001824,0.006330354956093997,-0.031743012591421454,0.07932180228422818
BNZL-L,0.0904872389791182,0.6584620797294125,-1.0965678939980332,-0.2327684817180879,-0.051576410673332476,0.3483085188610308,-0.9815472476031041,-0.17206008784453128,0.19632404237534518,-0.008299657574503093,0.13541550125023566,0.05850271698114285,-0.07006187130912644,-0.010538216315572255,-0.1367284582125874,-0.18481718842255304,-0.15907548355194254,-0.048845080646050344
CCP-L,0.0223880597014924,9.135936012137435,-7.053006473113737,4.093061587159963,6.263305210010958,1.7461908947816769,1.3515328984946011,-0.486454235967554,-2.293139303913171,-1.128018399183144,-0.10306948543324579,0.7636987674373685,0.011300732762565522,-1.4325406068799602,-0.1520375450863594,0.6304854334173793,0.9025246032659994,0.4054484349840673
PAGPA-L,-0.2563667232597623,-11.78006473068192,5.884299278769515,-0.7761167069998357,1.4821274847655486,-1.9646551172257105,0.45858044903458833,-0.10847612288028338,-0.07174268363842293,-0.20056084856668566,-0.04679759621188136,-0.8618694539418655,-0.48670927138053766,0.2060205292106062,-0.22922991207062124,0.031204468468892677,-0.10102804646501325,-0.0012645675473747066
MNKS-L,0.0421216848673946,3.5619116022330353,-1.7166494923413393,-0.42956707778836783,0.25107065562718905,-0.0007406321173582195,-0.973274358298085,-0.3391089783776088,-0.1501244060516389,0.279616419568171,-0.2025337128887142,-0.16314356246346137,-0.2421551848430489,-0.07493554288264001,0.08335125971136044,-0.04347640195521701,0.036937885682334234,-0.03988770356244288
IOMG-L,0.421875,-8.191497894450524,2.0142112858702683,-1.0389219509398597,0.2550199952195198,2.6770503910414716,-1.4230445143763257,0.285621383710541,0.10842989862017098,0.7164626935713742,-0.28652393472048243,0.14227927075659386,-0.08177555315526695,0.23589677641679838,-0.37638899829733996,0.6293924372324761,-0.02264312192085529,-0.20662435168287488
PHWK-L,-0.0294117647058823,-6.538596986984774,3.059255559521147,0.3933006758916572,-1.027886253413063,-0.48022607734184464,-0.19306441214512202,-0.6117779441703041,-0.03973690578557453,-1.2826767571011146,0.011313678629800423,-0.9311552531796272,-0.3828746337196834,0.842735996590796,-0.3863684667341851,-0.05778009217980432,0.135712643311225,0.31540363408893035
AVG-L,0.1869158878504673,-8.27980876142833,4.711924895608476,-1.6748296343409874,0.29442188282718357,1.5675754465273999,0.8746097522811748,0.28319335435453225,-0.058732378306561805,1.3948319643940448,-0.3976479535504866,1.4187097358381964,0.6737986704366995,-1.0148996629263052,0.31326039619127344,0.020419893843446377,-0.04165874595491636,0.17450722501165533
KMR-L,0.1183431952662721,2.2697281633006963,2.4298948749868874,-2.4652052430184304,1.4342964477655342,0.5457365990600003,-0.8022802920549934,-0.32281110044215955,-0.2572535929044715,0.14929398352588552,0.6659759715209883,-0.198537160787401,-0.42225879416120427,0.020603473724636105,-0.3956858636251863,0.4111514000629475,0.14808479207243028,-0.174854345081693
AADV-L,0.0,0.09485102985571789,-2.5638228316156235,0.16343031868940172,-0.5357307957495399,-0.16518413874005966,-0.43209745701522284,0.0618599314167589,-0.15181445321807316,0.5493912904392582,0.1712281286081606,-0.06555715698728556,0.03237789669192439,-0.03048588881747902,0.23410279744879464,-0.052359830178155695,-0.010070029918701536,-0.06939407680212623
GHT-L,-0.1805555555555555,-6.285950657350721,0.25657942563395414,1.976759749924723,-1.1740253072063256,-0.17452159223797417,3.459148215577527,-0.5570275706421898,-1.003547372696525,1.650910318184376,-1.1418837926438392,0.2558726910842656,0.605143285143277,-0.24510709720564322,-0.30767341176487056,-0.038048151314474546,-0.1188250035971625,0.46149690898093554
CTY-L,-0.0155677655677655,0.22866422495600852,-0.9112274022075092,0.11045345106036067,-0.16629162886156634,-0.19605963203204324,-0.1546668019252733,-0.03974815207190743,0.28078122226793145,0.15701602651056926,-0.09111656702370301,0.05411976834261159,0.031211926666221395,-0.08276695147761819,0.01938455170586832,0.026524297623954786,-0.0962886595419858,-0.027040260016576324
BUT-L,0.0057603686635945,1.8284469793516243,-1.1186933054962012,-0.0931216585867105,0.16496526595736913,-0.1979514281001019,-0.7045345863198681,-0.2044845005624032,0.06840252903556969,0.0434002895500566,-0.19122499187098355,-0.014806388523297699,-0.1004706122521199,-0.041082270363846235,-0.06861704019058808,-0.006279204579583869,0.01718122879503106,-0.053842414732659084
KPCK-L,-0.0395683453237404,1.0759872926869267,-1.3344411597950228,0.10477294550471082,-0.12853598154403173,-0.40809204329032644,-0.2324651737663151,-0.021482542334137756,0.27721471960122007,0.08317736534886014,-0.09133144937187637,0.02143599145837068,-0.0033188386977449765,-0.03549001591149036,0.13988915586595824,-0.07984383887371248,-0.16466357108161567,-0.05736150547448625
N4P-L,0.04,2.0777277642835656,-9.559100308996754,1.8143363981639908,-2.869284175064431,1.428564609339513,2.8817392395644394,-0.12241084058841867,-2.027111351989237,0.4482809069934965,1.00756739834175,0.9406730452819297,-2.417179416775582,1.3198219716018944,-0.34359984883870165,1.7648909338851955,-0.7646953293512265,0.4585296503325352
BIRD-L,-0.2692307692307691,-9.032540960282244,1.8773268730833494,-0.08892914207505699,0.3076391741176744,-1.990842007858008,0.4951131675062703,-0.3563230814633872,-0.40253013485219585,0.5731554615444507,-0.25597032104202366,-0.5197562902820381,0.07013119550026706,-0.12138418892618151,-0.008335880675503386,-0.19230739454521087,0.1440158619619999,-0.038675266577133674
CFX-L,0.1912225705329153,0.008693416665060245,3.0543151134917617,-0.058490338033409535,0.5993506120741643,1.4295681660237989,-0.06548385585173808,0.09714671257715451,0.45094660640313833,0.48864245440960846,-0.22376880507423108,-0.1515990140146064,-0.4004531051050284,0.5353010372040026,-0.03373647422140113,-0.41929840744675295,0.06518345133755055,0.2011198690753855
DIG-L,-0.0364806866952789,0.045845008623569494,-0.7763215092951156,0.2786824730487509,-0.10000237507541687,-0.29475749819617436,0.009174406641708311,-0.05311689742753224,0.13160544942684108,0.027041353377214927,-0.02609277039208439,-0.053318589454652496,-0.033498724724662116,0.00995689398514152,0.1291116933931045,-0.010450918144961718,-0.10709667541119525,-0.059626424470365334
RS1R-L,-0.134007585335019,-3.9561960247687753,-0.2701897380357832,0.8232809884898796,0.11123132111792343,-0.851529903988056,0.38336237418402386,-0.40823891874327206,-0.024816542246871517,-0.1450244551142206,-0.20411296812870436,0.21804481542911333,-0.06227463809813717,-0.045916642429885676,-0.029440278778501312,0.024965229118742528,-0.2078233870906192,0.04237695734111374
JMI-L,0.1241997439180537,-1.17299787568574,2.1538916540502027,-0.8239015714271407,0.45645943351143325,0.7967320528993342,-0.17081817626221957,0.0013336267700015544,0.10988100748548284,-0.03064268981287232,-0.16674112912671862,-0.013117620715798731,0.03046085743637752,0.003476550299341887,-0.21713447252658974,0.08986559870949848,-0.03952997511583771,0.0641395292387795
HAYS-L,0.0046728971962619,-3.6822971888259755,0.9341429983202314,0.15926913156850325,0.08071513731922643,0.01678665222428584,0.04943080037857043,0.05339858364677388,-0.44566481550673004,-0.025138536472480696,0.2754043502684787,0.09601921001799024,-0.15595329837656483,0.13443842277612433,0.07737532481587478,0.2603476688188786,-0.03723291198421521,0.10356320953917884
BMT-L,0.0,4.64609123066406,-1.7165231877929674,0.2796347090752349,0.45120100549158326,0.14295584040466755,-0.10942808751973739,-0.6156356582165317,0.0649173540539971,0.5021516669976521,0.23031508204360276,-0.10252445150314066,-0.7924894956976775,-0.30883702778326205,0.16269073082576832,-0.2936001637283884,0.3973487043472276,-0.1194487353388409
BKGH-L,0.0116731517509727,0.4619234139485403,1.5184681883747613,1.3085969908397115,0.9039623733078463,0.293733719660823,0.2131600978934543,-0.20493096798411933,0.31103859454108684,-0.5378512082017193,-0.6403454799116206,0.20599634659817742,-0.6624632819761317,0.32357303195479176,-0.4990157824369171,-0.25521451708105175,0.3066341365538887,0.004518600334583896
CHG-L,0.0800703915530138,19.247953122141702,4.25435917828193,-2.0553498590136337,-2.917960614360137,0.7393956784836491,1.4006907065367098,-1.8579621326397802,1.376294398205894,-0.9376927755159526,-0.0921495491740166,1.0029832813441553,-0.6367765156101451,0.22425055679352185,-0.37887025016395726,-1.2068423352698883,-0.22224118029375212,0.022060839890925447
BLPU-L,0.0232919254658385,-4.382888335736929,-3.501385964898141,-0.1897207521580639,-3.97717753388096,-0.019905085327038455,0.7428131391533591,0.15119254907203228,-0.2283946029670843,-0.38538621646840043,-0.33359673677050133,-1.2819331430535206,-0.22468796750668132,0.06339624954138087,-0.8708028364490535,0.04319884707333917,-0.15714785549549487,0.09535251896349664
BRSD-L,0.0555555555555555,-5.26072803138805,-1.1481032210941209,-0.12251298264809937,-2.227100968965877,-0.023995241696796975,-0.6205643174468355,-0.21721680895969867,0.11280123252970846,0.12898196412218493,-0.34341788055477124,-0.35405615212690394,0.3828358327865984,-0.06755205743061025,-0.0703631483460105,-0.21055904128502076,0.020004035593423394,-0.09700792528672507
CGS-L,0.0518518518518518,1.4452063334288454,-1.1114443713690187,-0.1410065475433703,-0.021660211452818726,-0.01974282282814352,-1.1712263416876856,-0.07633544996795659,-0.01126062683667882,0.2122607753235054,0.2037996411046385,-0.1600113860353063,-0.12465403464593176,0.11720992986618786,-0.024555969626024063,-0.2411011329128097,0.1016013986508481,-0.07335794249172618
JGGI-L,-0.0084033613445377,1.0043900324402886,-1.3731970104686002,-0.281143442856033,-0.1330934925520722,-0.34257384263652374,-0.7096274940411844,-0.18375420692088956,0.11315932175664598,-0.024411795033010303,0.016967167019303623,-0.004320670701378044,-0.1667945599070434,-0.07381884397291526,0.09391878594042184,0.03416241958242163,0.03785016559299516,-0.13360899085976508
CRPR-L,-0.0270880361173815,3.1124777635590952,-2.9673349590006484,1.043320096521036,2.285815697153635,0.19925913455920916,0.25970136154968854,0.028716001791401814,-0.8369480902114178,0.2562143916554867,0.22054237062310317,-0.2421985185877393,-0.7217897352850601,0.13909008320462224,0.03920183043337294,0.11169196674531075,-0.05788082630522767,-0.284873411425737
ALTNA-L,-0.1486486486486485,7.467779892878055,-0.3305140523959164,-1.4332458530032506,-0.32189976742737264,-1.5540193568585614,-0.9708082239582441,-0.9625574320609549,0.11616724636672811,1.0060534576575932,0.4453392516810906,-0.7199485027088871,-0.03960350636708478,-0.49541816500455643,-0.8947846428513241,0.20378374876303923,1.0272974877112495,-0.9469898142499046
ELM-L,0.2142857142857144,-0.9616328674510572,3.1721933718656357,-2.2649375836237255,0.32090389238713174,1.1978173031420067,-0.7299667711530641,-0.21004367107477676,0.04253017624801793,0.6947131351581117,0.08724453875289659,-0.1436351312514826,-0.309409566144194,-0.07067200470936304,-0.1523082737913806,-0.3664841356257771,0.13306065403644513,0.07061242569837849
BT-L,-0.1578449905482041,0.5234243689220953,-0.2478606660757511,0.7317684952764203,0.6218444134813741,-0.8299685140443289,0.8665337659806617,0.018309214164470573,0.37205669712326583,0.39595710693712166,-0.08668811554567249,0.08396283006263286,-0.13838825069588062,-0.1666090298885671,-0.05436516848124526,-0.014676479865065706,-0.03951187755597835,-0.02995022301689195
AAL-L,0.1254295532646046,5.425063980265841,-0.0006093250878788868,-0.5268108596481711,-0.13528731329580282,0.6456174656009442,-0.8133312029473094,-0.6705551903487411,0.009089983740020641,0.27859394549627076,-0.5003052236839434,0.29246232734585415,-0.3244641254627345,0.18478993303483143,0.1921714823203715,-0.3117473154658703,0.2501180985989667,-0.47853300937988713
AEI-L,0.0478723404255319,-0.25915909821344296,-0.8775836362857469,0.23225800278227113,-0.18139207143830904,0.156032315116544,-0.5662798024959887,-0.026111317506298064,0.22021106642482546,-0.15701545583410623,-0.11646090643209137,-0.016119591085111625,0.0817724242917729,-0.026235615560938046,-0.032778512595516465,-0.005909393823844933,-0.018516994884376484,-0.05694952587171913
TITN-L,-0.0087719298245614,-7.031584521466265,1.9615139005366915,-0.15159741577997932,0.16193106158130977,-0.07149264688924507,0.09016730630443173,-0.048770753347304935,0.07695422295487042,0.07937291057193789,0.43652095921956857,0.6286727480877257,0.02712275919439212,0.22663900442532198,-0.5208266015043892,0.07400416488467082,0.11728837026377784,-0.15929945931880737
CLDN-L,-0.002018163471241,1.7240217128398365,-1.1242831777158129,-0.6096579251905246,-0.7873880649970335,-0.19021235857107385,-0.06896660806964588,-0.026707762503270432,0.2173239598262748,0.08393447345877393,-0.10364914740788884,0.041217892385472035,-0.09646588841806368,-0.09039291723799853,0.4558247936865642,0.10255765782825971,-0.06608490648723576,0.05155836814265842
FJV-L,-0.0144927536231884,-4.571699577146173,-0.06487668452987601,-0.7628451583116255,-0.3505342807268854,-0.5760234185357727,-1.0723543035149365,-0.29462991544248196,-0.09861176195781107,0.09907194977494371,0.21082953118447764,0.2559955602538115,0.0746474266006411,-0.21762248311651125,0.10099214902951827,-0.060239268717831154,0.13705542621013253,-0.01911340413285884
MAB-L,-0.0183231538034425,-1.4200775342417828,3.0669660751904946,-0.1634588200228551,-0.2646611363778369,0.39465799679006364,1.9030543411351224,0.05294944824015322,-0.11968561136950842,0.5877418383068264,-0.14482608081826776,0.818440058116675,-0.006420981982712569,-0.12570961290823543,-0.15192461777881142,-0.08653186393019695,0.11451167563670325,0.09825918995942882
RUA-L,-0.0377358490566037,6.245109254943605,5.033476241474387,2.3917772512940805,-2.5539988685591357,-0.9819814389542628,-0.9870435943675965,-0.9162818528012376,-0.6726906604878862,-1.5728395530339006,-1.5196962932855214,0.950334061889329,1.4694606314233511,2.4507862663347537,0.4840814335144541,-0.20839144789115258,0.6503551779600414,1.1303955392805436
NWG-L,-0.0501607717041798,-5.018999242134132,1.0297499761276225,0.17887931710294322,0.17573535636322626,-0.42647958553584286,-0.027053470832419598,-0.013594997124437739,0.08841388951862403,-0.23868009295117465,0.18175100162995478,0.014954175092757092,0.05548002179933609,0.0691587923752874,0.14723967521735032,0.047028305476827695,0.013546431077365403,-0.025996632221042128
HTG-L,0.1386066763425253,12.977466477015884,3.673871926803042,-3.7653039632077534,0.04116351401741988,1.12874236756754,1.8621686616199724,1.8885971635172438,0.9809179570031303,-0.895277015505794,0.132491234981672,0.199452774134637,-0.8275233474329172,-0.8391274401757993,0.18082055531346716,-0.04671944901926863,0.19665703922528044,0.5795309030246609
HAN-L,0.0029585798816567,1.5393416272597424,1.3580808485022537,-1.190446609930716,-0.11273651890353946,0.11206396816306036,0.9517955359062789,0.48202203731056603,-0.33817067630756215,-0.2455040727112122,-0.004194321225405507,0.19878355169459058,-0.010790653837920081,-0.32077586422919546,-0.06196079645903883,-0.18918394261888183,-0.11627468819663055,-0.025403191795936614
