Momentum Index,0,1,2,3,4,5,6,7,8,9
AAL,-0.0177537868879748,0.5840233011128987,-0.4645259404777872,1.5044189219142257,-0.05664512897651332,0.20970763871154913,-0.3264377798046736,-0.2473955977391793,0.17682025565313858,-0.16104240563672556
ABF,0.0851760895108448,-4.471956300951917,1.029812277515848,-0.46981362687432326,-0.2964205254264558,0.26630577554142293,-0.17472961930874645,0.04890001175412009,-0.06801084449624724,0.21106965540370884
AEP,0.1501011858268832,0.729299672442192,-1.390641084348658,-0.04901267936987432,-0.15835232781102795,0.6996920736957072,-0.16179725387549113,-0.6962600685733155,0.4773942316912907,0.002477659045208788
AEX,-0.1111004601226994,-2.5307742977962735,0.14454174988863797,4.558166785291238,0.09611495444550684,-1.1262697205942875,0.3000039869706926,1.5147733302763222,-0.17816138805609127,-1.4793259314985645
AHT,-0.1562342452304508,34.77957447172152,18.444038934885405,-1.518545039849073,16.002238825863532,2.5201202900762287,1.370039293830414,-0.3238401111504818,0.034106198715597745,1.021064256590616
ANTO,-0.0129907880394126,4.800630851023835,-1.7107064940013237,0.8919945087908836,0.4547819698182792,0.4360425520633886,-0.4402718640222487,-0.4882651450053295,0.3994537947470614,0.05232150565967323
APTD,-0.0504263281762414,-4.133857223105746,-0.4061426177028016,-1.7155996042498023,-0.29823900729776454,-0.48883685323635345,0.13036815962314233,0.5686242931838443,0.2872173711918949,-0.15274083530918378
ASC,-0.1607142857142857,66.92274047665616,19.95499710125784,-13.139481092743575,-10.315988924473054,1.4587720742140329,1.0839668390980204,-0.04318412903953744,-1.0522803233730496,-0.9784371004062791
AV,-0.0734705576002879,-2.34157839909828,0.6559639771119786,0.1948867006561952,-0.012861244777873294,0.230781868906423,0.0949778261676144,-0.00802796612753859,-0.23505290913028076,-0.08460988430670154
AVON,0.0352297910237557,-5.8946381932374665,0.18256574030213293,-0.9739151979145597,-0.1696838575263371,0.09082306309519063,0.46668251727470383,-0.08709088144703446,0.13888315393586675,0.3631593778370929
AZN,-0.0088846594772181,-4.189767485544075,0.25180685627486515,1.0289640757361829,-0.3800207994601574,0.11577997475066074,0.4873867261780024,0.13260347317082982,-0.16270726344821726,-0.23620145386857896
BA,-0.0146752375233991,0.8530676863281169,1.6589323811604393,-0.20090141859779714,0.018461126839865963,-1.4605092466167666,-0.20809058532939406,0.9627706573386988,-0.26173748874836905,-0.3098935783794892
BAB,-0.0102491296015733,5.2880563534394085,0.6763059173749373,3.969034172083426,0.039177295579009154,0.2983732502285123,-0.6834674564163239,0.45107162440037146,-0.556659548107306,-0.32943000133196676
BAF,0.0130533009789974,-1.6480937243804128,0.9990411000944494,0.25632124755171926,0.43839843621778046,-0.044690218233531455,-0.13668127955474177,0.10550742020445295,-0.10525002402576196,-0.053986088070609284
BAG,0.0364334219072925,-0.40622981013918474,-0.46267355967993395,-0.16601611047270018,-0.36499024676158914,0.31867124015289966,-0.2577397672607548,-0.10718457661107496,0.1872421503397454,0.09046246290515163
BARC,0.0056427798731104,-3.7758150860186075,0.4853591054097142,-0.16976263484377366,-0.18147239235532328,-0.03832885520154074,0.05348132398238596,0.0789233511593687,-0.062096012107802565,0.0005014627228013462
BATS,0.0428455183822176,-0.009004613477343696,0.6350629400460636,0.5215802181843288,-0.3126963992545969,0.009707205044824297,-0.25246567219412186,0.34533706259180375,-0.005498650169246529,0.0978128079073459
BBY,0.0238991777453316,-1.7807890722386805,-0.07115955217598958,-0.7917165599751911,-0.11198997808815131,0.3468526935269915,0.15994074311093193,0.29211450551650736,0.005406575299343391,0.18547971234549682
BDEV,0.0010137668493015,0.3617378321204858,-0.022856462341223138,0.899068125202759,-0.2226952701993999,0.07729131174704566,-0.46121348776142046,-0.2196014249029107,0.12076750103181154,-0.36985863564578125
BISI,-0.0319696632321883,15.182580833580845,-4.907853031021446,-4.002166468281498,0.09431879094949928,0.5074597928371216,-0.931257195923405,-2.940082913343987,0.40477251486451976,-0.18666968006673196
BKG,0.0206611118068533,-2.9420677104393844,-0.09810444150324381,-0.1987196563788437,-0.35840395570893563,0.03495073266134143,0.7986752570191784,-0.2443337378681861,0.22593337981620545,0.1163403737142798
BLND,0.0513377940390269,2.127713679062599,0.45200373582226033,0.5436965689677854,-0.0561998805708136,0.2443865731913799,0.010257048565411903,0.1307218369482636,0.05097124279772553,0.1848994260331109
BMS,0.0,2.436066078619728,-2.3697129885027786,-0.8705955968097314,-0.16927644687153967,1.297309623743924,-0.3036261029459127,-0.776612079825914,0.4124002112621093,0.5241045797255388
BMY,-0.026111261078868,-3.5719525900912004,-0.3991517012432503,-0.6189584249118486,0.026411347599718134,0.3527799731763029,-0.18936586300406502,-0.15440363212296093,0.1717257985821016,0.042156576891220106
BNZL,-0.006394385896036,-3.791728072527446,0.7214383657706,0.433712557321113,-0.34861107230753124,-0.04185743537966094,-0.19288920374517804,0.21248221012789406,-0.10889461058677823,-0.1455369707064525
BOOT,0.0184017771373679,2.9524879539308566,0.09409928665647763,1.494734041235704,-0.2417643150989358,0.12324076664196078,-0.5977302235993417,0.013628184963621228,0.1358610896555995,-0.17991804963424057
BOY,-0.0660066409492651,0.6413057584777736,-0.9150411094392256,0.0653726868100112,1.0952463073356478,-2.3275116261523485,0.36219931105143094,0.3174561437839225,0.016828169170280464,-0.6955401500607824
BP,0.006269340667327,-3.6619674324429865,0.9899665601946838,-0.060177067668431006,-0.38866192519165765,0.1647944137199718,-0.15768253629336518,0.22514227409626336,0.013417846997359564,0.2670893376484612
BT-A,-0.0083631598849734,-4.406004557682685,0.8769762573213863,0.3649911218449099,-0.21830856555715064,0.2075968407226448,0.08720375008689435,0.017792879487368372,-0.17609250518131625,0.2413505471809938
BVC,-0.0648261259060183,-2.0996746733204508,0.21520125955135272,0.013419944429932273,1.5544416887748531,-0.5719869397534758,0.06406498522281223,-0.11625001771317044,-0.9090877171120978,-0.6102220221417946
BWY,0.0390627256351987,-0.26155112024836924,-0.5246052229000896,0.3682939667986632,-0.28344112773294045,0.3433013317730009,-0.15947619984674138,-0.13208134654449932,0.23665668986550725,-0.17005670711196588
BYG,-0.0045971962958895,14.17064434045088,0.1677000851603236,1.892195608872554,-0.0210457181842971,0.17831753322450927,-0.6949696338755507,-0.21861533214531512,-0.7009598176802697,-0.13288919990160286
CAL,0.0348085527621424,4.31411692977172,0.11154748660886273,-0.07208776346559405,0.2822046658655461,0.43374335598392144,-0.5240003366051464,-0.5678864040816227,0.22677162167071507,0.17886423740031862
CAR,0.0219021850811698,-0.5839227252687853,0.4653937388672054,-0.6824599822540723,0.972673006642078,-0.6840222373905263,-0.24899243846986654,-0.44117054056406524,-0.14225909519001217,-0.2970247611137215
CARR,0.0267411107846016,-2.273416284934849,-0.6557534506663159,-0.627546418918173,-0.14865697468496822,1.2553163357566586,-0.7462714865900834,-0.5686653105260986,0.17775149096979082,0.3873180976284223
CBG,0.0,-5.982051206573596,0.7490811629766598,-0.2600225735429685,-0.3416199391546767,0.23444141005501382,0.2197526496957842,0.03318603306579712,0.055195654060566576,0.13591639820244733
CCC,-0.0544706817369597,-8.245620204891296,0.10690861480803435,-1.37838479751525,-0.017862184740930844,-0.05289977930069491,0.6492363896306796,-0.08879773052124743,0.01129792431781476,0.01563529232551344
CDFF,0.0,-2.395834003809405,0.8581054376711786,-0.13544940063053232,-0.39989612296747334,0.5490462783931308,-0.39597035514893086,-0.051468186176219406,0.13123642902950622,0.24167934089037918
CEY,-0.0768962713439423,3.3190167298087823,0.33236240084091406,4.560141877185617,0.955304655750796,-0.3823634175406052,-1.3022566881812951,1.2455976572830083,-0.05536383795869458,-0.4671633160587467
CFYN,0.002673159838592,-1.5762423684530982,-0.2653518243202624,-0.30643338016622124,-0.09999199215396912,-0.1029909956876988,0.22635462594509406,-0.17371487275215494,0.031495521768847685,-0.013482593626484251
CGS,-0.0050390759731135,-2.4767036980002306,0.6058273576307558,1.059629807079051,-0.15553761012239656,0.24014562166053383,-0.027611892151400197,0.2501333458995743,-0.11868686202792965,0.02191267492130286
CHG,0.1422331639135958,8.25012083003404,-1.4379292028815096,3.294203898287917,-0.17700137443764705,-0.983143960587261,-0.3649672876389328,0.8236934945796106,-0.3495084001225199,-0.4533657731697132
CKN,0.022988287712953,7.708174526837697,-4.391240204660611,-2.4465127652013794,0.6361805234266126,0.8475818254753011,0.11448922935777647,-0.19237917974036614,0.6552750506758535,1.1123679189539573
CLI,0.0008669079560477,0.7454571817138256,0.2851218932673628,0.21238319246140733,-0.14493042738037568,0.3898564335794031,-0.2127178813510527,-0.24966328281934239,0.05912601231361451,0.0888761403204946
CNA,0.0451386916595664,-3.084185838247217,0.5773095911914052,-0.07829223180916793,-0.27400711849880033,0.02855773610811935,0.2897249326567999,-0.3041004911967868,-0.07422894537545628,0.0356422032895866
CNE,0.0,-7.248817746492147,0.5676293457731859,-3.0475523063411347,-0.44700895749737635,0.28399797587166986,1.1108429726404676,-0.613273473776264,0.4486647705598049,0.47256691950116225
COA,0.048476068423692,-3.1116077908163495,0.25392486213758136,-0.9051084488929405,-0.3401114842945535,-0.2823812843068519,0.20351279238506773,0.30795285610963946,0.21525658357436755,0.08681311395763594
COST,-0.0622017864818299,-3.042054725893236,-0.447099932236215,-0.4547843395843999,-0.275186272320066,0.20463903232650266,0.14092925167515022,-0.4665814324890956,0.2612975857609055,0.10094178335714768
CPG,-0.049294618119017,-6.94634099115183,0.44035257597826355,0.15562022386635915,-0.2590807597153463,-0.14002512818779664,1.089505411821889,-0.03788290279001217,-0.014228410161172936,0.044599570137304395
CPI,0.1164203692039345,-1.9585966270162314,0.8346845648214515,0.19148402159004282,-0.5527685703500076,0.37996636141649076,0.004897631720618678,0.36841484156109267,-0.07720467376735463,0.535531830020758
CRDA,0.0,-2.6852717733061824,0.6621246741239778,0.1556861256156296,-0.18997942278110377,0.2801532493611935,-0.6668674110788039,0.0865032251511178,-0.19399109640294285,-0.05762735557955057
CRH,0.0,-6.592681360813267,0.8114810941311195,-0.38245788788159046,-0.33102939263228215,0.1834563438301898,0.28611505376846513,0.05026778111457147,0.05998375235342523,0.1463770804538787
CRL,0.6470881035340967,-7.429168591728923,0.05686184846015302,-2.246225060275323,-0.3685738270420799,0.6771898073068668,0.8720508584065578,-0.39400753743693084,0.6797215549492013,0.614504824024858
CTO,0.0414065472945872,-2.3075573920587416,-0.18288366239617534,-0.3006640294691417,0.18536923961384819,-0.6182347812791865,-0.20290133116875664,-0.23919752348671924,-0.2713861874438574,0.10030685195795214
CWK,0.1144800754813684,-3.3579275110194797,1.686726521811639,1.0709299820799871,-0.362240324925214,0.49852972402082024,-0.8174359100294699,0.19517383136719788,-0.24254592733154115,0.20393959132382156
DCC,0.0047871175469862,-2.396225197821605,0.5040158711406495,-0.1482756805141319,-0.41224726425581787,0.47005243110924677,-0.14022548111414682,-0.258551728243327,-0.039829017377321176,0.696680887204777
DGE,0.0065144804328218,-4.323602251858199,0.9740935844051364,0.3098030548886173,-0.4317333531354056,-0.047282847932113695,0.08155418699005272,0.16403091742072842,0.046708763472405074,0.023549718963822422
DIA,0.2657770569153641,-11.98220358974351,0.7385519775424689,-3.57425719071783,-0.09889707103720512,0.18583709745672128,0.555125348455583,-0.3183815699496188,0.29045194250093537,0.4927588283800366
DLAR,0.0249982537021513,0.8163537755233192,1.0801892049497681,1.0827797660845542,0.4373803949581095,-0.26932201814285217,0.015520212216383118,0.1340087582456741,-0.48055109614207603,-0.05878478082689009
DLN,0.0652853916100808,1.7619280034389826,1.0110210050823119,0.16499642929245067,0.3670891572993923,-0.4360502017226175,-0.1405675883437971,0.18805934362147225,-0.02738250152377454,-0.05061303733478622
DOM,0.0409178068835516,9.715047413662433,-3.7924077253291006,0.44756577174062406,0.5421188880325577,0.07876202470950774,-0.2634319032910235,-0.34633526280310306,0.7541172150276994,0.1781764844413317
DPH,-0.0273003396816456,2.2959868833419534,1.3870901952784551,-0.8370641820715206,0.910692366769779,-2.441190523806936,-0.025759569721119657,-0.5403174010115874,-1.521536210206171,-0.1514879824107913
DPLM,0.0778786166240042,-1.2194977142998746,-0.3999519740202472,-0.7868349555076882,0.023898395170241688,0.41440194916593714,-0.09623966525144934,-0.22678577225574748,0.23012103688090893,0.1816885493947431
DSCV,0.0344574054436197,-7.330335378381415,0.5113197258638489,-0.14512693566586626,-0.32410002211854977,-0.09436497804324585,1.044079952359727,0.04987811581703571,-0.020744574116014203,0.14210862161830118
ECOR,0.1254790407332779,7.960302596479238,-1.3503929623826267,-1.3970639566309484,0.09232319064005873,1.2985799619965586,-0.6884270298609364,-0.9330931007580547,0.21594987392086964,-0.0776154857683927
ELM,0.0720967916171546,1.6353901579328691,0.16479565847372507,2.191478745432959,0.48407694734784285,-0.557404010640666,-0.9087342861667249,0.5066171781082273,-0.720595268897335,-0.3735026836798589
EMG,-0.0406345347502317,0.5274051300322931,-0.6072702773671214,1.4291769849659761,-0.2880018647694108,-0.5276112727276651,0.4392416535171672,0.21432916165437962,-0.1983668930722853,-0.5416721672464162
EZJ,0.1722322708033257,-3.657507566765962,1.2260589840502776,2.5001276213277728,0.3259234502880811,-0.7987715341704152,-0.4168546845795206,1.2067540166811583,-0.35711064368307394,-0.7264737816356381
FGP,-0.0313194460464293,-1.337052182708371,0.3080457014722475,1.1709886800622868,-0.335048370055639,0.1153100367002962,-0.06967109829747038,-0.05277831632441611,0.010951652306323984,0.25052944843855285
FLTR,-0.0445078798309721,4.523515430377587,1.7440299839422744,-0.2381248283930656,-0.227385936268212,-0.4820690319636049,-1.2467524537035204,-0.1194704867302962,-0.26953139060523124,0.6800594045395494
FOUR,-0.010340164004588,22.331389518005484,-1.6975715391458661,-4.044890704940431,2.1156618142381918,-4.5850606048881115,1.1423136170865165,0.6466176508694041,1.962149390817912,-2.3081672078717967
FSJ,-0.05269451009332,1.2170903014519077,-0.9185875212020275,-0.25392130085932685,-0.005329882992718464,-0.1576018226419994,0.09922257732349164,-0.5508510357210425,-0.2671438926444335,-0.3469312073838577
FSTA,0.003194326875469,1.276685199903908,-0.142593848455985,0.8037383495910402,-0.12511756936544588,0.19313620861849592,-0.14472342451344605,-0.018483106713673217,0.02616151304022795,-0.007893398480124502
FUTR,-0.0062508954087211,-8.221266663055664,0.6774435273137132,-1.9880892191214954,-0.016980961014858784,0.16860612436886643,0.012071616845213325,-0.05565327019411022,0.024039714257113803,0.20432737719319183
GAW,0.3547787183648403,-9.125573936107642,0.31418742799849025,-2.3482053140068375,-0.0943096347727852,0.08521005577189676,0.6680386078685648,-0.23920741824923283,0.12330847068986692,0.24044838923508755
GDWN,0.1468733216925706,11.28020861115893,-5.058752387222353,-1.0125618863281411,0.9116960607185377,0.09940189028829945,-0.8820998336933499,-0.2517891200878717,1.582097365712837,-0.1617031571218547
GFRD,0.0263157894736842,42.74904741751235,-15.140834509865732,-4.156592838832825,0.007280867699182084,-4.267554764611584,-0.17614117502074195,0.2473587194503347,-3.4131112748875068,3.814663329480357
GHT,0.0024343818873973,-7.135865948379193,-1.2041317096408344,-2.7553854276281884,0.3493747401625872,-0.9306268927845491,1.6820056557327434,-1.0617031350019308,-0.18301872094439128,-0.11937713475263143
GLE,-0.0024904983836098,-0.8015771356560252,-0.032839900234939844,1.4073139097655005,0.26150200362561227,-0.4076178720470004,-0.45131130730913066,0.4211208238340003,0.2119264467507581,-0.281646510423323
GNC,0.0879528651955925,-4.637398602244782,0.48072731661256246,0.045978046606663256,-0.2379679944384606,0.005485770527377423,0.11023927811717377,0.07435070133449183,-0.05504683470091593,-0.07854182843977128
GNS,0.0103635799075312,0.8445973084779667,0.2913948355388099,1.0159162370534003,0.007319421056588813,0.3705373755103683,-0.8173865287372726,0.0026120391898232912,-0.07220928721115526,0.17224668654655217
GPE,0.0514876237544221,-2.1919829592987026,0.695831876907858,1.3349295047076295,-0.33865422082035745,0.2219680481059314,0.024790691246333714,0.22066305322285512,-0.06268713982072563,-0.13472421219904443
GRG,-0.0787504324179937,-5.123033884540674,0.9956636444584034,-0.5078184018240743,-0.22187574908493632,0.30378313362297715,-0.23356212861741102,-0.051458761588072,0.04095357152188962,0.14857014809467517
GRI,0.0148047191993174,-0.6930925705561346,-0.10535611837084728,-0.42300927370562386,0.09922581128319351,0.006882517566821621,-0.07617980915109576,-0.3236246952575735,0.2614301270396762,-0.36626667764224075
GSK,-0.0401037495449582,-4.567973950869209,0.7346970078083388,0.5244029964905438,-0.2826799792763504,0.13707322326173366,-0.1064442095747587,0.1568146253772777,-0.04064338086076996,0.05586334197326553
HAS,-0.0416678533792826,-4.29145784556501,0.6963766732598041,-0.5832762102198175,0.00509296630781763,-0.7042930179445555,0.3818196912681053,0.1373195358244925,-0.05531806029018993,0.0608016798800494
HCFT,0.0470601093749389,-3.4050107982817424,0.22091373611315626,-0.20530829090827132,-0.22994802444371998,0.12265791073763528,-0.026267648155908103,-0.10838789152108871,0.13637009349558266,0.04774143743954591
HEAD,-0.0161338238990835,-1.3206981484017768,0.006016843386622682,-0.16146897480655711,0.017446321711831046,-0.04701825092630151,0.3793793985658207,-0.3967639248279275,0.17648164781664183,-0.08125030360198054
HILS,-0.0041117748138448,4.474765227645382,-0.767251832882951,1.7553448158639255,0.4774103373044127,0.23560059151332974,-1.4563800720372535,-0.4345501973316825,-0.2930418407883939,-0.0996118930849888
HLCL,0.0869575694291049,-3.3143098755707956,0.9686147973309868,0.26933877141274354,-0.04206719495382813,0.11504415271448036,0.4521141873374926,0.07072720140520533,-0.11600080923924523,0.12536565921827136
HLMA,-0.020631170962175,-3.0409443939108947,0.40787884197265895,0.2855921553931871,-0.28075713825465454,-0.0013596158188562953,0.3897862841199014,0.08008829734902781,-0.009303534229534475,-0.06168361222908224
HMSO,0.0307550554582196,0.3574524429865331,0.3918445519012572,0.43771079927160494,-0.012572537811538269,0.24197364184407255,0.03544412032511505,0.14641655206653076,0.07102668058707637,0.12361303338362466
HSBA,0.0073461140101089,-4.4918064958284045,0.4041917174797322,-0.22647390639423431,-0.14585439561578836,0.04350818249189037,0.20785335456365006,-0.02226306507085159,0.09426302354186243,0.13603077354272453
HSX,0.0598053714763093,-4.786950461393303,0.6142983973055849,0.10207850244858278,-0.3164337517310475,0.3904058130549317,-0.1026569106659487,0.14062378512916565,-0.06807301129056455,0.20129530744570737
HTG,-0.0038151714910875,10.050295282065097,0.8543898856928912,1.7766457524397563,-0.8873737099829395,0.31201970404188395,-1.7449461899049123,0.591804005025792,-0.3358428903056362,-0.15753934244985315
HWDN,-0.1682094904511717,-7.368920995028836,0.32441401513803186,-0.4852889711717266,-0.26835600652905145,-0.16619387005578076,0.9640977525369774,-0.14797618413660396,0.06084492455728336,0.042785154702936784
HWG,0.1550954290111137,0.4141821823952853,-2.100698633907179,-1.351564590112332,-0.2985011380040559,-0.5532663971689126,0.8538536768956954,0.24956381375463013,0.6756513406276815,0.1329134702664432
ICP,0.0038439186384391,-3.5403069355261367,-0.10269813573659757,0.0006410958691584534,-0.21695384236806606,0.2655907433574915,0.012954192428580372,-0.342765399080743,-0.1129556526885311,-0.15252406265338783
III,-0.1538448733288248,-2.9524330001187806,0.4397320860625088,0.5862363536126454,0.30109779052495594,0.051358821422681576,0.08472011839835285,0.21702704983860313,-0.23129024374797205,0.08931217775874925
IMB,0.0478264878071268,-2.8405447998430464,0.7344254982069208,0.026074423341786186,-0.5100953631921028,0.4027555891517727,-0.24341200717029904,0.056588569613458505,-0.04664898849595753,0.23118805428108702
IMI,-0.0093914622497264,-1.944486652546159,-0.028483000763127937,0.030181722335367388,-0.16741995120002828,-0.012830493963172242,-0.10074815166700639,-0.13194988460016868,-0.15976469094949056,-0.10152764313015723
INCH,-0.0058506860832442,35.59939653441662,0.5287632827481077,24.75173551914249,-3.619979151436315,0.2586184428749751,5.683570237481056,-1.0526813019496488,1.2825009839913057,1.2580188743378105
INF,-0.0178459955121391,-1.2702582753533027,-1.1248899416185127,-1.136264248652929,-0.08958930497034102,-0.01771561108921263,0.16511778548375866,-0.6027857411198664,0.023976569861501405,-0.0288325513157401
IQAI,0.0306341279375701,-2.7264046515910683,0.2690827082732472,-0.15471866279011381,-0.7971095430922265,0.4978715035279481,0.5225449440334223,-0.5138261095296801,-0.1790275680877891,0.2552873291716223
ITRK,-0.0577864352077306,-3.2881426938105003,0.567066915773313,-0.7044284355602882,0.030491483696306262,-0.015498428411579815,-0.14235711047480595,-0.23484838397722335,-0.08945779530138329,0.21094579826242046
ITV,-0.093449979128983,-5.258074555185903,0.1733057845145012,-1.144876979356875,0.2768204650263173,-0.3852532157470526,0.523003104761968,-0.04704375711353923,-0.2734058287937477,0.05747535116121645
IWG,-0.1241490075750312,17.889299528703955,-16.382852997103587,-5.530270512954478,1.5139647340495606,9.447333881285312,3.2391248766807976,3.603348389381087,-1.337406821685301,-1.3623788539422554
JD,0.1292719167904901,-4.024398025039672,1.8027958441490544,0.08037765496557729,-0.05869278501884378,-0.2855113899278863,-0.028086771800278885,0.11999139139961813,-0.4498412751983648,-0.007072841318266407
JDW,0.0322204131564716,-1.9026010679517869,0.7474793079207971,1.094286595741849,-0.39988429142102877,-1.0531059046907882,0.6637751424666948,0.5363753830933282,-0.22919452182733613,-0.8362336741196367
JEL,0.0119834324156524,-4.855818126025043,0.8016330308503885,0.07213269706609746,-0.3385226172420726,0.25752535370279517,-0.0001076773022035408,0.09761344506590694,0.06543954111135207,0.11634923245219073
JMAT,-0.0496297744276915,-3.3439233909820762,0.587476228834016,0.6438894888495537,-0.08978985494640238,0.05729655868261074,-0.15243000693608227,0.2323950913322472,-0.01576650390254685,-0.035614140928828794
KCT,-0.0569729053935261,-8.434079509613426,0.5342122839836546,-1.865162744874229,-0.10061638684185227,0.1694464827467998,0.22224365481931543,-0.08274056957226882,-0.023032607297231306,0.22524154400632695
KGF,0.0072952285464162,-6.742602083780015,0.45893029230653715,-0.7291694475400147,-0.3966123858507944,0.2961810474070726,0.5545356602636973,-0.28233750888606385,0.05530557278062657,0.2071224702967236
KIE,0.0116137072903528,5.016069556749308,-0.05755624248886391,1.9860876659309377,0.15104662198321714,-0.2612601611834449,-0.4535716538963965,0.7202279562776573,0.08188504386545997,-0.28681338268184076
KLR,0.0947373100395636,1.0669866206847247,1.4051812228467349,3.6552179942114877,-0.5467686489318277,0.32620515946482614,-0.8606756911278615,0.26213781155695504,-0.3230707069254037,-0.1946604130630169
KMR,-0.0061728230386255,4.010739174460495,-0.4141770162374178,1.2549114568687971,1.0352379014230302,-0.34999358166887873,-1.0337014885830365,0.7705658524782015,0.13939968441939157,-0.4199097276495117
LAND,0.0623641737417055,0.2972101835934238,0.3267904052034417,0.21940365467643902,-0.18666543325723844,0.287517878232726,-0.08971557450137099,-0.09059910968855765,0.1319086271427848,0.15822010874592285
LAS,-0.0346303245769965,4.966266852313336,-0.5159198566324451,-0.7672606995259976,-0.36144310128962487,0.7057019410365082,-0.2957010475204761,-0.4961411478818259,0.310001063272026,0.2102515730850147
LFI,0.0640848317196864,-1.3085945936084467,0.08749486357898442,0.1636454717275168,0.48342062086243986,-1.1324467073385842,0.12286973307451524,0.4144734045468226,0.25204509454802393,-0.056569688087398824
LGEN,-0.0520128888535285,-3.6834149550259703,0.9872121219833592,0.20204199617511595,0.14210836331457896,-0.278479716598569,0.12450227600206809,0.17569935125384956,-0.29955400920467806,0.068964578247305
LIO,0.075939431758351,-6.5292419876513685,-0.01905874036992778,-0.02851928223722143,0.04923572503224503,-0.21998407226815975,0.6014407791552916,0.07393604225252498,-0.20490503029672943,-0.10488317630556845
LLOY,-0.0018709532065787,-4.128681083253542,1.2307840823901308,0.3444401267587538,-0.09666251579741422,-0.09551294803976679,0.17922155270419643,0.21556312565049623,-0.3094934839972767,-0.0944186220654433
LOOK,-0.1879785374088142,10.49435176903346,-2.5782112447325503,2.5174688890809414,0.4249666899589377,-0.8918189963997353,0.19339775210114646,0.04078395051210397,0.008714661144471924,-0.41865285700671706
LSEG,-0.0217777556809261,6.061160164804771,1.1725063431314358,4.557046923425368,-0.12333410261498728,0.2432756353516331,-0.7013349194703605,0.6590755813215159,-0.2979757293678684,-0.26074581572721994
LWDB,0.01312734583616,-3.390205445016694,0.5661293230407687,0.34214815954555267,-0.07726656315077474,-0.09613703826707307,-0.12968511947269906,0.243163725217076,-0.1345470210964049,0.047470378352987154
MACF,-0.1448320489440554,-5.573608162696222,1.8179872982002154,0.3315786730848465,-0.4033316899809792,-0.0478005482786209,-0.08675124964239894,0.7010985736526498,-0.03208855513810364,0.0684608693154761
MARS,0.0212571610123215,-1.0589408200119945,-0.004360573138079553,-0.16267193779850267,-0.18759920300220503,0.3209752881989421,-0.2189519055617814,-0.058533109807407474,0.028795377199770687,0.09064978960417633
MCB,-0.073453193036722,-0.081691503657608,-1.760002406728535,-0.8282813004521111,0.27102868548897163,0.7129562272832639,0.2990792402396756,-0.8592558511931715,0.33393320321750536,0.12023697831791409
MEGP,-0.0235742726525797,3.7215960237216454,-8.221420577778067,-3.0030333153892106,0.8164334019552156,0.7056040752496431,0.6379939444278279,-1.6382669401638554,0.6047673059898323,-0.08498898892829015
MER,-0.0037008852561329,3.2805012565514344,-1.5905223386410796,-1.5664760476970696,0.08288506024389276,0.12556851012652026,-0.09915518019561755,-0.30354329181628087,-0.060662582848194826,-0.05282794749058929
MGAM,-0.0879269362460737,6.2781123875875755,-2.272174607118885,-1.3716069729054379,1.0587040802357206,-2.416941105845441,0.7255926309314833,0.4364658679512666,-0.9438369391591667,-0.3900132499405496
MGNS,-0.0819688632398335,11.406149479139987,-1.381136799432236,0.07393177549818707,0.3766838405242363,-1.8891099150749857,-0.6255808290155392,0.9810302679971322,1.0267825190973046,-0.7723728420958392
MKS,0.0068123330109659,-1.0999632348225916,1.454422207017975,1.9947326119959268,-0.515577559450137,0.33013947248693304,-0.05383122818780051,0.18488769775959624,-0.16396643449068626,-0.06361281236244617
MSLH,0.0221488046930415,-5.497357542045691,0.48769104269643415,-0.2405229962430737,-0.3007888330487585,-0.08236636643764296,0.3359808912613361,0.16440444152462697,-0.06182357734334203,0.015486193359150285
MTO,0.017376700825993,-2.8217878306611217,0.12264260015407691,0.026232356396559183,-0.2254051176242185,0.34340697938720066,-0.11906483497755438,0.362487593764863,0.10099757700363858,0.2722566406664603
MTVW,0.0185381080778435,-2.8780771000301297,0.4139480562418703,-0.9257764361932699,-0.15204400052003753,0.11404251739375035,0.23828168130961763,0.08218788229932115,-0.049708052639327885,0.369221599959717
NEX,-0.0872737930619852,-1.9254470122404896,-0.35373990270978856,-0.7205176665472844,-0.24018223287331128,-0.28568996192112567,0.01913075621268064,0.06348120010097506,-0.15401633091474332,0.23623498379978036
NG,0.0237691705429927,-4.587016109614681,1.143088842401697,-0.04471933029169568,-0.44201789471009956,0.28671882456437003,0.09472649271672977,-0.04627523727079742,-0.015326550613911596,0.25749105671383654
NWG,-0.0337266172526419,-5.39885066543709,0.5053249382808722,-0.14762317553389245,-0.3059392233909872,0.25874496326881635,0.2347752661830431,0.10696648236889962,-0.10523419779955273,0.10255559701553277
NXT,0.0278962020895185,-2.700831555520319,-0.038728698139870434,-0.7698288654605119,-0.3166622925563371,0.09623984126427079,0.3906158137955661,-0.40210670756633976,0.27429788380856746,-0.14027633805624612
OCN,0.0784302456202681,9.458247204259953,-2.7026500455544413,-1.4708270008099755,0.5081301065683677,-1.040467088153124,-0.7336398626520224,-0.4264229517712344,0.08002417913770715,-0.5071933620424982
OXB,-0.1287127554784317,0.5046573590127241,-2.130750945169536,-2.0922965294426867,2.08314876338191,-1.25215600887883,0.41120818421514516,0.7765742905319364,0.0742098879779233,-0.4400350989951049
OXIG,0.0334117677732221,-5.003470758484938,0.7516554670603641,-1.0539348104724289,0.18707438423000886,-0.35430093848585786,0.3092872023717859,0.2330746224351188,0.13063555019319095,-0.1125153372093494
PAG,-0.0676806745681345,20.752083800670942,-7.918311728855493,0.6653811893617912,0.97540049176082,1.2991366545539416,-1.3190788942209872,-1.0279487626148727,1.2099124681296662,-1.469736599979922
PAGE,-0.0664338973258089,3.5073415245556765,0.054156244456182556,1.1197339994231257,0.8557603874150451,-1.5388630150033273,0.28779733821126235,0.17859057709961987,-0.04829018523366735,-0.4602111098822963
PDG,-0.0566677326511032,10.009239442413822,-3.113420829832659,0.05662609461691471,-0.18756345629957727,-0.8048768327228574,0.029856166493849128,-1.1269688242800577,0.09305439968702789,-0.9193675198150919
PDL,-0.0399999799522713,5.375443268250538,-1.6309008566229448,-0.475590439316795,0.8050148367984745,0.19728362110885372,0.08480992789322528,-3.1952509502259447,0.11413936932974812,-1.3668194990166136
PHAR,-0.0014568916176699,10.572731051852667,-0.21744963357109295,7.5174117541056225,-0.776964399280166,3.2815333587459445,-3.4875732403054758,-1.2358207582176577,-1.2950145171285286,-0.9592101253716916
PHP,0.0290248583867795,0.550923544429125,-0.07681804433013878,0.291165038414423,-0.23301628497966392,0.35178660188591493,-0.31002236168465225,0.12055003423232491,0.40233259680949274,-0.12348010668027666
PNN,0.1016703975174355,-2.2577968235128294,0.8614124606448078,0.052991219405030966,-0.51499728109973,0.5526378826521428,-0.46511236052260846,0.04187882314650517,0.1496399719765897,0.37627784047745133
PRU,-0.0773650177051055,-3.1085224671112672,0.7974172726834339,0.3834835709458558,0.035233973265650705,-0.1313044173469438,0.120667085440456,0.21728108551242747,-0.25898218524614985,-0.10563360022787961
PRV,-0.140346413187692,-5.640727984202291,0.01160915786208422,0.5825573283193718,0.10559418025787902,-0.15868204967066007,0.1487862554114439,0.19625505487136652,-0.26186445279294457,-0.035482352566442533
PSN,0.0280222728129577,3.0286156315442305,-0.07332479653637305,1.2648055372060099,0.013468141897204978,0.22971093251426145,-0.6865336073161027,-0.42977169005659105,0.18776601350225408,-0.22780284496929512
PSON,-0.007543951718709,-4.792473059743504,0.820588141578915,0.003295094313672625,-0.1608519080352813,0.06854215077482617,0.24220209347534202,0.04224417848308474,-0.08885618258646859,-0.027809601625396776
PZC,0.0489205716409339,-3.73989589160347,0.4846202772230015,-0.5011007630319354,-0.035230185040118184,0.23531123186410732,0.09545274332052135,-0.4149258471729186,0.1624798040478164,0.0670156875172689
QRT,-0.0243899921555674,-3.0588764491205938,-0.24245349237583555,-1.0109548891340552,-0.0744489527102897,-0.1884874198692568,0.07710800711403636,-0.23860963535598304,0.3233787197970216,0.02372632403098074
RAT,-0.0062612390628212,-1.1429732494354437,0.3127749083969192,0.4683662842566515,0.23778211913805583,-0.4046186822044324,0.08342490031733138,0.040822704586749345,-0.3252339034837667,-0.2194045237525528
RCDO,0.032557049922812,-6.108855530643961,1.1638013753914964,0.5211896734868214,-0.22596180260221635,0.31624940959719366,-0.529276209976732,0.5870278617507854,-0.4501806871861187,0.06459387058941479
RCH,-0.0814157744884197,-6.018744952145346,0.14271154480341958,-1.6501869336589436,-0.04304960241858651,0.22247915569406093,0.1871258590781698,-0.21264818817852799,0.060519557848472405,0.27240918012377857
RCP,-0.0639173719440524,-0.40104027655307045,0.2449987523344525,0.08062922101721459,-0.16972461519485962,0.253296150632156,-0.2214801839369638,0.04457549185655798,0.08105119535896789,0.053056564890988846
RDW,0.002001121221909,-2.44404550245101,0.06427969715868215,0.12391378955026743,-0.17013863778056632,-0.00490078861161982,-0.19396943528378907,-0.02453885079803911,0.22365255958932934,-0.13253164481366783
RE,0.0803570013157686,2.403394513961612,-4.2867177342150145,-2.0976222755669345,-0.008896269749199198,-0.20682989890965997,0.45019499208625013,-0.7881434790549081,1.201369597029078,-0.39820189155953206
REC,0.0,-6.8082937691948935,0.8241936831425414,-0.44485790271474035,-0.3198620193511912,0.17458867359216676,0.30353570994075924,0.052434202092538115,0.06104243880434388,0.1504928895158473
REDD,-0.0787253865975085,0.2406394546169191,0.017577403863011376,-0.35773962943862464,0.06153118479089586,0.11615869941796547,-0.29939577603000106,-0.0016409083644277128,-0.10006700530881531,0.13996904779245262
REL,-0.023853645740783,-5.93584945112535,1.11367887448972,-0.1106238828955798,-0.3531162362255057,0.10621844673168652,0.22080234148099337,0.06638041256486182,-0.06362979843592714,0.11117675547451654
RGP,0.0638297872340425,-7.863495628099737,1.256115981817947,-2.1338011427253956,0.0027205290106130093,-0.29130708351005213,0.5648019804185539,-0.29997299885543177,0.2728538832063429,0.30863006832832157
RIII,0.0292209095409481,-3.0570695120879,0.34032699382610004,-0.08997761473767235,-0.14629883450682293,0.43113069349557226,-0.38950749121097056,0.12414022992235425,0.14355891980192712,0.27165609513971367
RIO,-0.0572220576238579,0.8288576668289506,0.1615511419937891,2.010721969299906,-0.10949703418619837,0.4992198784078532,-0.8466646926706642,0.035558273127371656,0.13211123281162107,0.06359610218975517
RKT,0.0497046057633927,-2.613583446524384,0.7358710146985763,0.1336519107022584,-0.3989965757536413,0.08243751219437119,-0.037768243113161834,-0.2262528393669954,-0.0711213401109444,0.06732344904179355
RM,0.0805234256338356,-3.1033676082964874,-1.279453856351887,-1.0252702468316084,-0.01974135782305338,0.7468112181988124,-0.17098619223743175,-0.03408047410635448,0.1828901877274597,0.6575561894888412
RNK,-0.0226963001623753,-7.4513146855675965,0.629495428478628,-1.5319499921931266,-0.11027411441079218,0.07681270846113536,0.11232598532276943,-0.10735410197766268,-0.001983013957746542,0.03405563608833163
ROR,-0.0375353184090414,0.16671370209751277,0.06997809123006685,0.7703161672399259,-0.16007658583419132,-0.02398118001965874,-0.3742368892300054,0.3181681852898602,-0.24234217742749561,0.06895125661727006
RR,0.0513586540912565,6.3895514946062955,-0.9055857981615135,-1.1505783627339286,1.7040447555450073,-1.393878182938905,0.5943225002210125,-0.12931669427944117,-1.0175473688872643,-0.36271573750194563
RS1,-0.0118534289957238,-8.868871406658617,1.3081127007588251,-0.4275824309949182,-0.5464745874017342,0.28241439266035084,0.3682141749868499,0.22001463354775458,-0.17487083076988078,0.06818008454736446
RSW,-0.0825577378561663,-0.602799740788003,-0.3550906769429736,-0.06479952457418259,0.2564692609573331,-0.25533588523455863,-0.5273115866340221,0.1811531073115029,0.39138960702002806,-0.19911825236852262
RTN,0.0458460007738654,5.6801472322457345,-0.49921950367310086,1.1759639919657245,-0.10030085996029661,-0.24590687466504835,-0.5959370287394697,0.0017018479377423005,0.05207922489481146,0.15989724648920148
RTO,0.0559149521562345,-7.191301762726698,0.8566749363464021,-0.04686415485640982,-0.0656815197262191,-0.13204970386466566,0.27602698809620285,0.20851836021275472,-0.04555028075403833,0.08071159995806133
RWA,-0.0909102468735496,6.966253513539857,-2.3390880344216836,0.8674011450327405,1.061895081541002,-2.126232206192944,1.6388792718936207,0.15137032242335804,-1.1430675061868125,-0.8777162482270485
RWI,0.0553666815045625,-2.93391276306285,0.9142196738186904,0.004537558847266419,0.009473373151358102,-0.1313443599349458,-0.09380843962647012,0.493994295012654,0.03851633450987415,0.3605563004764658
SBRY,0.0462676051947403,-5.492317001546624,0.784102601047711,0.292419150010874,-0.08181813954789949,-0.22442630489518003,0.44951666673344437,0.17904926073694696,-0.13051752805664973,-0.00033957184708755797
SDR,-0.053916759325877,-2.1872286979015323,-0.15475900687836255,0.6345579925687974,-0.1701780096976617,-0.06485425633272045,-0.3773738794723572,0.04514857252040078,-0.5399685035065913,-0.28521374143538014
SDY,0.0351770923958139,2.686932649139754,-0.21078544947697042,0.502435832772726,0.10134729002271259,-0.1169387837442567,-0.7828012466903693,0.29540723487552545,0.1218426057011287,-0.042654922266818524
SFR,0.0545216251638269,14.137354416376331,-0.46057998396872674,2.727463585222275,0.975738972228705,0.17969127697487902,-1.2350524253214155,0.09390120250370751,-0.5244378839258421,0.29748560292793436
SGE,-0.0338613145527333,-3.707016655758239,0.08742721161744796,-0.1587678910925843,0.20765941259121695,0.2992968382187734,-0.11202640684828274,-0.044285756731208686,-0.1246013836125633,-0.09836804936499102
SGRO,0.0685157748112896,-2.385503759050507,0.39339250603057585,-0.11937124153203596,-0.0655814904792889,0.08202658161928324,0.07896343272707018,-0.13627433518221754,0.0032408788793281055,0.10736436655233861
SHED,0.0,-6.8082937691948935,0.8241936831425414,-0.44485790271474035,-0.3198620193511912,0.17458867359216676,0.30353570994075924,0.052434202092538115,0.06104243880434388,0.1504928895158473
SHI,0.037306066862617,8.341153080864158,-2.283769875259983,-0.4073029199535145,0.1084685621524019,0.2820892294231828,-0.26647943126685136,0.38668215337212475,0.16606690386379622,-0.22186342767896972
SMDS,0.0068210526315788,-5.973507273245915,0.47909623923533673,-0.6993534401143747,-0.2767946167796544,0.2540939371570776,0.08683397496755185,-0.019226986758948534,-0.05755709415068777,-0.020124848624791976
SMIN,0.0028042125159286,-4.6602037233149485,0.89669792390224,-0.1823752482344403,-0.26639044906886333,0.24671114127758476,-0.3268906036465846,0.1905622889079361,-0.17030969274153562,0.15651400139585103
SMJ,0.0416746795778233,-2.694502413270568,0.337980506617389,-0.10520444017147665,-0.16821464944949113,0.257002369285403,-0.09822778227914783,-0.03127147394109296,0.16930602055950877,0.06632667329941373
SN,0.0644214749033498,-6.49732138801765,0.5414956322494695,-1.4975440696915998,-0.375466267021313,0.1336102255677856,0.11639114136924106,-0.2090631751858868,0.15174522571735433,0.09669314203698592
SNR,0.062910850653165,0.34073866021822213,-1.110398694581658,-0.08953797440430784,0.34140575044314714,-0.2583286561441848,0.011558774791066257,0.842047646689596,-0.1843444494943341,0.177090907847212
SNWS,0.021260791005822,-3.5382145335285213,0.33409100501950917,1.3392864528430624,-0.17817645540325494,-0.11719424626073914,0.6545965438058436,0.010270784677535923,-0.3602756110907228,-0.24675172039749543
SPT,-0.0933031503489907,-5.455852058866348,-0.1384688227538493,-3.0273902962392367,0.6042807847527921,-1.819988281342212,1.1097390821411237,0.40082525542404335,-0.11043752154643786,-0.11060173802155321
SPX,-0.036010645858555,-0.7434803582610927,-0.42215826620461216,0.23074442083489166,-0.164193602679147,0.29262021019829365,-0.3650329123314535,-0.05628623425480116,-0.22816517608735598,0.036906875725832664
SRP,0.0216085618316734,-1.3939497932182172,0.660537474644559,0.12639221854370053,-0.041287446040876266,0.014356985641292445,0.10142593748179367,0.0016859981968466024,-0.49325463713368756,0.0017713963250165167
SSE,0.0472037748231128,-1.6903279877421677,0.9168494606126671,0.5863496639522852,-0.5170072540542148,0.41430464324997396,-0.5006640170918557,-0.04333744097954173,0.0373668276593174,0.29136230794810214
STAN,0.0007536281490623,-2.3078670424438914,0.20060579426898184,0.2665688875107818,-0.08207614075395873,0.1091325534322278,-0.21681861838017974,-0.1480341735970401,0.07859561620966789,-0.010424064391434385
STJ,-0.0098041259681639,1.56720644702154,1.3989152191561844,0.4460877879333039,0.4860217981808445,-0.6260229355468946,0.043667518960931774,-0.08955196665265333,-0.2703832278446808,-0.19133892144236161
STVG,-0.0888886032204121,-6.979452499063726,0.7821514852210001,-1.3415705860904152,0.012897799560929697,-0.20509065349714972,0.5589434724077647,-0.1365548706146951,-0.11299437751676691,0.08425784237101137
SUS,0.0086591707112209,-4.003666430326535,0.4772623758517902,-0.35474165455156464,-0.35667714556866065,-0.16248366832078465,0.3754839143201807,0.20115881552955447,0.169203994259004,-0.05017944500767467
SVS,-0.1171464917155445,24.43700744199965,-4.5513603725866965,-2.412913708814384,0.5870321648821891,-1.9402434016122394,-0.21804967832102387,-0.36163495841130566,0.42081812612337655,-0.40591621605530426
SVT,0.0781645648546933,-1.8021477414162503,0.48181872501434153,0.46710843785528683,-0.5859706738590647,0.6835264966573412,-0.19324594181678104,-0.11072370903151241,0.1476284470909697,0.35294753794392686
SXS,-0.0612415343426642,-2.3961406942858092,-0.31824315966753286,0.1701232505571406,0.02620667277876399,-0.11845985121440433,0.011314429873520717,0.5039262275719573,-0.15061505484190058,-0.12736713985784845
SYNT,-0.0505459421492882,-7.20551311688912,0.6119342685321634,-0.668480255873702,-0.2825297122131111,0.35416351145783836,0.029395840417395572,0.141318033766254,-0.19222403713572023,0.19589027569354017
TATE,0.1107548819586126,-0.4797733386547455,1.1377272356081896,1.238855107897097,-0.3140887057042662,0.11179489465641818,-0.6759307397925801,0.04973625599590966,-0.07004574690406301,0.3752406263754829
TCAP,-0.0039038006432168,0.14910086354236823,-0.5955210908402554,2.0416341700561795,-0.08669133706239297,0.33813941585754614,-0.2975109495295027,0.02503485241758451,-0.02886136494109017,-0.40137301576897844
TEP,0.0953811947402247,-8.485303292537216,-0.37088272728976596,-2.3310592075053256,-0.06174641841042608,0.1849420306601396,0.5811917247075711,-0.4451698591842274,0.18897833983053888,0.2824606882875362
TET,-0.0826084997070619,-2.0395828919166696,1.0088586210703632,1.5158999431735294,-0.2459196127176658,0.1071674051140634,0.15455316449977508,0.23310053421082277,0.16593739210969083,0.00824419556193292
TLW,0.0428035170781198,11.074085560325253,2.4632005953789027,3.5511865785354786,0.012251352641080002,0.9204573618484905,-1.9420844793158636,0.03135927891042406,0.10157145790163358,0.7294616718164327
TOWN,0.0475742784653625,5.893303731834797,-0.32819268756584874,0.019713110461411675,0.09681061315982406,0.1925116852235706,-0.31477711327550517,-0.8787933953663704,0.33300398684130805,0.05867538465827607
TPK,0.0685750675885792,-4.776128396568554,0.3799610562650137,-0.7338690043634599,-0.27396623872045867,0.15233971096235044,0.09720763164413351,-0.2976705752920198,0.0784116251327568,0.03600878561657161
TPT,-0.1630325798631823,6.913885693968646,-2.6942761615903508,-2.01926449925187,0.11443125004718098,0.6427098290419708,0.3929929204909695,-1.6347357459250822,0.38216393458175896,0.0958819554995719
TRD,0.0,-5.259467954619748,-0.43362108693318896,-1.4880821935804307,0.014205999000501875,-0.46906204217121183,1.0114666602035454,0.015096516219175352,0.062006314774430825,0.1989392536908475
TRI,-0.0660733613950691,-7.004804702509804,0.1367773662328292,-1.1482230912515603,-0.2677956847628177,0.2690393347812906,0.4543736279649796,-0.18970857631590063,0.3920861518660428,0.4540914291183575
TSCO,0.0485286878521031,-3.05862267119891,0.46581964580927343,-0.32801927754548754,-0.21193172807430838,-0.12478779816432599,0.14715705494016396,-0.13077844014396484,-0.12674233581231456,0.13696216126082544
TTG,0.0027861123017574,-2.527560158571418,0.6609410181210666,-0.7509503890097842,0.08850307100260481,-0.363364629772746,0.6790238423297765,-0.19652774426123457,-0.22330423606157454,-0.06025799032761858
TW,0.0223534286306192,-2.4836841922954505,-0.12376170115559941,-0.35938650300957364,-0.0907806347930613,0.07535457370004693,-0.30437339723877255,-0.3499156350822129,0.13059974737878022,-0.2650256230208289
TYMN,0.0,-5.445457191362039,0.35230790201937073,-0.2966343601523113,-0.33459457249930363,0.38757105324744373,0.1576309955737236,-0.1663517697440878,0.0618042739569694,0.035921968878581345
ULVR,0.0384312110672075,-6.130974913916473,0.9986407267073956,-0.019008314507679584,-0.4546277350747851,0.1736309308769035,-0.020483721946398987,0.1863467819680749,-0.03150029576060813,0.018909941002607296
UTG,0.0625376199107783,0.6903577871184223,1.1356752430483157,0.3327543035765034,0.43653694662698367,0.4041665390264939,-0.42060565049170284,0.28727003154345065,0.0006077816242748841,0.2985888937153769
UU,0.0138044647419748,-4.316993132071588,1.2114518560062226,0.2791415322027605,-0.5499168860554575,0.5764997741663912,-0.2934423432463984,0.06219404773944837,-0.10058734908297866,0.2822074061458737
VANQ,-0.0586787878787877,-5.011156168182635,0.5110335346910048,-0.2763998018963843,-0.19628968511685857,0.14429836881627064,0.1708601888200025,-0.2104429114429293,-0.027523738862263565,-0.09754906216576227
VCT,-0.038708710357087,2.706915752976047,-1.0471057467663658,1.907956805630543,0.15958970272299736,0.27357838651602906,-0.5854933995836739,0.5281831241601708,-0.3044317521453021,0.13942021762711854
VID,0.1605850238091084,-3.8224282534610476,0.4927094986750562,0.39649353915857327,-0.017528469093195335,-0.01590126248280433,0.28878353588728356,0.38019404448063476,-0.2799519657884066,-0.3676644137706924
VOD,-0.1513558155540262,-5.836388978053819,0.2896753950952308,-0.7258209692236411,-0.2161241320298128,0.48481515229175054,0.17468644733935942,-0.1669339824560919,0.0624738098540204,0.29123414600622205
VP,-0.1226915781604295,4.186809718402148,-0.6605376240161858,1.3154884901062964,0.46271919421551627,0.13458192421618573,-0.6309693270171988,-0.17966162094706728,0.06753238375981893,0.06658704114171804
VSVS,0.0524023184727489,-1.3927055117437201,-0.30326202137654734,0.19515342690257242,0.17554828526845562,-0.898278432969731,1.1305930434239935,0.18319886758287188,-0.26609974283819837,-0.3749348453730624
VTY,-0.0036445485238781,-0.8305559615058027,0.2920792178320629,0.3315380557029671,-0.29951967735168106,0.02609925801360613,-0.23702172770850324,-0.13453763967953622,0.16844935383783022,-0.08937503698896648
WCW,-0.0628948503083817,5.640925179692515,-0.8603607356874604,1.4016143598038289,0.5961219059983676,-0.3870057623633424,-1.5510839665315013,0.6753191123989437,0.1206157510084647,0.2615757308297569
WEIR,-0.0569976172650852,-1.2167913302408757,0.037483348510184714,0.5001825444918054,-0.18323518071221467,-0.11818965159303328,-0.08927967095232174,0.08390431505753622,-0.2948576136951188,0.11747541317572767
WG,-0.0290776076215434,-3.76566940072114,1.0912892717759541,1.7843464833976945,-0.3171818212524723,-0.09189025376596555,-0.6297326804538776,0.5938317127396284,-0.22310419659495123,0.0592218301649943
WIL,-0.1099725044363408,-0.2927319531034208,0.585635883893144,0.15527173774500005,0.28455291828319973,-0.8176610293670564,-0.07528154199907933,0.26730421489186007,-0.29354048469383254,-0.26350746864932795
WIN,0.0528244028405424,-2.5223395313135666,0.9906941488252262,-0.19260005705080652,0.07543242130463701,-0.16277462397027723,-0.12112560490122587,-0.0639836860869999,-0.1343951036186573,-0.17986553678017936
WKP,0.0413609827816363,4.668657690654986,0.450028253935907,0.5565921782800717,-0.22318752571562714,0.17195383816331958,-0.3541906434600488,0.00031886267566769746,0.3205769416573739,0.029226744041057583
WPP,-0.0429844769897427,-4.648533197435344,0.5458259539221331,-0.07201593535545482,0.16688331082304356,-0.044992350509577006,0.3389150427865098,-0.05751157854432311,-0.1822753992933748,0.03611027871407274
WSL,0.0,-10.030414727244818,0.8787387823070082,-2.050908337734943,-0.15840699792082724,0.2628973234310068,0.021548623422958896,0.07202647143405401,0.011687913800259872,0.23670425241404233
WTB,0.0520920765886878,-3.0554128909242357,-0.059053296675952674,-0.37605861536201,-0.15749157543844172,0.13877184820704064,-0.10439325222654573,-0.1870007108130811,-0.04267300743731229,0.06684891607126385
XAR,-0.3307826318112986,23.691915551359262,-0.10431884497158402,-3.7511741131943555,-1.403371531038394,-0.7788931075321315,-1.54358839715445,3.435643543976475,4.4170715507561376,1.9683854190318903
XPP,0.0,0.08176008241883376,-0.7145649481463077,-3.389036652656012,-0.2224300599399013,-1.4924712287605568,1.2200522273430956,0.6816297032436246,0.3319284645269991,-0.07427472006189398
ZTF,0.0493798539469108,-5.85845509930526,0.6068364888426578,0.17739297527702708,-0.14573625438889037,0.07170564619322561,0.012201396777078821,0.01285493962740869,-0.01609513153409059,0.1013326232025413
