mom1,firms,clusters
-0.1044776119402984,65832,2
-0.0795454545454545,21020,6
0.0158730158730158,10429,0
-0.1382978723404255,85041,4
-0.0769230769230768,62500,3
-0.0595238095238095,27991,7
0.2615384615384615,10517,9
0.0072992700729928,20482,9
-0.04,10656,9
-0.1099999999999999,10664,9
-0.0769230769230768,10057,7
-0.032258064516129,63837,7
-0.05,60038,1
0.0249999999999999,51510,5
-0.1764705882352941,10752,9
0.0123456790123457,85113,9
0.0285714285714284,10875,0
-0.0555555555555555,64514,3
-0.1111111111111111,61241,5
-0.0222222222222222,11149,6
-0.036036036036036,61081,8
-0.0493827160493827,28222,5
0.1095890410958904,11376,9
-0.072463768115942,51721,6
-0.0549450549450549,28804,2
-0.0769230769230768,11587,9
-0.0327868852459016,49584,2
-0.1346153846153845,42083,7
-0.0701107011070111,48514,6
-0.0217391304347825,63845,2
-0.0673076923076922,11691,1
0.0340314136125654,71271,6
-0.0252365930599368,10137,2
-0.044642857142857,44740,2
-0.1917808219178082,11851,9
0.0612244897959184,26331,0
0.104602510460251,10145,2
-0.0930930930930931,41443,6
0.0,45911,2
-0.0285714285714285,12205,2
-0.0509666080843584,24643,6
-0.1288461538461538,64856,4
-0.0703517587939698,10161,2
-0.0464037122969838,28484,5
-0.6153846153846154,12424,0
-0.1203007518796992,60046,1
0.0357142857142858,39482,2
-0.076470588235294,10225,7
-0.0292682926829268,56119,6
-0.0076775431861804,23341,6
0.0833333333333332,12758,8
-0.0130434782608696,24109,1
-0.1666666666666666,12811,7
0.0465116279069768,12918,6
0.0292397660818712,66771,8
0.0,66421,4
0.0084566596194504,15667,9
-0.0020703933747412,65859,1
-0.0833333333333333,10488,3
-0.0064516129032258,50112,2
-0.3211009174311926,13304,5
-0.1944444444444444,64143,9
-0.0764617691154422,29049,2
-0.2666666666666667,13603,0
-0.1111111111111111,46527,7
0.018181818181818,65111,6
-0.3333333333333333,13638,0
-0.2142857142857143,58560,9
-0.0909090909090909,13769,0
-0.2142857142857143,69200,3
0.0303030303030302,10401,6
-0.0635838150289017,23544,6
-0.0566037735849056,10460,2
-0.1794871794871795,14059,3
-0.0287769784172662,19553,1
0.0454545454545454,64864,8
-0.1076923076923076,18075,7
0.1111111111111111,64151,3
-0.0967741935483871,14219,5
-0.0344827586206896,14227,5
-0.5714285714285714,54375,0
-0.081967213114754,87119,4
-0.0381679389312976,14323,8
-0.1886792452830188,29102,4
-0.0698795180722892,59184,5
-0.1714285714285713,64397,4
-0.0277777777777777,29145,1
-0.1170212765957446,14593,5
-0.0701754385964912,14622,1
-0.1162790697674418,52804,1
0.05,10516,2
-0.4310344827586206,14833,0
0.0151515151515151,14868,7
-0.0869565217391304,29380,5
-0.0238095238095238,17566,7
0.0175438596491228,19692,1
-0.4978165938864629,15035,9
-0.131578947368421,60230,9
0.3076923076923077,29209,4
-0.368421052631579,15131,0
-0.1038961038961039,31472,0
-0.0582010582010582,21143,6
0.0402010050251255,10364,2
-0.0653846153846153,24272,1
-0.1851851851851852,15262,7
-0.1857142857142857,15334,3
-0.1666666666666666,29276,0
0.0,15457,5
0.0909090909090908,15502,3
-0.1150442477876105,47140,1
-0.1351351351351351,85607,3
0.0079051383399209,15553,6
-0.0727272727272727,10604,6
-0.0551724137931034,15684,4
0.0784313725490195,20458,7
0.0,15721,0
-0.0555555555555555,49701,2
0.0,15820,0
-0.2307692307692307,69542,3
-0.0441176470588234,44644,9
-0.0117647058823529,15975,8
0.1599999999999999,16030,9
-0.01,44601,5
-0.0263157894736841,27684,6
-0.036827195467422,40416,8
-0.0869565217391304,58376,8
0.0333333333333334,65496,5
-0.0363636363636363,64717,9
0.0909090909090908,85711,7
0.088,53110,2
-0.03,85754,6
-0.0615384615384615,62797,7
-0.0561797752808989,52484,4
-0.175438596491228,75034,6
0.0273224043715847,58755,2
0.0543933054393306,57568,9
-0.1621621621621621,58480,0
-0.1111111111111111,16468,7
-0.1454545454545455,16564,2
0.0287141073657928,55781,8
-0.1194029850746268,16599,1
0.0735294117647058,29532,7
-0.0762711864406779,16890,6
0.0514018691588784,46877,6
0.0428015564202335,39693,2
0.0279329608938547,42358,8
0.0,85842,0
0.0333333333333334,47423,7
-0.2222222222222222,17065,8
-0.0690647482014388,26518,8
-0.0652173913043477,27887,5
0.0635838150289016,29612,9
-0.0403225806451612,39642,6
0.0,17444,9
0.0,10743,7
0.0026525198938991,65875,7
-0.0760869565217391,29639,7
-0.0300751879699248,65883,2
-0.0542635658914728,65509,1
-0.0524475524475523,43772,6
-0.0909090909090909,38471,8
0.0157480314960629,10786,1
-0.0091324200913242,17815,6
-0.127906976744186,47992,5
0.0,54164,2
-0.150375939849624,17962,8
-0.0425531914893616,61508,5
0.0576923076923077,18156,8
-0.0952380952380952,18287,7
0.0731707317073171,18316,4
0.0163934426229508,20220,9
-0.028673835125448,61946,6
-0.4188034188034187,38527,2
-0.0350877192982456,18455,8
-0.0416666666666666,62519,1
-0.0639386189258311,19561,9
-0.0599078341013824,42024,7
-0.0793650793650794,51393,9
-0.2254901960784313,18754,9
-0.0681818181818182,18762,7
-0.0912052117263844,16571,1
-0.0248447204968944,25144,2
-0.0476190476190476,66130,2
-0.1538461538461538,39757,8
-0.0985915492957746,19079,5
-0.0517241379310344,19159,6
0.0115384615384614,17961,6
-0.0371517027863776,19393,8
-0.0714285714285714,42606,7
-0.0625,19546,0
-0.1223628691983121,53786,1
-0.0314465408805031,19589,8
-0.0423728813559322,10874,1
-0.0405405405405405,55597,1
-0.1111111111111111,19677,0
0.1403508771929824,19693,3
0.018181818181818,67176,9
-0.1785714285714286,50227,1
0.0454545454545454,19888,2
-0.032258064516129,10890,0
-0.1578947368421053,67432,3
-0.0454545454545454,19992,7
-0.2975871313672922,59686,2
-0.0152905198776758,20730,9
-0.5,24600,0
-0.0833333333333333,20117,7
-0.0638297872340425,20125,7
-0.0769230769230768,48282,0
-0.0393811533052039,10989,8
-0.1203703703703703,58181,7
-0.0294117647058823,62148,5
-0.043010752688172,28564,2
0.125,20459,0
-0.0084745762711864,46690,1
0.3571428571428572,20504,4
0.127659574468085,20512,5
0.1599999999999999,20571,7
-0.0363636363636363,56602,2
-0.1982758620689655,20678,8
-0.1748251748251748,20723,4
-0.0999999999999999,20750,1
0.1515151515151516,11017,3
-0.15625,64880,3
0.0,20918,0
-0.0532560706401765,30330,2
-0.0292207792207792,21371,4
-0.3333333333333333,56303,0
-0.0857142857142857,27334,2
-0.0642857142857142,53524,1
-0.0135135135135134,23114,2
-0.0151515151515151,20618,2
-0.0769230769230768,21638,2
0.0357852882703777,26374,5
-0.074074074074074,86431,3
0.1287128712871286,30402,9
-0.0344827586206896,40707,5
-0.0458937198067632,18542,1
0.0040160642570281,47052,7
-0.0564263322884012,53831,6
-0.0592592592592592,22016,8
-0.04,22437,2
-0.0153846153846153,64557,6
-0.0223214285714286,63503,2
-0.119047619047619,58173,8
-0.0462962962962962,60599,1
0.0,22374,2
-0.2941176470588235,22382,3
-0.0512820512820513,22569,9
-0.0340425531914894,21397,1
-0.1506849315068493,22585,3
0.0,22681,4
0.0,53364,5
-0.1864406779661016,22913,8
-0.1973684210526315,22921,9
-0.0681818181818182,64194,7
0.0208333333333332,23035,4
-0.0434782608695651,23051,3
-0.0062111801242236,21960,2
-0.0473773265651438,14541,6
-0.016042780748663,30509,9
-0.0223642172523961,23297,5
-0.1038961038961039,23318,4
-0.0833333333333333,21282,9
-0.0336134453781512,30525,4
-0.05,11260,7
-0.0434782608695651,23393,8
-0.0109890109890109,24117,1
-0.1595744680851063,47677,7
0.25,23481,0
-0.0909090909090909,22680,7
0.0,23537,3
-0.05,23545,3
-0.2191780821917808,23588,4
-0.0212765957446808,18446,1
-0.0662251655629139,66878,4
-0.0165289256198346,24046,5
0.0162601626016261,27422,5
-0.125,24097,9
-0.0368098159509202,46578,6
-0.0232558139534884,56741,7
-0.1428571428571429,24193,3
-0.2027491408934707,38893,1
-0.1134020618556701,11995,1
-0.0480349344978165,11308,5
0.0169491525423728,24417,7
0.0437499999999999,24441,5
-0.1038961038961039,64901,4
-0.1311475409836066,24476,2
-0.037037037037037,30648,6
-0.1090909090909091,18729,7
-0.1150442477876105,24556,4
0.0,24679,2
-0.5233644859813085,11340,7
0.0410958904109588,24935,4
-0.0999999999999999,25073,3
-0.0707070707070707,61524,5
-0.028169014084507,25137,7
-0.0839999999999999,41064,2
-0.0434782608695651,25452,8
0.1176470588235294,25989,4
-0.1862745098039215,68347,3
-0.2049689440993789,25604,4
-0.0645161290322581,25612,5
-0.1111111111111111,25823,9
-0.1071428571428571,25938,3
-0.1063829787234043,26009,6
0.0513307984790873,40125,5
-0.1756756756756756,26084,7
0.0731707317073171,26252,5
0.0694444444444444,26279,2
-0.1785714285714286,26295,3
-0.0198675496688741,26332,5
0.0154639175257731,11404,1
0.0526315789473683,26578,3
-0.1409395973154362,41929,1
-0.0412979351032448,21821,1
-0.0432098765432098,26586,1
0.0909090909090908,26607,3
0.0066225165562914,71765,8
-0.0909090909090909,26650,3
-0.0424528301886792,23229,1
0.0317460317460318,26711,1
0.3283582089552239,30840,3
-0.0760869565217391,38914,7
-0.0416666666666666,87012,3
-0.0422535211267606,27087,0
-0.0754310344827586,21979,5
0.0636363636363637,27430,6
-0.0478723404255319,59248,2
0.0,27239,3
-0.0344827586206896,27255,4
-0.0999999999999999,27474,1
-0.1366906474820144,49496,9
0.0526315789473683,20204,6
0.0483870967741935,27618,5
-0.0638297872340425,62164,7
0.0186915887850467,38420,6
-0.0049751243781094,53575,1
-0.0749999999999999,31042,6
0.0600343053173242,17726,5
-0.0412371134020618,59256,9
-0.0714285714285714,31069,0
0.0121951219512195,31077,6
-0.015432098765432,41080,1
-0.055045871559633,59264,7
-0.16,18091,7
-0.2857142857142857,62527,3
0.0909090909090908,28071,4
0.0169491525423728,28143,9
-0.0519480519480519,28151,8
0.0476190476190476,28178,3
-0.088235294117647,28186,0
-0.1208791208791209,28231,5
0.0555555555555555,28250,3
-0.1428571428571429,30067,9
0.0169491525423728,28282,5
-0.0902777777777777,11607,2
-0.0805369127516778,49285,5
-0.3846153846153846,66472,3
-0.1052631578947368,57592,0
-0.2826086956521739,28629,9
0.0161290322580645,28661,4
-0.2333333333333332,28696,3
0.0,28784,3
-0.1240875912408758,28840,4
0.0,28848,3
-0.1296296296296296,12005,8
-0.0606060606060605,28952,9
0.0,29050,0
-0.0060606060606061,22859,1
-0.0886075949367088,29197,7
0.0647058823529411,45110,1
-0.0837004405286343,29226,6
0.3333333333333332,64215,0
-0.0895522388059701,26112,6
0.0,29285,1
-0.1999999999999999,31173,0
0.0411764705882353,61743,8
-0.1304347826086956,29576,7
-0.0129870129870129,11674,5
-0.1473684210526316,45874,1
0.0,29736,4
-0.0996784565916398,29752,6
-0.0769230769230768,65226,0
-0.0144927536231883,24715,9
-0.25,45516,0
0.0,29832,8
0.0422535211267605,29867,4
-0.0504451038575667,40440,2
-0.1454219030520646,43916,7
-0.1985815602836879,30075,3
-0.0839694656488549,30147,5
-0.0387931034482759,26403,5
0.0625,10886,1
0.0,30307,3
0.0,64936,2
-0.1173469387755101,38682,6
-0.0285714285714285,31341,6
-0.1111111111111111,41515,0
-0.2916666666666666,30577,3
0.04,30622,9
-0.0999999999999999,25953,2
-0.0427927927927928,20626,1
-0.0649350649350649,58990,1
-0.0658436213991769,30681,6
-0.074468085106383,46471,1
0.0747663551401869,30780,5
-0.0147058823529411,31376,1
-0.0238095238095238,63132,5
-0.0045045045045044,27959,7
-0.0331632653061224,48506,9
-0.1895161290322581,30884,8
-0.004739336492891,25072,5
-0.2413793103448276,30892,3
-0.0899999999999999,30940,6
-0.0153846153846153,30948,4
-0.0849056603773584,31464,7
0.0,31070,9
0.0,31078,3
-0.0632911392405063,31107,2
-0.0271903323262839,42200,6
-0.1999999999999999,31211,0
-0.0555555555555555,43342,6
-0.0285714285714285,32281,7
-0.0793650793650794,31414,9
0.1098901098901099,31480,7
-0.0976744186046512,26075,1
-0.0855457227138642,11754,1
0.0083160083160083,11762,2
0.0574162679425838,70578,2
-0.2419354838709677,31552,7
0.0869565217391303,68398,9
-0.2096774193548387,31764,7
-0.025,31836,7
0.2380952380952381,44185,1
-0.0999999999999999,32062,8
-0.1122448979591836,32110,8
-0.0952380952380952,38543,1
-0.0256410256410256,87549,4
0.0,60927,0
-0.0628140703517587,22103,6
0.006993006993007,32417,4
-0.0210526315789473,23042,6
-0.0588235294117647,61540,9
-0.1428571428571429,32540,5
0.0555555555555555,68910,3
-0.0680272108843537,26470,1
0.0486725663716813,62834,5
-0.0070921985815602,32986,2
0.0,33014,2
-0.2772727272727272,62842,4
-0.0197368421052631,52476,9
-0.0684039087947883,24328,1
0.0270270270270269,33420,9
0.0,33532,3
0.024,31691,9
-0.0151515151515151,31712,0
-0.1764705882352941,33567,0
-0.0999999999999999,42550,2
-0.05,62180,0
-0.3333333333333333,87696,4
-0.05,66149,9
0.0185185185185186,87717,8
-0.0806451612903226,87725,3
-0.0021459227467811,11850,6
0.0445103857566766,19166,6
-0.1428571428571429,54439,0
-0.0040983606557376,24205,2
-0.25,62586,0
-0.048780487804878,24918,1
-0.0104166666666666,34367,5
-0.0853658536585365,23552,1
-0.0753424657534246,21338,7
0.0208333333333332,25371,5
0.0270270270270269,34463,1
0.075268817204301,47706,2
0.0467289719626167,21135,2
0.125,34578,4
-0.1944444444444444,34623,8
0.2840909090909091,42745,0
0.0153846153846153,10016,7
-0.0404040404040404,35706,8
0.0963855421686747,58296,9
-0.0246913580246913,31915,1
-0.4545454545454546,54244,0
-0.0062499999999999,47271,6
0.0,36768,1
-0.05720823798627,49875,5
-0.0642673521850899,27748,1
-0.0510948905109489,37023,7
-0.0526315789473684,56784,2
-0.1999999999999999,54543,7
0.1260504201680672,49031,2
-0.0394736842105263,46164,2
-0.0469798657718121,37189,8
-0.0148514851485148,41726,1
-0.1428571428571429,66165,0
-0.0237288135593219,25785,9
-0.0588235294117647,45241,5
-0.3076923076923077,37234,3
-0.1578947368421053,37277,2
-0.0344827586206896,37402,9
-0.03125,18112,8
0.0232558139534884,37568,5
-0.0693069306930692,37584,5
0.0103806228373701,62877,6
-0.0952380952380952,58421,3
0.0813953488372092,37832,5
0.0,37859,0
0.1136363636363635,25961,7
-0.025,40425,4
-0.0124999999999999,21004,7
-0.1914893617021277,32061,8
-0.0784313725490196,38085,1
0.0451977401129943,38093,6
-0.2558139534883721,88269,7
-0.175,61348,8
-0.1428571428571429,38157,7
-0.0563380281690141,47941,2
0.0040650406504065,32096,5
0.1111111111111111,38317,3
0.0694444444444444,38333,1
-0.0769230769230768,62607,1
0.0912052117263844,12052,9
-0.0420711974110032,12060,5
0.2272727272727273,46834,5
-0.0814814814814814,56629,8
-0.1111111111111111,38472,9
-0.0550724637681159,12079,7
-0.0234986945169712,66931,6
-0.0306406685236768,12095,1
-0.144927536231884,38659,5
0.1428571428571428,40168,0
0.4736842105263157,62260,7
0.0208333333333332,46674,6
-0.25,62615,3
0.1739130434782609,38827,9
-0.0932754880694143,23915,8
-0.06640625,25910,6
-0.0786516853932584,27449,7
-0.0659340659340659,38974,2
-0.1351351351351351,38982,6
0.0,39029,9
0.0348837209302326,39045,2
-0.0584192439862543,16424,9
-0.0280777537796976,57154,8
0.0165289256198346,55466,2
-0.2105263157894736,45428,4
-0.0714285714285714,60441,8
0.0,32299,3
-0.0246913580246913,12140,1
0.0327868852459016,39432,2
0.2666666666666666,16432,9
-0.0958333333333333,53604,6
-0.0578947368421052,39483,6
-0.03584229390681,25005,6
-0.0245098039215686,39571,6
-0.0638297872340425,39590,3
0.0567375886524823,60468,8
-0.4740532959326788,52695,1
-0.0685714285714286,32379,5
-0.0469483568075117,63976,2
-0.2014925373134328,67571,4
-0.1538461538461538,40062,8
-0.0325203252032519,49197,6
0.0,40097,2
-0.0648464163822525,19721,6
0.0070422535211267,21274,2
-0.0769230769230768,32459,1
0.078125,40345,8
-0.0411764705882352,54770,1
-0.0263157894736841,23405,2
0.018181818181818,40476,8
-0.2307692307692307,40484,3
-0.0625,67942,5
-0.0333333333333333,57533,2
-0.1866295264623955,23819,9
-0.04,40898,0
0.0677966101694915,49349,9
-0.073394495412844,44468,7
-0.0463917525773195,43238,2
-0.0085227272727272,59301,5
-0.0680628272251309,50905,2
-0.0689655172413793,40994,7
0.0721649484536082,41014,8
-0.0372093023255813,25582,2
-0.0794979079497908,25304,2
-0.0938775510204081,52978,8
0.05,10294,9
-0.0827338129496403,41187,2
0.0,41241,9
-0.2651515151515151,41292,4
0.4666666666666665,53620,0
-0.2234042553191489,88605,8
0.0784313725490195,50059,8
0.0727272727272727,41356,4
0.1219512195121952,32651,9
-0.1381578947368421,88656,2
-0.2142857142857143,60476,7
0.069767441860465,41444,5
-0.0344827586206896,41487,2
0.0,63992,0
-0.1196172248803827,32707,9
-0.0749999999999999,18016,1
-0.0712250712250712,16600,5
0.0158730158730158,61567,7
-0.1454081632653061,23309,1
-0.1632653061224489,42084,5
0.1260504201680672,12319,9
0.0,42439,1
-0.0376984126984126,18374,1
-0.0697674418604651,42455,4
-0.0789473684210526,42535,7
0.0,42607,4
-0.1382488479262672,44986,1
-0.0883838383838383,20124,9
-0.0272108843537415,21792,2
-0.0473815461346633,32934,6
0.0063291139240506,48135,6
0.0149999999999999,44150,8
0.0120481927710842,42877,6
-0.1999999999999999,88795,5
-0.0799999999999999,43028,9
0.0333333333333334,62295,1
-0.0535714285714286,38973,7
-0.0749999999999999,64258,5
0.0756302521008402,43263,4
-0.1935483870967742,43327,4
0.0,64004,6
-0.1666666666666666,66595,3
-0.0890688259109311,12570,2
-0.0483091787439613,21928,1
-0.0098425196850393,56573,8
-0.08994708994709,43610,4
-0.0895522388059701,43618,4
-0.125,43634,5
-0.0303030303030302,43749,4
-0.048780487804878,43992,6
0.0714285714285714,33136,0
0.0,44039,0
-0.0288461538461538,12431,6
0.0270270270270269,44194,4
-0.0337078651685393,12458,7
-0.1374999999999999,88990,6
-0.3333333333333333,44266,9
-0.021505376344086,44274,4
0.0,65293,3
0.1041666666666667,46519,6
-0.2631578947368421,44506,7
-0.1659192825112108,59328,8
0.3333333333333332,44565,3
-0.1363636363636363,44637,3
0.1891891891891892,44645,8
0.0186915887850467,44768,2
-0.0588235294117647,44776,1
-0.1512605042016807,44792,5
-0.2058823529411765,15747,3
-0.037037037037037,89093,7
-0.0135746606334841,58608,2
-0.0848056537102474,12490,1
-0.0693815987933634,40272,5
-0.0542244640605296,12511,4
-0.03125,45306,8
-0.0017699115044247,21573,8
-0.3333333333333333,62631,0
0.0892857142857141,49736,0
-0.3475935828877005,27705,4
0.0,45381,7
-0.1627906976744185,45437,2
-0.125,68494,5
0.1428571428571428,67619,0
0.2093023255813952,45509,5
-0.0455486542443064,23317,6
-0.0826446280991735,53065,6
-0.21875,67993,3
-0.0962962962962963,45728,4
-0.2045454545454545,45891,8
0.0445859872611464,57066,4
-0.1616766467065868,46018,4
-0.0681818181818182,46077,7
-0.0535714285714286,46114,9
-0.0491803278688525,47984,7
-0.0217391304347825,52329,6
-0.0833333333333333,46245,3
-0.0833333333333333,46288,9
-0.0535714285714286,46392,5
-0.0786206896551724,22111,5
-0.0579150579150579,42534,2
-0.0571428571428571,53268,7
-0.0135746606334841,46819,2
-0.0885608856088561,42104,5
-0.0816326530612244,46870,3
-0.0099009900990099,46886,6
-0.1216216216216216,46931,9
-0.094017094017094,46950,6
0.0140845070422535,47002,1
-0.0263157894736841,47029,4
-0.0555555555555555,42067,4
-0.0033670033670033,24432,6
-0.0239234449760765,12650,6
-0.0307017543859648,25523,6
0.0,24053,2
0.0133333333333334,45890,2
-0.0338983050847457,47205,5
0.0733333333333332,47248,4
0.0,26825,8
0.0,47379,5
0.6923076923076923,47408,4
-0.0371621621621621,44134,6
0.1599999999999999,52847,9
0.0,58616,7
-0.0730994152046783,25769,1
-0.125,47619,7
-0.060377358490566,60521,8
-0.0752688172043011,47715,2
-0.0141935483870967,17750,8
0.0666666666666666,33398,8
0.0227272727272727,59045,4
-0.2727272727272727,33451,4
-0.0597014925373133,47969,2
-0.1266666666666667,48960,2
-0.0303030303030302,45866,7
0.0,48072,3
-0.0172413793103448,16678,5
-0.1126760563380281,48144,2
-0.0697674418604651,41136,1
0.0833333333333332,48195,5
0.0249999999999999,89456,7
-0.2380952380952381,48267,2
-0.3181818181818182,25507,0
0.0,47255,5
-0.1034482758620689,48312,1
0.0183486238532109,58624,2
-0.0075187969924812,12781,2
0.0857142857142856,48363,3
0.069767441860465,48371,9
-0.0521739130434782,65656,1
-0.028169014084507,48486,8
-0.1111111111111111,33603,7
-0.0879120879120879,48523,6
-0.031578947368421,48531,6
0.3289473684210526,48769,4
0.0263157894736842,48961,5
0.0,59053,2
-0.1666666666666666,49083,3
-0.1277533039647577,50286,1
-0.0999999999999999,57373,0
-0.0223048327137546,60943,6
-0.0197368421052631,65330,5
-0.0333333333333333,89552,2
-0.0909090909090909,10092,0
-0.0558139534883721,20415,8
0.02,18147,2
0.1,89587,3
0.4102564102564103,89608,0
0.0315789473684211,49534,4
-0.0959119496855346,50876,9
-0.1365313653136531,49606,9
0.0701754385964912,49737,6
0.0454545454545454,49745,1
-0.0291970802919707,49817,8
1.3636363636363638,63239,4
-0.0310077519379845,49905,4
0.0417910447761193,21178,6
-0.014760147601476,59352,1
0.0315789473684211,59360,5
0.048780487804878,12888,3
-0.1639344262295081,89675,0
-0.0218579234972677,24360,5
-0.0497076023391812,33785,5
-0.0285714285714285,68523,9
-0.0694444444444444,50156,8
-0.053156146179402,33814,2
-0.0603448275862068,56223,6
-0.1670428893905191,43721,6
-0.0167597765363128,22373,5
-0.081081081081081,62906,9
0.0331125827814569,59774,8
-0.1999999999999999,34147,1
-0.1071428571428571,50404,8
-0.0348837209302325,23835,2
-0.0106382978723403,34067,4
-0.1300813008130081,89755,6
-0.0481927710843373,50623,2
0.0408163265306122,50666,6
-0.1076923076923076,68216,1
-0.0551181102362204,50877,8
-0.0494505494505495,33937,1
-0.0952380952380952,51263,2
-0.0454545454545454,43668,2
-0.0211267605633802,47837,4
-0.1363636363636363,51626,3
0.3999999999999999,51677,4
-0.2111111111111111,46703,7
0.0,45751,6
0.0,51693,5
-0.25,89886,0
-0.0609243697478991,20562,6
-0.1320754716981131,34032,2
0.1224489795918366,51800,1
0.0769230769230768,35705,1
-0.0377358490566037,39538,4
0.3846153846153846,51933,8
-0.303030303030303,89894,0
1.0,51976,0
-0.087719298245614,52039,5
-0.0546875,13119,1
-0.05,52071,3
-0.0422535211267606,65357,5
-0.0607142857142857,43449,1
-0.1034482758620689,52135,7
0.03125,89915,2
-0.0575396825396825,17478,2
-0.0671378091872791,25646,2
-0.1020408163265306,19895,2
-0.1538461538461538,52231,3
0.0625,52250,0
-0.0253807106598984,52258,4
-0.1428571428571429,50577,7
-0.0303030303030302,52282,8
-0.0510204081632652,52346,4
-0.0396475770925109,52434,4
-0.127659574468085,52557,9
-0.1785714285714286,62914,9
-0.081081081081081,52581,4
-0.2338709677419355,52696,4
-0.110091743119266,17005,9
-0.240506329113924,52792,8
-0.0972222222222222,52813,9
-0.0231335436382754,22752,8
-0.0871369294605809,42796,9
-0.0640243902439023,52919,8
-0.09375,53015,6
0.0845070422535212,53082,4
-0.4615384615384615,53226,0
0.3500000000000001,55546,0
-0.1304347826086956,58632,7
0.0555555555555555,53480,4
-0.5565217391304348,53509,9
-0.1176470588235294,53640,0
0.0,53859,1
-0.048780487804878,54173,0
-0.1170212765957446,54181,6
-0.2352941176470588,90211,3
-0.0170603674540682,22592,6
-0.0818965517241379,24248,2
-0.0246679316888045,15966,6
-0.0246913580246913,54675,4
-0.0238095238095238,54704,6
-0.1238095238095238,54771,8
-0.2235294117647058,54798,4
-0.0762711864406779,54827,2
-0.1071428571428571,22023,3
0.0,90254,0
-0.0329670329670329,18382,1
-0.0618556701030927,42614,1
-0.1272727272727273,67678,3
0.0315789473684211,55125,9
0.0375,55133,4
-0.0696517412935323,55079,6
-0.032,21290,2
-0.08203125,55256,8
-0.0666666666666666,22779,6
-0.0526315789473684,40731,3
-0.2941176470588235,63247,3
-0.0333333333333333,55467,6
-0.1111111111111111,13290,0
-0.0106382978723403,28345,2
-0.0145985401459853,65365,6
0.0104166666666667,69550,4
-0.1999999999999999,63693,0
0.0504201680672269,13303,8
-0.5139186295503212,41179,1
0.1666666666666667,90377,0
-0.04,55993,3
-0.0318471337579617,56040,9
-0.04296875,45487,9
-0.0666666666666666,60978,3
-0.1111111111111111,13354,7
0.0,47028,3
-0.0253807106598984,25590,2
-0.0863309352517985,17278,9
0.0,53137,3
-0.1282051282051282,58501,7
-0.0285714285714285,56630,8
-0.013089005235602,34497,5
-0.25,26753,3
-0.0202020202020202,56937,8
-0.0338983050847457,56945,8
-0.087719298245614,57067,4
-0.0761904761904761,57155,5
0.3076923076923077,57163,8
-0.0759493670886075,38658,1
-0.1999999999999999,57251,7
-0.0273972602739726,57286,9
-0.0448717948717948,64450,1
-0.0606060606060605,34630,7
-0.0144927536231883,34649,5
-0.0199004975124378,24096,2
0.0432432432432432,47466,1
-0.0530035335689046,60986,6
0.0816326530612245,21207,9
-0.04,57577,5
0.0666666666666666,67707,5
-0.0495049504950495,64303,2
0.0297619047619046,48274,6
-0.0614035087719297,61815,2
0.0,57780,1
-0.081967213114754,66288,3
-0.0544041450777201,64311,6
-0.1578947368421053,49752,0
0.1189024390243902,28118,5
-0.0666666666666666,57999,4
-0.03125,10062,3
0.0183823529411764,23931,2
0.0304568527918782,24766,6
-0.0789473684210526,58334,2
0.0,58369,1
-0.0148514851485148,58406,2
-0.0512820512820513,58465,0
0.1111111111111111,58641,9
-0.0516431924882628,34817,5
-0.0069565217391304,66018,1
0.2115384615384614,58772,6
-0.171875,58799,7
0.3,58836,3
-0.1111111111111111,34825,9
-0.1999999999999999,58026,8
0.0178571428571427,34833,1
-0.0909090909090909,58916,4
-0.0357142857142857,66667,2
-0.1139240506329114,59089,4
0.0303030303030302,59110,6
0.0641025641025641,56733,3
-0.0266666666666666,23026,1
0.0202702702702701,24440,2
0.0,13610,2
0.1395348837209302,64063,6
-0.0752688172043011,63714,6
-0.0952380952380952,59839,0
0.0408921933085502,27385,2
-0.03125,58077,3
0.0,59871,3
-0.1538461538461538,59898,7
0.0746268656716417,55036,5
0.018987341772152,90721,5
-0.1137724550898203,60063,8
-0.1208791208791209,34913,1
-0.0964912280701754,60098,1
0.0157480314960629,20394,7
0.0127388535031847,51457,2
0.0514285714285713,60186,8
-0.0657894736842105,24811,5
-0.0714285714285714,44230,3
-0.072289156626506,90799,4
0.0207373271889401,22509,6
-0.3117408906882591,42112,6
-0.1105527638190955,60506,1
-0.0875,60310,7
-0.1463414634146341,60792,6
0.0368098159509202,66026,2
0.0,20917,3
-0.0059171597633136,42833,7
-0.0333333333333333,75083,1
-0.1420765027322404,54463,5
0.0625,61031,0
0.0344827586206897,61058,9
-0.0699999999999999,22082,7
-0.074074074074074,61138,3
-0.1176470588235294,61146,3
0.032258064516129,61242,7
0.0,61269,7
-0.0811965811965812,41355,1
-0.0344827586206896,61322,3
-0.25,70914,0
0.0754716981132075,67037,4
-0.15,61488,7
-0.0526315789473684,61496,7
0.0,57509,3
0.1111111111111111,63722,9
-0.0307692307692307,61640,5
0.1,61787,6
0.1,57138,0
-0.0738255033557047,62010,7
-0.0251396648044692,22517,2
0.0883392226148409,62034,5
-0.1999999999999999,35203,0
0.0379061371841156,35211,1
-0.0388349514563106,13821,2
-0.0756972111553785,13856,7
0.0833333333333332,62149,4
-0.2457627118644068,50550,3
0.0119047619047618,70949,3
-0.0573248407643312,21936,1
-0.0095602294455067,17806,5
-0.0780141843971631,27596,5
-0.0061728395061728,21776,2
-0.0091743119266054,52898,1
-0.0712979890310786,13901,9
-0.0727272727272727,13928,5
-0.0222222222222222,62907,1
0.0,63088,6
-0.2153846153846154,63125,5
-0.0104166666666666,10120,5
-0.01875,24459,6
0.0419580419580418,43588,8
0.1,53815,3
0.0,63395,9
0.02,35422,7
-0.0666666666666666,60695,9
-0.0295566502463053,26438,1
-0.0230179028132991,63483,8
-0.0738255033557047,56143,1
0.03125,17902,7
-0.0058479532163743,49744,6
-0.0238095238095238,23501,1
-0.0840336134453781,35529,1
0.0,63811,0
-0.1558441558441559,63830,2
-0.1698113207547169,63889,4
-0.1063829787234043,63749,9
-0.1285714285714285,64013,3
-0.086206896551724,64195,7
-0.0910425844346549,18163,9
0.0357142857142858,64291,4
-0.1481481481481481,64427,7
0.0123456790123457,55511,7
-0.0289855072463768,64646,2
-0.0460829493087557,23712,2
-0.1999999999999999,22787,0
-0.0999999999999999,64654,0
-0.005524861878453,25443,2
-0.1287878787878787,64769,5
-0.1787709497206704,65032,8
0.1724137931034481,64902,4
0.0389610389610388,64929,2
0.0643776824034334,24539,5
-0.0769230769230768,64988,3
-0.1379310344827586,64996,3
-0.1263157894736841,65024,0
-0.1333333333333333,65083,4
-0.5096153846153846,27756,7
-0.0437158469945355,69649,8
-0.375,62375,0
0.0,66683,8
-0.01,46893,8
-0.2222222222222222,65438,4
0.0113636363636364,52097,6
0.0,65700,3
-0.1369294605809128,64346,1
0.7142857142857142,18286,4
-0.056047197640118,24942,6
0.0714285714285714,46228,0
-0.0612244897959183,14154,0
0.0833333333333332,91380,4
-0.2068965517241379,66078,0
-0.081081081081081,66086,5
0.0666666666666666,58771,1
0.1578947368421053,66123,7
-0.1818181818181817,66369,0
-0.0735294117647058,66393,8
0.0408163265306122,66422,5
-0.125,57146,7
-0.1999999999999999,66545,3
0.0714285714285714,66553,4
0.1666666666666667,66617,9
-0.0714285714285714,66705,0
-0.0055865921787709,66799,6
-0.0905587668593449,18921,2
-0.2624999999999999,66801,6
-0.1111111111111111,66836,5
-0.041860465116279,59432,8
-0.1842105263157895,46762,0
-0.0909090909090909,67300,7
-0.0044642857142856,18948,6
0.3636363636363635,67425,0
-0.0231213872832369,35991,1
-0.0057803468208093,23990,6
-0.1624999999999999,64477,7
-0.1151832460732984,36003,5
-0.5073746312684366,39570,0
-0.0633802816901408,91564,1
-0.1184210526315789,45495,2
0.5,67847,0
-0.0471698113207547,26884,8
-0.0488888888888888,54818,6
-0.0178571428571429,66050,9
0.0,33961,7
0.0159574468085106,47490,6
0.0862068965517242,68049,5
-0.0666666666666666,27633,1
-0.1764705882352941,62383,5
-0.0303030303030302,68102,3
0.0294117647058822,68196,4
-0.0666666666666666,54199,2
-0.1203007518796992,27780,1
0.0434782608695651,68313,9
-0.0571428571428571,46340,9
-0.0684410646387833,65066,2
-0.1126760563380281,68567,7
-0.025531914893617,24467,6
-0.0169491525423728,68591,8
0.0666666666666666,68647,9
-0.1267605633802817,36177,9
-0.0181818181818181,91687,5
-0.0270270270270269,68743,5
-0.0138888888888888,66069,7
0.0,22840,6
0.0116279069767442,68938,1
-0.2222143212685771,47191,0
0.0,68997,4
-0.0963855421686746,67715,4
-0.1304347826086956,69033,9
-0.0033222591362126,23085,2
-0.0245098039215686,25013,9
0.0,69244,4
0.0,45671,1
0.1111111111111111,69287,0
-0.1929824561403509,69332,3
-0.0038167938931297,36257,9
-0.0722222222222221,18032,2
-0.0120481927710843,69519,7
-0.0799999999999999,36281,6
-0.1333333333333333,66085,6
-0.3406593406593406,69607,3
-0.2121212121212121,62690,6
-0.0444444444444444,61049,5
-0.2413793103448276,69877,8
0.0,69885,0
-0.0849056603773584,41574,5
-0.1386138613861386,51625,2
0.0375,70077,8
-0.0217391304347825,50243,8
-0.032258064516129,70114,0
0.0620155038759691,54412,8
0.0447761194029849,70280,1
-0.0346534653465346,36468,1
-0.1538461538461538,70440,3
0.0571428571428571,56434,5
-0.1641791044776119,67723,4
0.0,49138,1
-0.0963855421686746,70536,9
-0.0666666666666666,70616,8
-0.0655737704918032,70632,5
-0.0869565217391304,70659,0
0.0731707317073171,70790,2
0.0,19852,6
-0.1034482758620689,45794,6
-0.0165289256198346,60206,1
-0.2901234567901234,91871,8
-0.1194444444444444,21514,2
-0.1612903225806451,14461,0
-0.0728476821192053,71176,2
0.0277777777777776,26614,1
0.1044776119402985,49437,1
-0.072463768115942,71395,1
-0.0126984126984126,15720,2
-0.0476190476190476,71475,2
0.0138248847926267,18411,2
-0.0114942528735632,55204,7
0.0146341463414634,58683,6
0.0338164251207728,66093,2
-0.0604026845637584,63765,5
-0.1702127659574468,71942,8
0.2439024390243902,71985,4
-0.0588235294117647,17523,0
-0.0769230769230768,72072,4
0.0,36695,0
0.0454545454545454,72232,1
-0.0083333333333333,44062,2
0.0347222222222223,16715,5
0.0898876404494382,39220,9
0.0218978102189781,36775,7
-0.0560747663551401,72494,1
-0.05,43481,2
-0.05,72523,6
-0.0462633451957295,71124,5
0.020066889632107,43350,6
-0.0909090909090909,92057,4
-0.0054347826086956,18438,1
0.0238095238095237,53399,9
-0.0227272727272727,92073,9
0.0210526315789474,36898,2
-0.1304347826086956,45882,5
-0.1574074074074074,65074,8
-0.0799999999999999,72980,7
-0.049586776859504,18198,7
-0.0057471264367816,36978,9
-0.1207865168539326,58464,4
-0.1132075471698113,73075,5
-0.5098039215686274,73139,5
-0.0456852791878172,73219,1
-0.2142857142857143,50921,3
-0.1470588235294118,73366,4
0.0194647201946471,72733,1
-0.1764705882352941,73438,3
-0.0769230769230768,48645,7
-0.11787072243346,14656,7
-0.0441176470588234,26454,1
-0.0208333333333333,57963,3
-0.1071428571428571,73614,4
0.0338164251207728,52396,8
0.0456621004566211,47861,4
0.096774193548387,73681,4
0.0524475524475525,73753,4
-0.0555555555555555,66739,7
0.0357142857142858,73913,8
-0.1379310344827586,73940,5
0.3,92217,4
-0.1596638655462184,43334,4
-0.0909090909090909,73956,7
-0.0465116279069767,52038,6
0.4666666666666665,74086,8
-0.0215827338129496,37161,6
-0.3,61866,3
-0.1111111111111111,62420,3
-0.0961538461538461,30728,9
-0.1134020618556701,74406,8
0.0029761904761904,18681,2
-0.1122448979591836,74481,2
-0.3571428571428571,62439,0
-0.0531177829099307,66333,9
-0.2014388489208632,74617,1
-0.1186440677966101,74625,4
-0.2044609665427509,15560,7
-0.0381679389312976,58704,2
-0.0463576158940397,42219,2
-0.1578947368421053,37196,6
0.0103092783505154,74828,8
-0.1698113207547169,74836,8
-0.0425531914893616,44513,2
-0.0999999999999999,74895,7
-0.0416666666666666,74908,3
0.0578947368421052,74932,1
-0.1034482758620689,57007,7
-0.1472868217054264,75030,7
0.3333333333333332,57736,5
-0.0869565217391304,75089,2
0.0,65082,3
-0.0617283950617284,43123,7
-0.389920424403183,44329,2
-0.1464285714285714,63773,1
-0.032258064516129,75257,6
-0.1273885350318471,75273,8
-0.0241935483870967,66114,2
0.2307692307692308,75388,0
-0.0266666666666666,75460,6
-0.1304347826086956,26542,7
-0.1999999999999999,37276,0
0.0978260869565217,51369,5
0.0666666666666666,75521,5
-0.25,75540,5
-0.125,37284,1
-0.0678294573643411,14736,6
-0.1666666666666666,60388,0
-0.1501597444089456,15579,1
-0.0446735395189002,24563,2
-0.0821428571428571,23579,6
-0.0880503144654087,62092,8
-0.1632653061224489,75986,9
-0.1018711018711018,38578,2
-0.1944444444444444,45129,7
-0.0598290598290598,50606,8
-0.2686721991701245,40483,9
-0.056,40635,1
-0.0593607305936073,14795,1
-0.0769230769230768,48696,5
-0.24,37399,8
-0.1666666666666666,68718,0
-0.0122249388753056,14816,8
-0.233160621761658,61663,4
-0.0294117647058823,76639,5
0.0,76807,3
-0.05,37460,3
-0.1382978723404255,58472,1
0.1999999999999999,76962,3
-0.0357142857142857,61209,7
-0.0999999999999999,77228,7
0.2105263157894736,60003,3
0.1,45647,0
-0.079155672823219,65787,2
0.09375,77332,0
-0.0227272727272727,55001,2
-0.2666666666666667,77367,7
0.0388349514563106,77463,6
-0.0350877192982456,77527,5
-0.1666666666666666,62463,1
-0.037037037037037,54287,3
0.032258064516129,59600,7
-0.0730337078651685,77730,9
-0.099025974025974,19596,6
-0.0952380952380952,42569,1
-0.125,19131,3
0.0,78044,4
0.2592592592592593,78095,9
-0.0481283422459892,14883,6
0.01875,15659,1
-0.0808080808080807,44433,4
-0.0083333333333333,24985,2
-0.0484330484330484,48725,6
-0.05,63781,1
-0.0692520775623268,14955,4
0.0,78530,1
-0.0841836734693877,92655,4
-0.0519480519480519,41371,1
-0.3928571428571429,54420,3
-0.0813953488372093,63810,8
-0.3333333333333333,20968,0
-0.1666666666666666,28847,3
-0.14,79119,4
-0.4856262833675564,79250,4
-0.0506666666666666,17830,2
0.0172413793103447,39087,1
-0.0161290322580645,79330,9
0.0093457943925232,16117,1
0.0472727272727273,67360,2
-0.0614886731391586,59619,6
0.1390977443609022,16555,6
-0.0416666666666666,79637,4
-0.0693069306930692,14891,7
-0.0712328767123288,26681,6
0.0260416666666667,26606,6
-0.0725806451612903,43553,2
-0.2352941176470588,79848,6
0.0833333333333332,92815,0
-0.03125,79856,9
-0.0175438596491228,79864,7
-0.12,80005,0
0.0169491525423728,80064,9
-0.0317460317460317,80128,1
-0.0873015873015873,47810,9
-0.097560975609756,63044,4
0.1612903225806452,80304,5
-0.25,53997,0
-0.1999999999999999,62471,0
-0.0344827586206896,80566,9
-0.1004016064257028,37815,4
-0.0476190476190476,61700,7
0.2142857142857142,80785,0
0.0128205128205127,57808,6
-0.0779220779220779,14306,7
0.1780821917808219,81147,4
-0.0454545454545454,81219,0
-0.1904761904761904,37874,3
-0.8065727699530516,28388,0
-0.0709219858156028,45348,9
0.0272108843537415,15202,7
-0.0909090909090909,45137,5
0.1025641025641026,56063,7
0.069767441860465,81382,9
0.087719298245614,46770,3
0.0139860139860139,24678,9
-0.0214592274678111,21231,2
0.0516431924882629,53225,2
-0.1070336391437308,57381,9
-0.1056338028169013,46420,1
0.032258064516129,46068,8
-0.0735294117647058,81737,3
-0.03125,81753,7
-0.072289156626506,23034,8
-0.0588235294117647,43844,9
-0.1489361702127659,61233,8
-0.1274509803921568,39562,5
0.0,45903,1
0.0038910505836575,42059,9
-0.0676691729323308,46076,5
0.0,62498,2
-0.2795698924731182,58085,4
-0.1351351351351351,66384,3
0.0833333333333332,82326,7
-0.1428571428571429,15325,0
-0.0818713450292397,82502,2
-0.0630252100840336,15368,3
-0.0630252100840336,82705,2
0.0133928571428572,38033,3
-0.1193415637860082,39917,2
0.1132075471698113,19238,3
-0.0374531835205992,25419,6
-0.0338983050847457,45399,0
-0.0188679245283018,82828,8
0.0,82887,8
-0.0108225108225108,82959,6
0.0375,47108,1
-0.0928571428571428,38156,2
-0.1290322580645161,82975,9
-0.1145833333333333,64135,4
0.1136363636363635,38172,2
-0.1666666666666666,83142,3
-0.0128617363344051,24803,9
0.0526315789473683,66747,5
-0.0226415094339622,23536,2
-0.0283018867924528,58819,2
0.0,25099,2
-0.0955882352941176,83345,2
-0.0380116959064327,38375,6
-0.0714285714285714,83396,5
0.0533333333333332,42286,1
-0.0461538461538461,83433,6
0.0,44337,6
-0.0553359683794466,15472,5
-0.0566037735849056,83687,7
-0.0069930069930069,51254,2
0.0279329608938547,41072,1
0.0,63079,0
-0.0555555555555555,83863,3
-0.0081967213114754,59483,2
-0.25,38295,0
-0.05,18067,7
-0.0603448275862068,43537,1
-0.1111111111111111,84102,9
-0.0410958904109589,45970,6
0.0714285714285714,84153,4
-0.0571428571428571,84161,8
-0.1363636363636363,84180,3
-0.3181818181818182,84241,4
0.0,88285,8
0.0124999999999999,90756,9
-0.2838427947598253,90676,4
0.0,93316,9
-0.1282051282051282,92770,7
0.5,91492,0
0.0653266331658291,69286,9
0.0681818181818181,88664,4
0.0810810810810811,86167,4
-0.1052631578947368,87856,9
0.0,68486,0
0.0652173913043479,68072,5
0.0434782608695651,89763,4
0.0,85586,5
-0.1818181818181817,89667,0
-0.1111111111111111,90916,0
0.0568181818181818,68452,6
-0.0374999999999999,85893,8
-0.0625,10019,9
-0.15625,86765,4
-0.2727272727272727,87223,0
-0.1121076233183856,70332,1
-0.0232558139534884,90537,9
-0.0909090909090909,91177,0
0.0476190476190476,90289,1
-0.0999999999999999,10080,9
0.0037037037037037,10095,4
0.1818181818181818,10063,0
-0.0138888888888888,10064,5
-0.0531914893617021,10035,4
-0.2519083969465648,56312,4
0.1999999999999999,85869,3
-0.125,85017,4
-0.0357142857142857,90625,3
-0.1176470588235294,88939,4
0.232394366197183,87127,2
0.0434782608695651,75216,7
-0.1013513513513513,85359,9
-0.0416666666666666,89499,6
-0.1098901098901099,10147,4
-0.032258064516129,86909,5
0.0,38149,3
-0.0991735537190082,88592,4
0.1428571428571428,86626,0
-0.0084033613445377,88242,7
-0.0799999999999999,90852,1
-0.1148648648648649,92284,4
0.375,50657,0
-0.5051020408163265,91273,0
-0.1031073446327683,69032,5
-0.0214285714285714,90879,4
-0.0151515151515151,10140,6
-0.2440677966101695,10078,8
-0.009009009009009,10138,5
-0.3792710706150342,10107,8
-0.0289855072463768,10108,6
-0.054054054054054,91425,8
0.1999999999999999,68208,0
-0.1666666666666666,10127,3
-0.0769230769230768,10214,3
-0.0512820512820513,10192,5
-0.0925925925925925,10200,8
0.1111111111111111,10163,5
0.0,92100,9
-0.1066666666666666,68451,7
-0.1728395061728395,10272,4
-0.1142857142857143,69673,3
-0.0666666666666666,10307,6
-0.1807228915662651,10302,8
-0.1847826086956522,10299,4
0.1428571428571428,11744,0
-0.2727272727272727,10328,0
-0.0802919708029197,75072,4
-0.1666666666666666,10351,4
0.0714285714285714,10363,4
-0.2096774193548387,10333,8
0.0,10344,9
-0.110091743119266,10353,8
-0.1830985915492957,10071,5
-0.375,10382,3
-0.1999999999999999,69526,0
-0.024793388429752,10383,4
0.183673469387755,89122,4
-0.1067961165048543,10043,1
-0.1176470588235294,10412,0
-0.02,10442,6
-0.1568627450980392,10398,3
0.0921501706484642,69585,5
-0.3023255813953488,10423,8
0.0727272727272727,10462,9
0.0192307692307691,10352,3
-0.0344827586206896,10446,2
0.0,10432,0
-0.0422535211267606,10414,2
0.0357142857142858,10376,7
-0.2222222222222222,69809,3
-0.1123595505617978,10410,4
-0.0217391304347825,10421,2
-0.0124999999999999,68945,9
0.0749999999999999,70164,9
0.0428571428571429,10527,4
0.0,10530,5
-0.074074074074074,10537,4
0.0155440414507772,10606,8
-0.0718562874251497,70113,4
-0.125,10141,3
-0.1153846153846154,10557,4
-0.1134020618556701,68363,1
-0.1224489795918367,10597,3
-0.0948275862068965,68857,9
-0.2666666666666667,11740,0
0.0078740157480314,85965,7
-0.0869565217391304,10572,7
0.0625,10456,9
0.0,10652,0
-0.15,10676,6
0.0370370370370369,10611,1
-0.1648745519713261,75469,5
0.0,70252,8
-0.2318840579710145,45225,7
-0.2179487179487179,10738,3
-0.0799999999999999,10691,3
-0.0833333333333333,10713,5
-0.0999999999999999,10649,0
-0.0625,10704,9
0.1136363636363635,10749,2
0.1363636363636364,75517,5
0.1212121212121211,10739,5
-0.097560975609756,10721,7
0.0,75071,3
0.0125786163522012,10696,4
-0.0472727272727272,75518,8
-0.1379310344827586,10733,3
-0.1907894736842105,10765,8
-0.0999999999999999,10761,4
0.0344827586206897,10745,5
0.125,70260,0
0.0,10750,4
0.0434782608695651,10785,0
-0.1529850746268657,10791,8
-0.0535714285714286,70471,3
-0.1185185185185184,10801,3
-0.0434782608695651,10821,5
-0.0144927536231883,10820,4
-0.1481481481481481,10818,4
0.2962962962962963,10084,4
0.0,10194,9
-0.06,70500,2
0.03125,10828,5
-0.0545454545454545,88429,3
-0.1212121212121212,70965,2
0.25,75224,3
-0.1666666666666666,48806,0
-0.0999999999999999,10570,5
-0.0828025477707006,12100,5
0.0263157894736842,35124,7
-0.2413793103448276,71191,3
0.046875,10484,1
0.0754716981132075,10026,5
-0.1067961165048543,10929,1
-0.1764705882352941,10869,0
-0.0161290322580645,10812,4
-0.0333333333333333,10908,7
0.0169491525423728,10909,6
0.064516129032258,10964,8
-0.0551724137931034,75222,0
-0.096551724137931,10935,4
0.0,10933,9
0.0277777777777776,92866,4
0.1428571428571428,10443,9
0.2222222222222223,10980,0
0.0,10032,8
-0.0952380952380952,70375,0
0.2127659574468086,71538,3
0.05,10001,5
-0.037037037037037,11035,4
-0.0140845070422535,11038,3
-0.1686046511627906,10657,4
-0.1194029850746268,70674,6
-0.0491803278688525,71001,2
0.1914893617021276,65315,4
-0.0571428571428571,11065,0
-0.1827956989247311,11036,4
0.1764705882352941,75035,0
-0.0575916230366492,10999,1
-0.032258064516129,71984,8
0.0,12933,9
-0.0645161290322581,11147,0
0.2473118279569892,11923,4
0.1,10170,0
-0.25,10362,3
-0.0054945054945054,10545,4
0.0869565217391303,10879,3
0.0714285714285714,75084,3
-0.032,11211,8
-0.1958762886597937,10827,4
0.0535714285714286,11162,4
-0.0625,11031,3
-0.1111111111111111,11212,0
-0.14,11265,0
-0.1065573770491803,72100,1
0.0,11259,9
-0.15,11277,3
-0.0625,11246,8
-0.125,29621,9
-0.256198347107438,11283,0
-0.0416666666666666,11294,9
-0.0745341614906832,11291,5
0.0331125827814569,11345,8
-0.1818181818181817,75467,0
0.0566037735849056,11339,3
-0.1810344827586206,11000,5
-0.1999999999999999,75192,3
0.0,11346,4
-0.0297029702970297,11170,5
-0.5,10863,0
0.8297872340425532,71888,4
-0.1197916666666666,75053,6
-0.0469798657718121,11215,8
-0.1106194690265486,75002,1
0.25,11160,0
-0.0212765957446808,10451,4
-0.0966386554621848,63351,4
-0.0235294117647059,19289,5
-0.03125,22074,4
-0.0999999999999999,37217,9
-0.0909090909090909,10901,3
0.274390243902439,75228,4
-0.0717948717948717,61671,4
-0.0374149659863946,66122,7
0.0973451327433627,54594,7
-0.1454545454545455,10154,9
-0.1999999999999999,10285,0
-0.1518987341772152,10867,4
-0.2857142857142857,11010,0
-0.0568181818181817,11790,1
0.2195121951219512,12117,0
-0.0303030303030302,12320,6
-0.1841269841269841,13056,6
-0.0166666666666667,13283,4
-0.0608974358974359,50091,2
0.0571428571428571,14526,2
-0.0625,15828,1
-0.1686746987951807,15991,3
-0.0588235294117647,16126,3
0.09375,85885,5
-0.0779816513761467,42438,2
0.4015748031496062,85914,4
0.0187793427230047,55044,1
-0.0948275862068965,18092,5
0.0357142857142858,18244,8
-0.1627906976744185,55108,7
-0.0833333333333333,20336,9
0.0625,20670,4
0.1374999999999999,64899,4
-0.1860465116279069,41419,5
0.1232876712328767,22905,4
0.1538461538461537,23115,7
-0.15,47175,7
-0.0736842105263158,23660,6
-0.0297872340425532,23975,6
-0.3571428571428571,24548,3
-0.0061349693251533,30680,2
-0.1272727272727273,53401,5
0.125,25583,0
-0.087431693989071,56274,8
-0.0749999999999999,48637,9
0.125,26658,0
-0.0344827586206896,36150,1
-0.1938775510204081,64565,4
-0.1185567010309278,12044,3
-0.0476190476190476,87207,3
-0.0268096514745308,63554,8
0.4166666666666667,65218,9
-0.2592592592592593,55589,0
0.25,31318,9
-0.0999999999999999,21872,0
0.0480769230769231,31536,2
-0.1056338028169013,54391,8
0.0357142857142858,31748,6
-0.0461538461538461,32046,6
-0.18,32054,7
-0.0198019801980198,47511,9
0.0454545454545454,33188,8
-0.2380952380952381,33639,0
-0.5358255451713396,48143,7
-0.1739130434782608,34041,5
-0.0404984423676012,60628,1
-0.087719298245614,63597,5
-0.0555555555555555,57330,7
-0.123076923076923,37875,8
0.032258064516129,51051,3
0.0675675675675675,20765,7
0.0909090909090908,66923,5
-0.0382978723404255,17144,9
-0.1176470588235294,88357,6
-0.05,38907,6
-0.0167364016736402,32205,2
0.0169491525423728,39328,9
-0.0795755968169761,26657,9
-0.2222222222222222,22250,3
0.0085106382978723,64979,8
-0.0283018867924528,41452,5
0.1200000000000001,50382,5
-0.0245231607629428,52716,5
-0.046875,50999,8
0.1090909090909091,62287,1
-0.0999999999999999,18278,0
0.0759493670886075,44821,4
-0.05,44856,5
-0.1099999999999999,45103,7
-0.062330623306233,53129,5
-0.1846153846153846,51828,4
-0.1627906976744185,46739,7
0.0058139534883721,46843,5
-0.0999999999999999,47563,5
-0.1365313653136531,89392,5
0.0135135135135135,61137,1
-0.0396039603960396,50462,1
-0.0052356020942407,52708,5
-0.0465116279069767,49227,6
-0.0178571428571429,49585,1
-0.0817610062893081,64020,7
-0.125,11198,9
-0.0999999999999999,59926,6
0.0842105263157895,67328,6
0.0434782608695651,45022,5
-0.0416666666666666,67002,1
0.0738255033557047,52090,5
-0.0514285714285713,59942,1
-0.2932330827067669,53613,1
0.0186335403726707,54114,2
-0.021505376344086,55213,2
0.0,64442,5
0.064516129032258,65373,9
0.0384615384615385,56363,7
-0.0742705570291777,52337,8
-0.1964285714285714,51377,7
-0.0196078431372549,22066,2
-0.0911949685534591,57665,8
0.1666666666666667,67010,1
-0.0578512396694215,25232,1
-0.0673076923076922,34948,6
0.0337078651685394,35107,1
0.0,58675,5
0.0162162162162162,61621,5
-0.0689655172413793,45823,3
-0.0175438596491228,51692,9
-0.0747663551401869,63096,5
-0.0134529147982063,40571,9
-0.0270270270270269,64064,5
-0.024390243902439,64355,3
-0.0422535211267606,65058,5
0.0,65307,6
-0.1692307692307691,79733,4
0.0612244897959184,66588,8
0.0212765957446807,66852,7
-0.0029239766081871,46922,6
-0.2439024390243902,67732,7
-0.1333333333333333,67970,3
0.0298507462686568,68340,4
-0.1698113207547169,91679,5
-0.089108910891089,69199,6
0.2417061611374407,69220,4
-0.0350877192982456,69682,3
0.1393939393939394,70018,4
-0.0597014925373133,70288,5
-0.1029411764705882,38850,9
-0.0555555555555555,71002,0
-0.25,41216,0
0.0,25283,2
0.375,72013,8
0.0,72128,0
-0.131578947368421,72291,3
-0.1538461538461538,72486,3
-0.0588235294117647,72603,5
0.0,72710,1
-0.0082644628099173,27764,8
-0.1617647058823529,73147,9
-0.1857142857142857,54471,7
0.0,44951,6
0.0163934426229508,58625,4
0.0727272727272727,76022,7
-0.1176470588235294,74500,0
-0.0326086956521739,60353,1
-0.0149253731343284,65752,5
-0.1812080536912751,74975,4
0.1546961325966851,40061,5
-0.0555555555555555,75417,3
-0.3636363636363636,75433,0
0.0346820809248555,40694,1
-0.3333333333333333,37640,4
-0.1159420289855072,76129,3
-0.1578947368421053,48709,7
0.625,92524,0
-0.074074074074074,47183,2
0.0,61217,8
-0.0963855421686746,65306,1
0.0,37612,6
-0.0909090909090909,78749,1
-0.0444444444444444,79039,0
-0.0444444444444444,79303,1
-0.0845070422535211,65103,1
-0.2125984251968503,47917,1
-0.0869565217391304,80013,1
-0.1818181818181817,58069,3
0.1058823529411765,61698,7
-0.0454545454545454,92874,9
0.0230769230769229,19502,9
-0.0999999999999999,81614,7
0.0357142857142858,81702,8
0.1666666666666667,64506,3
0.0,82449,7
0.0263157894736842,51086,7
0.0952380952380953,53671,6
0.0564102564102564,83601,6
0.131578947368421,88381,9
-0.1374045801526717,62042,6
0.0862068965517242,88445,8
0.0714285714285714,87426,4
1.0,90107,0
1.4545454545454546,68670,4
-0.0303030303030302,88867,4
0.0,21785,8
-0.1244979919678714,91695,5
0.2121212121212121,10079,4
-0.1125,10048,3
-0.25,85650,0
0.0,10175,0
0.8461538461538463,10361,0
-0.0273224043715847,10397,6
-0.075187969924812,10279,5
-0.2142857142857143,69825,9
-0.0568181818181817,10434,0
-0.1538461538461538,69235,0
0.2153846153846152,70148,4
-0.1435643564356435,75510,4
-0.0135135135135134,10634,3
-0.1702127659574468,69489,9
-0.0555555555555555,10800,9
-0.4166666666666666,10763,0
-0.0769230769230768,10914,7
-0.0555555555555555,10972,7
-0.1126760563380281,11124,8
0.0,11128,3
0.0112359550561798,11020,8
-0.0204081632653061,10087,4
-0.125,11136,0
-0.0338983050847457,11353,9
0.0,75033,3
0.0833333333333332,75068,4
-0.0222222222222222,75110,0
-0.0421686746987951,50906,4
0.0,18980,3
0.0833333333333332,10568,3
0.0,10998,5
-0.1923076923076923,11181,3
0.1492537313432835,39116,4
-0.0381231671554251,50032,9
0.125,69171,0
-0.1052631578947368,68814,4
0.0083333333333333,47730,6
0.1020408163265305,13232,6
0.1020408163265305,13777,5
-0.0163934426229508,44652,5
0.2857142857142858,44548,0
0.1052631578947369,38746,7
-0.1363636363636363,60871,2
-0.032258064516129,14198,5
-0.0344827586206896,14331,9
-0.0063492063492063,45583,5
-0.1492537313432835,14702,5
0.0,14737,9
-0.0793650793650794,15537,8
-0.0172413793103448,68830,8
-0.1727078891257996,85631,4
0.0370370370370369,16185,4
-0.25,16791,0
0.0731707317073171,17057,9
-0.0619469026548672,17903,5
0.0232558139534884,49373,8
-0.0201342281879194,18570,6
0.15625,18623,9
0.0434782608695651,18834,9
-0.1964285714285714,47642,2
0.0069444444444444,18973,8
-0.044776119402985,19271,5
-0.0703363914373088,29938,5
-0.0961538461538461,10866,1
0.2105263157894736,19880,7
-0.0257142857142856,20240,4
-0.0978260869565217,20248,5
-0.0153846153846153,49402,9
-0.0498392282958198,25320,8
-0.0833333333333333,40352,3
-0.04,21726,1
0.0,21742,2
0.1372549019607842,11267,4
-0.0514285714285713,22753,4
-0.0158730158730159,26841,6
-0.0625,48047,0
-0.0561797752808989,65533,4
-0.0681818181818182,24126,8
-0.1176470588235294,24572,6
-0.1052631578947368,24951,8
0.0227272727272727,25049,5
-0.0563380281690141,25217,1
-0.0576923076923077,25487,8
-0.2352941176470588,69307,3
-0.1818181818181817,27124,4
0.0,65541,0
0.0327868852459016,27562,8
-0.0163934426229508,31026,3
-0.0121951219512195,27800,5
0.1428571428571428,27909,6
0.3541666666666667,28207,8
-0.2692307692307693,19828,3
-0.1805555555555555,28311,9
-0.0361010830324909,28522,9
-0.0999999999999999,10731,0
-0.2142857142857143,59707,0
-0.15625,63546,5
-0.1044776119402984,29023,7
-0.1062499999999999,49154,8
-0.0693512304250559,19350,9
-0.0708133971291865,49429,4
-0.16,43211,3
-0.0321428571428571,61313,5
-0.1602209944751381,19254,7
-0.2473118279569892,12008,3
0.0769230769230768,31500,5
-0.1428571428571429,87581,3
-0.1525423728813559,32839,3
-0.125,87645,0
-0.0267857142857143,69358,6
-0.55,33209,0
-0.1829268292682927,50788,3
-0.1106719367588933,53196,4
0.3125,44708,0
-0.081967213114754,58405,8
-0.0313725490196078,46295,6
-0.1458333333333333,37058,1
-0.0623441396508728,26382,8
-0.1176470588235294,37103,1
-0.03954802259887,31974,7
-0.0697674418604651,62228,7
-0.1227106227106227,59010,4
-0.0833333333333333,60935,7
-0.0157068062827224,40838,9
-0.0735294117647058,19174,2
-0.1363636363636363,21055,2
-0.0390625,38624,4
0.0210526315789474,59547,5
-0.0103092783505154,47888,1
-0.0119047619047618,62367,6
0.0,39670,7
-0.0666666666666666,49189,3
-0.0031055900621117,32475,9
0.1346153846153845,40628,8
-0.05,40644,2
0.1999999999999999,32600,3
-0.0576923076923077,41420,2
0.0,32678,9
-0.0327868852459016,23077,9
0.5471698113207548,41663,4
-0.0645161290322581,27828,6
-0.375,88701,0
0.00390625,32803,8
-0.3149905123339658,66181,8
-0.0189873417721518,32870,2
-0.1238095238095238,42366,6
0.0517241379310344,32926,9
-0.0660377358490565,66587,7
-0.1346153846153845,42922,8
0.2777777777777777,43474,0
0.1515151515151516,44135,3
0.0333333333333334,44389,5
-0.0666666666666666,12503,1
-0.0925925925925925,45560,4
0.0909090909090908,45699,4
-0.0769230769230768,12040,0
-0.1296296296296296,46149,9
-0.0972222222222222,46237,1
-0.15625,48100,3
0.0416666666666667,47133,1
-0.471590909090909,47141,5
-0.0133333333333333,57437,9
0.1818181818181818,47571,9
0.0588235294117647,53495,3
0.0,50374,9
-0.375,48208,0
-0.1546391752577319,48291,0
0.0706521739130434,48347,6
-0.0543933054393305,64282,5
-0.3333333333333333,24731,0
-0.0624048706240487,26294,2
0.0144092219020173,53612,6
-0.0901639344262295,50092,7
-0.0905797101449275,61399,6
0.1428571428571428,62316,7
0.1,50519,5
-0.0601503759398496,66253,8
-0.3846153846153846,64039,0
0.0188679245283018,51960,6
-0.1069182389937106,13100,6
0.1499999999999999,64637,5
-0.0494216614090431,60097,8
0.0160771704180064,22891,2
-0.1428571428571429,53050,4
0.032258064516129,53189,5
-0.0441176470588234,53381,8
0.0347222222222223,55191,6
-0.4285714285714286,45233,0
-0.0485436893203883,68582,8
-0.1229235880398671,47773,5
-0.1416666666666667,56339,6
-0.125,56419,3
-0.0999999999999999,56777,3
-0.0317460317460317,57171,7
0.0,34665,5
-0.0958904109589041,57534,1
0.0656565656565657,57809,6
-0.1459459459459459,57817,5
0.0259740259740259,57884,5
-0.0625,58473,0
-0.1481481481481481,53639,8
0.04,58801,0
-0.011111111111111,59185,6
-0.0186915887850467,45313,2
-0.0714285714285714,59767,5
-0.0291262135922329,59775,5
0.1363636363636364,60055,3
-0.0530612244897958,60679,9
-0.0559210526315789,35051,6
0.0,61525,0
-0.086206896551724,18403,2
-0.1147540983606557,61460,8
0.0571428571428571,35238,6
-0.042016806722689,27713,2
-0.0327868852459016,61823,9
-0.0944444444444444,49576,2
0.0117647058823529,62384,1
0.0604651162790697,13936,4
0.0,64338,3
-0.0235294117647059,62958,2
-0.0701754385964912,63686,8
-0.1097560975609756,63715,4
-0.0999999999999999,91193,0
-0.0510204081632652,43748,3
0.0270270270270269,64697,2
-0.0079365079365079,42307,5
-0.1172413793103448,62033,6
-0.1525423728813559,61620,9
-0.1052631578947368,35916,3
-0.0789473684210526,67177,7
-0.0945273631840796,25312,9
0.3181818181818181,67620,3
0.0096153846153845,91556,4
0.1944444444444444,38711,0
-0.0061728395061728,62682,2
0.0,68065,6
-0.1176470588235294,41320,7
-0.0945945945945946,68428,6
-0.03125,39773,1
0.0,50948,8
0.0,70106,0
-0.1205673758865247,70376,5
-0.5524861878453038,70923,8
0.0868347338935573,42585,2
-0.0909090909090909,72005,0
-0.144927536231884,36740,3
0.10828025477707,72961,8
0.0,73083,1
1.6666666666666663,73171,4
0.5333333333333334,54981,5
-0.0897435897435897,73796,4
0.0909090909090908,74123,3
0.032258064516129,74230,1
-0.0833333333333333,75345,3
-0.1272727272727273,53751,9
-0.2051282051282051,62447,0
-0.0425531914893616,76081,2
0.0909090909090908,48573,0
-0.0791366906474819,60580,9
0.25,63036,8
-0.0999999999999999,61065,9
-0.1612903225806451,76743,7
-0.078125,50278,4
-0.05,63386,3
-0.1282051282051282,25937,1
-0.1818181818181817,66341,0
-0.1132075471698113,46260,2
-0.0999999999999999,66368,9
-0.1176470588235294,79840,0
0.017094017094017,37807,8
0.0,80179,5
0.0,80347,1
-0.1666666666666666,80654,4
0.0,80857,3
-0.02,59627,7
0.0731707317073171,81190,9
-0.0029154518950437,55976,8
-0.1153846153846154,51932,1
-0.0270270270270269,81510,9
0.0555555555555555,67803,0
0.0,82924,9
-0.0666666666666666,82991,3
-0.2871287128712871,83011,0
-0.0786516853932584,15456,7
-0.1370967741935483,44476,6
-0.0649350649350649,40539,6
0.2244897959183673,89245,8
-0.0704225352112676,91572,4
-0.0961538461538461,72996,9
0.2285714285714286,91636,9
-0.15625,34228,4
-0.1052631578947368,91994,3
0.0357142857142858,10025,5
0.0227272727272727,86511,1
-0.1403508771929824,90609,4
-0.5,67694,0
0.0671140939597314,69411,4
0.1372549019607842,67467,8
0.0714285714285714,10182,8
0.0444444444444445,10222,8
-0.2391304347826086,10248,1
-0.3571428571428571,10247,3
-0.3181818181818182,10256,0
-0.0476190476190476,10259,9
0.263157894736842,11040,4
0.0,10282,0
-0.1034482758620689,75500,5
-0.0625,10501,7
-0.1304347826086956,10185,4
0.0,70076,0
0.1111111111111111,10514,9
-0.1538461538461538,10515,9
-0.0909090909090909,10531,3
-0.3,10578,0
-0.1929824561403509,10178,7
-0.1538461538461538,10633,3
0.0588235294117647,10709,9
0.05,75232,9
-0.0212765957446808,10768,9
-0.1428571428571429,67985,0
-0.0526315789473684,11747,0
0.2153846153846152,76563,5
-0.1999999999999999,70981,0
-0.0576923076923077,75527,8
0.0,75528,8
-0.0999999999999999,10984,3
-0.0406976744186046,32563,6
0.0909090909090908,11103,0
0.1274509803921568,71909,4
-0.0208333333333333,75149,9
-0.1210191082802547,71837,5
-0.1964285714285714,11154,4
-0.0256410256410256,11202,3
0.3142857142857143,10325,8
-0.0109890109890109,71685,4
-0.0675675675675675,10415,5
0.2857142857142858,11278,0
0.0659340659340659,10636,8
-0.0637254901960784,75066,6
-0.0957446808510638,10790,1
-0.0297482837528604,75100,8
-0.0526315789473684,38535,0
-0.0217391304347825,56354,1
