Firm Name,Momentum_1,Cluster Index
47730,-0.0110186092066602,25
13777,0.0154888673765731,6
38746,-0.0512129380053908,30
60871,0.0319471220049571,15
14198,-0.0638939119951778,1
14702,0.061357297799814,26
15537,-0.0270245614035087,1
68830,-0.1591898734177215,26
85914,0.0433559878134521,15
49373,-0.0665506742061765,22
18570,0.0605149408006013,10
18973,-0.0319573901464712,18
19271,0.0557080035180299,16
29938,0.0114594594594594,22
10866,-0.0630712979890311,18
25320,0.0291053414916486,3
21742,-0.0334791386271869,21
11267,-0.1559175531914892,2
86474,-0.0857142857142856,19
22825,-0.017015873015873,26
26201,-0.0945147679324893,27
65541,0.055336480611472,3
27562,-0.0534195712061323,16
27909,-0.133243606998654,25
63546,-0.3500000000000001,17
49154,-0.1072961373390557,4
19350,0.0389169254658383,28
49429,-0.0996969213590684,8
61313,0.0040399239543726,6
30737,-0.2229402261712441,27
12008,0.0046082949308754,24
31500,0.0011938872970391,5
33209,-0.037463976945245,24
77462,-0.1750907567718514,22
62228,0.0259259259259259,2
59010,0.0262923351158645,22
21055,-0.0305958132045088,12
83233,0.1221984018709803,18
32678,-0.0025923525599481,16
27828,0.0141509433962265,22
66181,0.0261038186157518,21
32870,0.0428037920137889,13
42922,-0.0755287009063444,7
12503,-0.1306981192221868,12
89757,-0.2486544671689988,27
47571,0.0306748466257669,21
16678,-0.0159374094465372,12
48291,-0.0078534031413611,1
48347,-0.0789049919484702,3
64282,-0.0855103280680438,12
27617,0.0117647058823529,30
60097,0.0672469465113012,28
53197,0.0169286577992744,15
57809,0.0132083891120036,25
57817,-0.0774045482996036,12
79611,-0.0556521739130435,4
59185,-0.1193404867835645,6
34948,-0.0849825378346914,4
13936,0.039561170212766,2
64785,0.0453579021970234,24
62033,-0.0059523809523809,2
91556,0.0077743902439024,4
50948,0.0443740095087163,3
42585,0.0608309386225207,18
76081,0.0344827586206897,26
60580,0.0532618409294012,5
80179,-0.1061538461538461,3
80857,-0.0197411003236245,5
59627,0.0232558139534884,11
81190,0.2043795620437956,4
55976,-0.0344328703703704,4
82924,0.0110091743119267,1
83011,-0.0037197768133911,12
15456,-0.033149950627733,21
40539,-0.0027951550645547,30
10182,0.0103920642418515,15
10259,0.0166666666666666,6
10501,-0.0538205980066445,11
70228,0.0116129032258063,4
77420,-0.214978448275862,12
10514,-0.1570881226053639,20
10645,0.0432692307692306,9
13656,-0.2234042553191489,27
71837,-0.0224075829383887,2
11154,0.0176991150442478,16
11343,-0.0343803056027164,10
11379,-0.1647058823529412,22
11174,-0.041142857142857,12
75100,0.016660209221232,2
89609,0.1115335868187579,7
12266,-0.0282101167315174,27
13628,0.2572249962172794,7
75489,0.0165745856353589,22
75905,-0.1116373477672529,19
76052,0.080246913580247,4
76076,0.0165453342157511,10
79315,-0.1047619047619047,27
90751,-0.065783664459161,8
77007,0.0133333333333334,19
76839,-0.0174236491777604,24
76847,-0.1972789115646258,27
77082,-0.0203327171903882,9
77357,0.0684675501189262,25
77478,-0.4273504273504273,27
77501,0.0223642172523961,5
77516,-0.1682974559686888,20
77584,-0.0723684210526316,19
77606,-0.1933981368975295,12
77699,-0.1428571428571429,4
77862,-0.0404783808647654,2
78216,0.0306748466257669,12
78034,0.0141359980502071,7
78975,0.0346392112381117,15
78990,0.0947775628626692,27
79007,-0.0522609340252038,28
78963,-0.0625434329395413,4
79195,-0.0529907667603372,18
79307,0.735166425470333,30
79667,-0.0852017937219732,19
79881,-0.0681179775280899,12
80114,0.1986301369863015,19
80274,-0.0475687103594081,20
80233,-0.0504672897196261,2
80320,0.0240028875654214,25
93397,-0.2096699209669921,12
80432,-0.003955174686882,7
81165,0.1698795180722891,19
81481,0.0001295672454002,16
82598,0.0864757584349305,1
88988,0.035598705501618,6
83399,0.0853682813536829,12
83391,0.1759999999999999,19
83822,0.0553719008264463,8
83976,-0.0325,27
84084,-0.1152815013404825,20
84275,-0.0423302598491197,13
84255,0.0521739130434784,19
84588,0.0634182009794803,26
84519,-0.002867677181483,10
85019,-0.0521985086140396,26
12493,-0.0493421052631578,9
85390,-0.0391282813273897,26
13687,-0.1198697068403908,19
89606,0.0104364326375712,9
86580,0.0228592842420836,23
86594,-0.0129119945633706,10
86881,-0.0016012810248198,14
89416,-0.1251646903820816,24
87390,-0.0231252064750577,15
87432,0.0748463564530288,1
90640,0.1496062992125983,30
89301,-0.0304829770387966,8
89397,0.0595744680851064,2
89447,-0.0993485342019544,25
89540,-0.0282485875706214,30
89908,-0.1660079051383398,27
90215,0.1554192229038855,16
90387,-0.0440528634361233,20
90679,-0.0215053763440861,22
90657,0.0248166948674564,22
90715,-0.0823798627002289,13
90706,-0.1480891719745222,4
13521,0.0593305675272888,23
13379,0.1311827956989246,5
13511,0.1800079968012795,24
91733,-0.0238538948937755,4
92203,0.0387751961840285,30
92322,0.0680160037655919,24
92471,-0.0521619766643788,4
92635,-0.0270935960591133,5
77186,0.3,27
93373,-0.012081784386617,20
12363,-0.0221843003412969,22
12915,-0.0327232390460343,30
13399,0.0159211523881728,21
13454,0.0091145833333334,3
13261,-0.0309278350515462,22
13181,0.060814919927022,6
91964,-0.1084745762711865,23
21020,-0.0522595844934674,30
11499,-0.0594982078853046,7
81912,0.0364683301343569,10
27991,-0.005126233499936,10
10517,-0.0328227571115973,30
20482,0.0874772194740953,5
10656,-0.1310878470641784,7
60038,-0.04732107938991,15
10779,0.0421052631578948,16
61487,-0.0226986128625472,8
61241,-0.0855379188712522,23
88845,-0.0435448754132731,15
28222,-0.0282298687088118,10
11368,-0.0221739130434783,9
28804,0.0573650400090159,15
11587,-0.0366719235671939,11
11691,0.0076292738061598,18
11790,-0.007366482504604,22
10145,0.0213206732844195,28
45911,0.2287704259308867,24
28484,-0.1301974634772836,8
81073,0.0191563895127033,25
93330,0.0911062906724511,9
12758,0.0427263479145474,16
24109,0.0174714104193138,18
59176,0.031047516198704,4
13507,-0.064360805713827,1
13769,0.3432835820895521,26
11144,-0.1018276762402088,1
85257,0.0514403292181069,1
14008,0.0716091873600173,16
18075,-0.1014925373134327,12
83112,-0.1554809843400447,22
39490,-0.057507483850638,12
14593,0.0477465031946122,4
14761,-0.1046931407942237,6
10516,-0.0304490690032859,1
77595,0.142857142857143,28
29209,0.0311360448807853,29
24272,0.0891206880775916,6
15457,-0.0304373522458629,22
15721,-0.0738766184310739,27
44644,-0.017415839657521,3
16030,0.1170886075949366,30
44601,0.0398746795784676,25
27684,-0.0245746691871455,6
40416,0.1646825396825397,8
53110,0.0433017591339646,8
75034,-0.0290903493920271,5
10318,0.015729265967588,25
57568,0.0158518715865194,16
16505,0.013920584208124,14
16548,-0.0313451347389784,25
49656,-0.0559307724778388,10
46877,0.0563963322353779,11
39693,0.0149725854070013,16
27887,0.0805142083897156,13
29612,0.0176767676767677,18
39642,0.0709150709755359,15
17444,-0.0023706045041484,10
65875,-0.0818658673660548,4
43772,0.0188205771643663,6
17778,0.0076167402640494,28
61508,0.0232984451705402,25
61946,0.0197261167264426,10
19561,0.049717436389866,16
52230,-0.035260352603526,5
12437,0.0280373831775702,19
17961,-0.0269541778975741,1
19393,-0.1587953456536619,4
10874,0.0975430876420975,14
19880,-0.0261437908496732,21
10890,-0.1404682274247491,22
20117,-0.0261194029850746,6
45655,0.162162162162162,20
64186,0.096184121748257,15
67838,-0.0905060953084595,4
20336,-0.0387523629489603,29
62148,0.2911216253826885,11
28564,-0.0401785714285714,29
86290,0.1693548387096775,2
46690,0.0955678670360109,18
20750,0.0176991150442478,14
21371,0.0415450882312073,10
27334,-0.0106990660984677,29
20618,0.1064418025988389,2
18542,0.0314858744878154,5
89792,-0.016024036054081,25
60599,0.0874684608915052,13
90011,-0.0039867109634551,18
64194,0.035409263761611,9
23182,-0.0231516056758774,6
88208,0.1556433037183284,27
14541,-0.0539507221750212,4
30509,0.1567307692307691,9
23297,-0.1015546133656369,12
23393,0.0233084408237158,8
79026,-0.0471916915918909,25
47677,0.0268456375838925,23
27422,0.0428061831153387,30
46578,-0.0001666388935177,28
11995,-0.0559687416288094,24
11308,0.0026531596719729,4
24441,0.2816281628162818,21
24476,0.1480875749235779,24
30648,-0.0503597122302158,10
18729,-0.0131418092909535,4
61735,0.010490450999731,3
89525,0.0922519913106445,16
25081,-0.0085156364704155,25
25129,-0.0221414980107248,18
25452,0.0950323974082074,19
25487,0.014721919302072,4
25778,-0.0157381177211205,1
40125,0.0467855940760686,7
26084,0.0831353919239903,19
79618,0.4574468085106384,19
13625,0.1321548821548819,4
26463,-0.032408236347359,25
11404,0.0090933767643863,10
26607,-0.0633981389814425,5
26650,0.0295769374766003,28
23229,0.0235463719365689,29
30840,0.2405344467640917,26
91983,-0.0578191695770274,8
27430,-0.0669240669240669,18
59248,-0.00811838454424,21
22293,0.0914709517923362,15
20204,-0.0011092623405435,10
27618,-0.035031847133758,15
17726,0.030435609663306,28
59256,-0.0129032258064515,5
31077,-0.0083420229405631,1
27888,0.0132607956477388,18
41080,0.075656618131265,6
18091,-0.0030500203334689,11
19828,0.0007396449704142,25
92570,0.0611169652265541,5
28629,0.0311004784688995,11
80912,-0.0149253731343282,21
91926,-0.0396422036999389,15
29285,-0.1026252983293555,18
61743,0.0173160173160171,16
11674,0.0013196629783778,10
76708,0.0737179487179486,7
29867,-0.1328125,23
40440,0.0815109343936382,20
79322,0.0668380462724935,12
44943,-0.0303856641994546,1
26403,0.0616964114373441,16
10886,-0.0277777777777777,19
64936,-0.0040475257866562,7
38682,0.0508578431372548,4
25953,0.0376351261177096,1
20626,0.042118140510311,16
30681,0.0063447303489603,18
11703,0.028610354223433,10
63132,0.1592331768388106,10
27959,0.0118526153053337,5
88590,0.0107154632377184,5
30940,0.0231009365244536,2
31051,0.1702127659574468,12
12486,0.0546875,5
42200,0.0199424736337487,18
63159,0.1694267515923566,24
31480,-0.0526315789473683,10
11762,0.0550007452675509,7
70578,0.02482511516806,10
82855,-0.0129032258064516,18
32054,0.1097972972972973,2
32062,0.2196531791907514,30
22103,0.0521973094170402,2
81124,0.0666666666666666,17
32548,-0.069078947368421,30
26470,-0.0655453441997572,12
32986,0.0273769386378961,25
52476,-0.0080351856550791,15
33532,0.0,10
31691,-0.0108069108967127,12
50788,-0.0397982062780268,2
42550,0.0172942855794639,18
33770,-0.1309090909090909,11
87717,-0.0166163141993958,18
33823,0.0063091482649841,4
87725,0.0392817059483725,26
11850,-0.0705738976290716,4
19166,0.0636492220650635,2
24205,0.0356604721245605,16
34367,-0.0517711171662126,21
47706,-0.0044843049327354,18
21135,-0.0132588974180041,16
34666,0.5865724381625441,23
34746,-0.0322580645161288,29
35263,-0.0569424964936886,29
10777,0.0330703943661971,25
35554,0.0392509134597527,29
36397,-0.0004997501249376,25
54244,0.0061601642710471,9
36768,-0.1752878222798768,9
88924,0.0070105157736606,4
88853,0.0567402894135566,2
37154,-0.0130548302872062,26
25785,0.0189612530915086,13
37402,0.1029411764705883,19
37568,0.0372750642673522,6
37584,0.0040424456796361,8
58421,0.0285285285285283,4
12036,-0.061058785319909,6
38093,0.0359892224788298,18
47941,0.0710612435717625,2
20765,0.0089136490250696,1
12052,0.0487663616355844,11
12060,-0.0601265822784811,28
46834,0.185154410746434,23
12369,0.0508036739380022,5
55212,0.0518549747048904,19
38659,0.0609446419502284,2
46674,0.0132928616286371,6
39029,0.2694300518134713,19
57154,0.0217664294683967,7
32299,0.1862745098039215,23
16432,0.0492387431162941,14
53604,0.0487883683360259,1
85908,0.0251330573625074,22
39571,0.07822842700686,18
60468,0.003160270880361,13
52695,0.0874919698600644,7
39731,0.0721153846153845,3
90213,0.0753598645215918,30
23819,0.0458495100757996,5
25582,0.0023421489216355,15
25304,-0.0183823529411765,22
52978,0.0606761794575136,25
41188,0.0303880317905562,11
10294,-0.0826271186440679,4
41241,-0.0055607043558851,16
41292,0.0148072504467704,15
76927,0.0827423167848699,28
32651,0.2290076335877862,24
32707,-0.0806201550387598,2
16600,0.0197234844822584,5
61567,-0.0017496111975116,10
52716,0.0486284289276808,16
32803,-0.1156898656898657,8
42439,-0.0985336194563663,18
21792,0.0637175324675325,6
32942,0.0461011139674378,6
42877,0.0207067065004635,16
42906,0.0234493192133131,15
87464,0.0181543116490165,24
78892,0.0140056022408965,12
12570,0.0596318382162301,6
80210,0.0484962406015037,13
21928,-0.0065797641216636,29
56573,0.0387065164135229,25
43634,0.0590015128593039,21
43757,0.226158038147139,30
51633,0.0525407478427613,29
12431,0.0574360341151385,29
44274,-0.0185654008438818,6
46463,-0.0286259541984732,26
44506,0.0691850594227505,26
59328,0.0151640474221117,16
44768,-0.0188679245283019,1
12490,0.0513885745292743,5
40272,-0.0052618178732072,18
45306,0.022441160372195,24
21573,0.0667169242367131,18
53065,0.0051260145237077,29
45728,-0.1187739463601532,8
46042,0.0072405470635559,30
46077,0.0549043800123381,6
52329,0.0271929824561403,6
82694,-0.0151215375918598,25
22111,-0.0170124121170036,28
46886,0.0817234367056429,16
12558,0.0787059391598261,22
46923,0.0462962962962962,5
47002,0.0326997751890456,18
24432,0.0073126142595978,28
12650,0.0124926340601061,2
24053,-0.0294587400177462,15
26825,-0.0135666802333469,7
47379,-0.0231239092495637,10
44134,0.1433141394753678,4
47619,0.0153324808184143,12
47715,-0.047266514806378,16
17750,0.0614265685243602,5
59045,-0.0308270676691728,13
48072,-0.0352192982456139,8
48144,0.1021943573667711,15
89456,-0.0225872689938398,18
49488,0.0106888361045129,27
12781,0.0069713400464757,10
48486,0.0863520287524826,26
48523,-0.0731310559445503,14
48531,0.0010432968179445,16
48961,0.0861344537815127,15
50286,0.0689655172413794,5
60943,-0.0237315875613748,29
65330,0.0595118689401539,2
20415,0.0258064516129032,2
50876,0.0473147518694765,10
81678,0.0873875048910917,18
49905,-0.0085698982324584,20
21178,0.0055613347203329,21
50017,-0.0587892898719439,19
56223,0.0105652403592182,10
59774,-0.0137429264349232,24
33849,-0.0724302788844621,7
66245,0.0537802026500389,5
23835,0.0201598887730274,6
50623,0.0246913580246912,12
50789,-0.0252679938744256,29
51263,0.1421404682274247,19
15069,-0.0323512420566145,8
51423,-0.0587301587301587,11
45751,0.0063618878532325,3
34032,0.0420619860847566,21
51829,-0.0317757009345793,8
39538,-0.0486388384754991,2
51925,0.0162916666666665,23
51960,-0.0703125000000001,22
43449,0.0069832402234637,28
89915,-0.0232202092370501,28
17478,0.1175376604054305,21
81061,-0.0092560341758631,12
52250,-0.003184713375796,21
17005,-0.0012672665061461,5
22752,0.0529981314761338,28
42796,0.0363482671174979,29
53074,-0.0294093686354378,11
87437,0.0275862068965517,23
89857,0.056,20
53373,0.0570469798657717,23
53640,-0.0151936260885677,26
24010,-0.0249081257656186,2
53859,-0.1194690265486724,11
54253,0.0291360161546228,29
22592,-0.0210001668253252,16
24248,0.0180713506776755,18
54704,-0.0872483221476511,6
76591,-0.1139122315592904,12
42614,-0.015266021765417,1
22779,-0.0262999155507299,10
28345,-0.0713138451654352,8
65365,-0.034965034965035,2
69550,-0.0026212319790301,13
59408,0.0244343891402714,21
84372,0.0606508875739644,3
13303,-0.2638036809815951,20
90377,0.0259377494014365,11
55993,0.1294117647058823,11
78900,-0.0369799691833591,10
25590,-0.0086511299435028,13
52337,0.185309973045822,19
34497,0.0,15
56945,-0.15,4
64450,0.0619718309859156,2
47466,0.0150375939849622,6
60986,0.0600223964165733,30
21207,0.0648664514235397,16
34673,0.0066666666666665,22
61815,0.0446663163426168,22
64311,0.086888128065143,18
28118,-0.1855328547763666,29
44206,0.0016295491580662,10
38762,0.0103884372177054,22
23931,0.0152334152334152,18
58246,-0.0683885457608085,10
24766,-0.0150485854329692,26
58318,0.0085632730732636,2
58334,-0.0150501672240802,10
90458,0.0042201512220854,18
34817,-0.0240255376344086,18
34833,-0.0485750386073284,8
72611,0.0132978723404255,16
58975,-0.0127614321162707,22
67029,0.3269230769230768,24
59089,-0.1376953125,27
23026,-0.020988052954472,22
24440,0.002690582959641,4
13610,0.0234283483014448,5
25232,-0.0400627068454972,28
60186,0.0167186171720035,1
91531,0.0715671062839409,29
77157,0.0855829982768523,8
44230,0.0565900846432889,12
90531,-0.0382585751978892,8
22509,0.055403123680878,22
60506,0.0533646322378718,6
13688,0.0184301464538423,3
86136,0.0173887122416533,1
61146,0.1666666666666665,29
61269,0.0528169014084507,7
58675,-0.0192307692307693,19
41355,0.0509285714285714,10
61496,0.0714285714285714,24
22517,0.0232011747430251,1
13856,-0.0081238650482652,28
50550,0.0642857142857142,3
62341,0.018737944337283,30
62368,-0.1204481792717088,19
21936,-0.023091133004926,5
21776,0.0109890109890109,7
52898,0.0123169107856191,5
13901,0.0526471458148476,24
13928,-0.0275229357798165,12
62958,-0.0845238095238094,30
63125,-0.0608108108108107,2
89968,-0.0275862068965517,9
24459,0.0480579328505597,8
80185,0.0332359386413441,10
63715,-0.0133333333333334,2
18163,0.0418648905803995,5
55511,0.0029154518950438,29
23712,0.0084320875113945,6
64929,0.0043770517430046,11
64961,0.141444866920152,2
65008,0.2705882352941178,13
87043,0.0695829828145655,8
65270,-0.0550314465408805,4
69649,0.0817092536451566,25
66683,0.0863200403836446,3
65700,0.0033003300330032,16
24942,0.0152112676056337,15
58771,0.0483754512635379,1
76711,-0.0413223140495867,4
76282,0.0918807810894142,5
80294,0.1000800640512409,3
84381,0.1011162277616242,29
35991,0.0408800937377946,29
36003,0.043812907045589,10
45495,-0.0513499205929062,8
67847,0.1392265193370165,28
27633,0.0424502955400321,7
68196,-0.0172204213938411,29
23085,-0.0625,10
36281,-0.0258072490714987,16
88518,0.0044117647058823,27
85926,0.0696956329951477,16
41574,0.0144927536231882,18
51625,0.0257042253521126,29
50243,-0.0029890764647468,3
88742,-0.0018315018315018,30
36468,0.1304979210574504,21
49138,0.0915032679738561,19
70704,0.3505154639175258,24
65402,0.0295670538542767,4
60206,0.0599054125065685,21
71176,0.0426944971537002,3
26614,-0.020480854853072,22
63335,-0.0802919708029197,17
15720,0.0123628281705792,18
71475,-0.0390693590869183,28
18411,0.0048790404553771,5
58683,0.0495585874799358,26
66093,-0.0086997413590408,10
63765,-0.1672828096118299,27
71942,0.0932017543859651,5
71985,-0.1459459459459459,15
17523,-0.0909853249475891,12
72304,-0.0875576036866359,5
39220,-0.0629462608042089,29
43481,-0.0073989755264655,29
43350,0.0811753422268724,29
18438,0.193548387096774,13
72726,-0.0195573854863612,7
36898,-0.0413598429062347,14
72980,-0.0520833333333332,29
73139,0.0310491611718555,15
73219,0.0009487666034155,5
52396,-0.1252371916508539,18
47861,-0.1325178389398573,6
65429,-0.1294498381877021,4
43334,0.091324200913242,12
52038,-0.0525555354885316,15
74406,-0.1226415094339621,3
65752,-0.1439490445859872,12
74836,0.0204081632653061,27
74908,0.2360016590626295,30
57007,-0.0707825403067243,13
43123,0.3640929064657878,20
44329,0.0408315880131298,9
63773,0.061655697956356,6
75460,-0.0273876404494382,6
84375,0.0797182647670882,16
51369,0.1173228346456694,25
37284,-0.0754716981132076,3
15579,0.0352199534055093,9
23579,-0.024505766062603,29
62092,0.0800140978019774,16
50606,-0.3548387096774194,27
93423,-0.0063375583722482,16
14795,0.1183879093198991,5
14816,-0.0578616352201256,18
62308,-0.0029826464208242,6
76639,0.0336528655924943,15
76946,0.1157407407407407,3
55001,-0.0079250720461095,13
92583,-0.0050351252751229,5
59600,0.1397260273972602,22
76185,0.0227638859704419,21
77730,0.0179961089494162,11
91103,-0.0330680570801317,11
17929,0.0062934027777776,6
79244,0.0592105263157896,5
77973,-0.0093023255813953,20
78044,-0.1759117376647258,1
24985,0.0036218070911169,10
48725,0.0279706790123455,4
63781,-0.0323781168589505,17
78749,-0.0129032258064515,20
92655,0.0128719078275374,26
78829,0.000259336099585,29
87447,-0.0480635031402651,5
78960,0.390438247011952,19
79039,-0.1640625,17
79303,-0.0004784688995214,8
17830,0.0004561211457763,5
79338,0.2142857142857142,21
67360,0.0094838994265549,29
59619,-0.0232883685416136,16
16555,0.0666666666666666,3
79637,0.0587516450460612,10
79776,-0.1450171821305841,28
43553,-0.0350515463917526,22
79864,-0.0401647785787848,12
80128,0.0220014919802336,5
27043,-0.1351080418801514,2
81116,-0.1166380789022297,2
61700,0.02320819112628,27
57808,0.0246913580246914,18
15202,0.0254095085896923,26
21231,0.0742003146303094,9
53225,0.0148451603702477,2
24969,-0.0337584396099025,28
46068,0.0265546218487393,15
42059,-0.1107121484141233,3
79066,-0.2037037037037037,17
62498,-0.0023576564894495,25
66384,0.1733627667402502,30
59467,0.0271646859083189,30
38033,-0.0996805111821086,7
39917,0.0412097042206711,4
92872,0.1037181996086105,28
25419,-0.0378500302580184,18
38156,-0.0738599871547848,22
58819,-0.0063341250989708,8
42286,0.0701594533029612,2
84403,0.0085445329471398,25
27983,-0.2061855670103093,22
88857,-0.0628272251308902,11
38295,0.0816195372750641,16
84129,-0.0197490706319702,25
88285,-0.1120700385876103,23
90756,0.0776969509363874,25
13600,0.1342812006319116,15
13429,-0.0078003120124803,28
72996,0.0076076076076074,6
87426,0.0185614849187936,26
86191,-0.0434782608695653,2
88664,0.011263798152737,15
15318,0.0242914979757085,14
71563,-0.0176520629519354,3
80072,0.040378006872852,18
85586,-0.0511340206185566,5
35917,-0.0376535869996036,25
13508,0.0630782169890664,19
70332,-0.0028682059371862,12
90537,0.1402027027027026,27
10028,0.0,17
10138,-0.1039064576136062,4
10107,0.0403926617315739,9
10200,-0.0253082414016873,24
10302,0.0314685314685316,7
10363,-0.307471264367816,4
10333,0.0165876777251186,17
10382,0.0373554699080938,11
10397,0.0426716141001857,6
10257,0.0218855218855218,23
10463,0.0494505494505492,27
70033,-0.0222831676379843,2
10421,-0.02880658436214,24
13502,-0.1296735905044511,2
91204,0.0064620355411955,10
10530,-0.2598870056497174,8
79698,-0.0169189670525378,29
10606,0.0122699386503066,10
10550,0.1170212765957445,24
79785,0.1132414619532653,9
75070,-0.0311478980614244,5
10547,-0.1690821256038647,3
76123,-0.113157894736842,12
79903,0.0331125827814569,27
10355,-0.1050455334987593,10
10661,-0.0697674418604651,8
45225,-0.1011560693641618,19
10693,-0.0586808923375363,6
10649,-0.1027713625866051,6
79909,-0.0015885623510722,28
75517,-0.0193133047210299,28
10696,0.010820474219044,14
44813,0.5773809523809523,27
87656,-0.0515463917525773,30
89891,0.052924791086351,28
71175,0.0341452310493968,3
93179,0.0078988941548183,2
35124,-0.0423567743687209,6
71191,-0.0802919708029197,27
22323,0.0343103448275863,19
10026,-0.0439180876802884,29
10812,0.0117878192534381,1
10909,0.1338399831116741,2
88779,0.1530139103554868,19
90441,0.1191155492154065,2
10860,0.0045558086560364,21
10032,0.0048112509252404,29
85570,0.1240000000000001,24
11701,-0.0592515592515592,9
10001,0.0079681274900398,18
77453,-0.0333213901827301,24
10838,0.1141859215475551,27
11292,-0.0050420168067227,28
64390,0.0546478873239435,29
65294,-0.0587676223665452,5
12173,0.0344473007712082,9
11378,-0.0676470588235294,2
11403,0.0321173671689136,25
85991,0.0550035486160398,9
11481,-0.0271691498685363,24
75470,0.0416892322024686,10
11552,0.0034557235421166,5
75107,-0.0559992900248491,23
11547,0.0095087163232963,6
89048,0.0182291666666667,8
13553,0.1838893409275834,8
13642,0.0385964912280702,5
91954,0.0,20
11600,-0.017841676771176,30
75104,0.0147217190870128,6
11043,-0.2354132901134521,21
11654,0.0088495575221239,26
11638,-0.0051546391752576,11
11394,-0.1333333333333333,23
75526,0.0714285714285714,11
11533,0.0342224458983391,26
13652,-0.4666666666666667,27
11707,-0.0278035217794253,24
13563,-0.0230179028132991,30
11775,-0.1312673217435123,29
75233,-0.0299032541776604,7
75186,0.0448441854573093,9
11809,-0.0026954177897573,1
11731,0.0248380129589633,16
11825,0.3793103448275861,23
11803,0.0731707317073169,24
75261,-0.1244309559939302,23
37217,0.0675675675675675,10
75272,0.0646056560688566,30
88197,-0.0319148936170213,25
85789,-0.0434782608695653,29
11618,0.0574712643678161,28
82107,-0.098204354044176,6
11896,0.1532278973295306,29
12448,0.0237681788582591,11
84769,0.004315476190476,2
10180,-0.1250572606504808,13
11884,0.0412213740458016,6
75182,0.0203908241291417,22
13643,0.0101242521859179,17
75241,0.0008884877609547,28
75320,0.0198993595608418,6
75285,0.074153257567233,29
10901,-0.2317612360450902,11
75316,-0.0037631710988459,2
11891,-0.0010405827263266,15
11955,-0.0198843604569172,21
84176,0.0077599586135541,7
11752,0.2310286677908939,26
81774,0.2623199393479909,20
12149,-0.0714285714285712,30
75573,-0.0154867256637166,12
84387,-0.0987726475745177,18
17743,0.0105247331228384,16
12226,-0.151860744297719,23
78664,0.2407825432656132,22
12062,0.0454121358467052,18
12190,-0.0327868852459015,20
80926,-0.0058555627846453,24
12209,-0.0642919200695048,22
11992,-0.0875023075503046,21
36346,0.0100761307657859,25
85269,-0.0374707259953159,3
92029,-0.0936170212765957,22
75591,0.0011103708638684,18
76573,0.0075075075075075,6
10375,-0.1143440530883103,6
75694,-0.0105027715647184,6
63467,-0.0608559964333481,29
75649,-0.0729166666666666,1
75654,0.0619302106255894,11
12073,-0.0315082644628098,18
75603,0.0668553236646622,24
93101,0.0734305356198534,11
75825,0.0047477744807122,4
75853,-0.0344129554655872,18
75854,-0.0230978260869565,6
15070,-0.1283950617283951,29
75556,0.0763358778625953,14
86124,-0.0498220640569395,29
11628,-0.0028644175684278,25
75831,-0.0509090909090909,3
11748,-0.0062893081761006,20
75828,0.0592940578974099,24
11348,0.0049999999999998,15
23799,-0.0570264765784114,28
11285,0.0784819454679439,11
11442,-0.0371301775147927,25
86896,-0.05551060042078,25
11018,0.0166414523449318,10
87952,-0.0193210046922438,29
10252,-0.1149751596877217,25
12189,-0.0172273605041163,26
11208,0.0114503816793893,4
52936,0.0504899518352432,28
56710,-0.1774230806069039,28
12068,-0.0220385674931128,18
11786,0.0033205173016428,11
10892,-0.0226537216828479,2
10932,-0.0324244657332349,11
11293,-0.0362285183464933,29
11750,-0.0433734939759036,26
12480,-0.04,25
11593,0.0846153846153845,30
69586,-0.0126926563916589,26
35685,-0.031634446397188,25
76038,0.1488542507607277,23
89207,-0.1528662420382165,19
10308,-0.0422043579437275,11
77519,-0.0399999999999999,18
92807,0.0675675675675675,10
83469,-0.0284909204758923,16
86814,0.0201149425287356,25
92716,-0.0461741424802111,25
86384,-0.1226626776364995,29
10781,0.0430622009569379,29
84725,-0.1024475524475524,18
83642,-0.048169556840077,29
80517,0.0492424242424243,16
91937,0.0827682142236134,26
13694,-0.0594222833562586,10
87759,-0.0425155555555556,8
10232,0.0146650366748166,4
90534,-0.0931297709923663,6
12166,-0.0958083832335329,24
10629,-0.0679975046787274,18
91893,0.2499337865277653,23
10913,-0.1165279429250891,25
89875,-0.0028043549983503,23
13330,-0.1205479452054794,17
77643,-0.004231311706629,11
77379,-0.0842803030303029,29
10253,0.3813813813813813,23
11006,-0.0507880910683011,13
86382,-0.0497076023391813,23
12698,-0.7285714285714286,27
77889,-0.1034482758620688,9
11565,-0.0846428571428571,5
75714,0.1008771929824561,18
81620,-0.0433212996389892,2
75912,0.1361573373676248,25
85299,-0.0620777027027026,10
93191,0.0909090909090908,27
89738,-0.0484581497797356,26
77415,-0.0272206303724928,11
47723,0.0341034103410342,7
83155,0.029595588235294,18
79851,-0.0226244343891403,26
89211,-0.0851485148514851,1
92686,-0.0827067669172932,23
11844,-0.0675403225806452,18
89141,-0.0605643496214727,1
76266,-0.0741266922948352,29
91855,-0.0321802091713596,11
85726,-0.0514419329696025,9
75906,-0.0841720036596523,25
77236,-0.0658174097664543,8
77528,-0.0363729508196721,15
13328,-0.1153435114503816,27
79747,0.0285394515948516,25
89828,-0.0889967637540453,14
11397,-0.0276538804638715,25
84516,0.01025390625,25
77300,-0.0374672946101517,25
76215,0.1017130620985009,19
13267,0.052941176470588,20
76082,-0.0804794520547944,8
76095,0.0102193419740779,25
84184,0.0096385542168675,30
76963,-0.0788235294117647,23
76127,-0.0119521912350596,19
76128,0.0132450331125828,11
92897,0.05,8
76135,0.0205454545454546,11
78981,-0.0082063305978898,29
76868,0.0272314674735252,15
88965,0.0545548121461656,26
89655,0.0862382752344952,16
76392,-0.0415094339622642,11
92089,-0.0447761194029852,21
85875,-0.0906862745098038,25
76544,0.1105263157894735,4
83671,0.0040567951318459,7
12622,0.0845717373682788,15
76201,-0.0359450057975815,3
87053,-0.1345029239766081,22
76360,0.015873015873016,4
89369,-0.0861678004535148,20
17073,-0.0524017467248908,20
90053,0.1590909090909089,30
76330,0.0164727272727274,16
76230,-0.0175787728026532,1
76461,0.1263736263736261,19
89948,-0.0045248868778281,20
11644,0.263959390862944,23
76261,-0.0373134328358208,2
76224,0.0032786885245901,29
77256,-0.0447674418604651,26
76279,-0.0132158590308369,6
76477,-0.0088909153083324,4
76478,0.027360988526037,25
90608,-0.0718562874251496,28
79037,-0.2103120759837178,5
78071,0.1142857142857143,8
76529,-0.1060126582278481,6
76515,0.0320512820512821,2
91902,-0.0437311002558735,2
88284,0.1449016100178892,27
76582,-0.0552970161511087,25
76613,-0.0333333333333333,30
76614,-0.0212481680241901,10
76978,0.0383064516129032,17
76644,-0.0090881551045136,30
76888,-0.0389105058365757,20
76837,-0.0084577114427861,1
76661,-0.0696215764164749,21
76686,-0.1577464788732394,5
76695,0.0193573553074259,28
76856,-0.0914893617021276,20
76709,0.0431482902703164,28
76934,-0.3688524590163934,19
76712,-0.0154905335628227,2
76721,0.0478142076502732,2
76684,0.0638051044083527,14
76732,-0.1093506493506494,13
91403,0.0099111854807567,6
76736,-0.0264483627204029,29
88031,-0.0392422192151556,19
76744,0.165603366363513,30
76750,0.047202797202797,10
76788,0.1274725274725274,21
76795,-0.0243703358208955,29
76869,0.0056497175141243,8
76798,-0.0704225352112676,12
76838,-0.0320284697508898,28
76892,-0.0096339113680155,18
76841,-0.0223570076294876,5
89213,0.319737800436999,24
77235,0.0366492146596859,2
77037,0.0290243618137311,21
13412,-0.065040650406504,27
77202,-0.0267857142857143,19
77090,0.001996755272682,16
77117,0.1156763590391907,25
77114,-0.2366210329807093,20
77217,-0.0754039497307001,22
77165,-0.0653501917886062,24
77182,-0.0850654811966838,22
77191,0.0127462340672075,11
77175,-0.0515603799185888,23
77178,-0.180521472392638,12
77259,0.1141643767174618,30
90464,-0.0096385542168674,16
77271,0.0551020408163265,30
77274,0.0117302052785923,4
77279,-0.03439454235361,7
77282,0.0143540669856458,9
77281,-0.017555266579974,8
77338,0.0479026108804894,3
77366,0.0337591240875911,16
77393,-0.1329639889196675,20
13599,-0.1141104294478528,23
92871,-0.0766624311732316,22
77413,-0.0601851851851852,9
77418,0.0033150315963947,16
77425,-0.0298507462686569,8
77447,-0.069562261991024,24
77496,0.0809295413125772,25
77768,0.0106664391159654,2
77505,0.2444183313748531,24
77515,0.1232394366197182,12
77520,0.0853784998271689,18
83738,-0.1060214761451678,18
77610,0.1722912966252221,26
77605,0.1123439667128987,26
77649,0.0510461492803087,30
77629,-0.0007122507122506,26
77630,0.4636363636363638,20
77660,-0.0562272565044023,21
77661,0.0944017563117454,16
77668,0.0013083296990841,4
89810,0.002403846153846,6
84776,0.0656167979002624,4
77702,-0.0054034582132566,12
87505,0.0023014959723819,29
90352,0.1288416075650118,27
77763,0.0468009478672988,8
77780,-0.0072529465095195,24
77785,-0.0253748558246827,7
77868,-0.0135542168674698,8
77900,-0.0486486486486485,22
77902,0.0063460253841014,3
77918,0.0391382354879092,11
77917,0.0253623188405798,14
77971,0.0246238030095757,18
78001,0.0467571644042232,23
78018,-0.06640625,20
78015,0.0375404530744336,29
78186,0.2749244712990935,17
78054,-0.0252100840336134,19
78077,0.0065359477124182,25
78066,-0.1374117647058822,27
78091,0.0923076923076922,30
78081,0.0433028245251452,9
91402,0.0769017212659632,12
78179,0.0153374233128833,17
78189,-0.1538461538461538,20
78172,-0.1245901639344262,8
78170,-0.1151392111368908,27
78211,-0.079225352112676,26
78137,0.0321268237934904,2
78156,0.0,2
78213,0.1111111111111111,25
78840,0.0620466121315017,6
91128,-0.034195933456562,27
88944,-0.0345056403450563,11
78841,0.125,19
86889,-0.062162162162162,9
78908,0.0952380952380951,2
79033,0.0,6
78875,0.0450928381962862,22
78876,-0.0078328981723236,26
78915,-0.0782339271882262,14
78916,0.0422837504063497,30
79019,-0.074074074074074,25
79065,-0.0754310344827585,23
79006,-0.0569105691056911,17
48653,-0.0271038572758908,11
78955,0.2159090909090908,20
93237,-0.764102564102564,27
78950,-0.0061760840998685,25
78987,0.049883086515978,15
79072,0.0139709833422889,11
79089,-0.011214230471771,19
79108,0.062755798090041,26
79131,0.0625,4
79116,0.0787009947337624,25
79133,-0.0065350578624915,6
79103,-0.0579720915197011,9
88597,0.0646067415730338,1
79150,0.0322712418300652,21
79166,-0.0878160045618703,11
79198,0.1855486173059766,4
79237,-0.0522388059701491,20
90783,0.1256656017039403,22
79323,0.0147058823529411,16
79299,-0.0042065903248422,21
79248,0.0457902511078285,18
79249,-0.0622464898595943,10
79336,-0.1207605344295992,8
79265,-0.0237634705719812,6
79313,0.0915151515151515,16
79444,-0.041958041958042,17
18649,0.0787878787878788,11
79382,-0.0449349625541979,11
79399,0.1678200692041522,28
79666,-0.0370370370370369,12
79507,-0.078355314197052,21
79499,-0.0612244897959185,22
79545,0.0352434077079106,22
79490,-0.05,16
88568,-0.0424886191198785,9
79491,-0.1220768925881886,16
79564,-0.0514437437769664,28
85913,0.0232220609579099,21
79668,0.0227363916009095,10
79731,-0.0311778290993069,26
79758,0.0074367873078828,11
79686,0.03989889871818,2
79734,0.0957142857142856,26
79824,-0.0564159292035398,6
79857,0.0416047548291231,10
79906,0.2088361424154781,24
79790,-0.0021978021978021,23
79862,0.0540216086434572,24
79839,-0.0182975338106602,25
79791,-0.1433778857837181,29
79878,-0.0045997259737718,26
79915,-0.0103703703703703,28
79841,0.0170958210215279,5
80223,-0.0030211480362538,29
79879,0.0941320293398533,22
79796,0.0139410187667561,29
79884,-0.1146131805157594,4
79859,-0.0452545568824639,2
79885,0.0084889643463497,28
80019,0.201086956521739,17
80034,-0.0153846153846153,2
80080,0.030448078712937,1
80007,-0.0448275862068965,11
80050,-0.0196463654223968,6
84723,0.150132754042964,30
80054,0.0129714148450637,21
80167,0.0135792979759159,22
80113,0.0629370629370629,19
80236,-0.1685823754789273,18
80204,0.0364285198392995,26
80254,0.0760330578512396,2
80286,-0.0282284659015961,12
80191,0.0762081784386616,21
80193,0.0721804511278194,12
80237,0.157142857142857,11
21186,0.0510143785700216,3
80306,-0.004739336492891,17
13006,-0.1126760563380281,11
80375,-0.0713990920346677,30
80343,0.0157480314960629,6
80362,-0.019826517967782,6
80368,0.1945454545454545,23
80341,-0.025631500742942,28
80336,0.088119871566179,3
80357,0.0049231081561185,16
80303,-0.2086190009794319,23
80485,-0.017391304347826,27
82541,-0.2054054054054054,19
80415,0.0614026184918299,16
80478,-0.0486150367439233,6
80539,-0.013039934800326,12
46392,0.0192502532928067,28
80587,-0.0865384615384615,30
80534,0.0340909090909091,27
80498,0.0344036697247707,26
80577,0.0275,17
80563,-0.0007251631617113,2
80575,-0.0052571428571427,16
89099,0.3780840186708156,27
80633,0.0685714285714285,9
80759,-0.1223162003903707,25
80774,0.1555802950180909,18
80828,0.0018903591682419,29
80791,-0.0201342281879195,1
80795,0.0748299319727889,24
80812,0.0988235294117647,23
80837,-0.00355871886121,23
80928,-0.0704879938032533,22
80924,0.0606741573033706,16
80955,-0.0074906367041197,16
80864,0.0013829519738495,18
80951,0.0923076923076922,22
81010,0.1922611850060458,19
80960,0.0781206388587378,19
80957,-0.0287125091441111,16
80969,0.1132368148914169,9
80990,-0.0177439797211661,25
81084,-0.0936329588014981,24
81095,-0.0532445923460899,18
81055,0.00171939477304,10
81182,0.0206965174129352,5
81184,0.2494448556624722,12
88379,-0.0461760461760462,24
88865,-0.0501432664756447,25
85205,-0.05,7
81220,-0.0818496538081107,15
81241,0.0205038078500294,11
81254,-0.0686868686868686,9
81292,-0.0083064143977851,6
81282,0.0688705234159778,22
81278,-0.2357320099255582,22
81501,0.019467878001298,1
82162,-0.0846774193548387,20
87532,-0.0150602409638553,26
81540,0.116255275610692,30
81566,-0.0022222222222222,24
81541,-0.0571670548380266,25
81560,-0.0368271954674221,21
90470,-0.0212121212121213,29
81588,0.0,5
81565,0.0333333333333334,16
81584,-0.0437956204379561,25
87476,-0.0365591397849461,25
81624,0.0,12
81621,0.06,13
81736,0.0884770346494763,16
85332,-0.0845129938728079,18
81740,0.0119940029985006,3
81761,0.2146616541353383,19
81696,0.0214051441394786,5
81666,-0.1061403508771929,23
81728,0.009255533199195,23
81665,-0.033067274800456,8
81677,0.0436039508552157,5
88719,-0.0072799470549305,25
89611,-0.1,19
81893,-0.1016042780748662,5
82251,0.0519163206643245,16
81869,-0.1142857142857142,26
82171,-0.1066782307025151,28
91262,0.0115052732502396,3
82212,-0.0043290043290044,28
82179,-0.5135796712903602,2
82176,-0.1005917159763313,16
82234,-0.09375,11
82281,0.1337579617834394,21
82272,0.0253525352535253,1
82266,-0.0128755364806866,23
82287,-0.1714975845410629,8
82261,0.0642857142857142,26
82486,-0.0030235660293463,15
82508,-0.029394121175765,22
82298,-0.0745762711864407,19
82518,0.026315789473684,11
82515,0.0116925436074373,9
82521,-0.0045146726862301,16
82307,-0.0070093457943926,2
82575,0.0055545601146747,3
82567,-0.0655913978494624,4
82581,0.0537208454471791,16
82621,-0.1428571428571428,19
82649,-0.0263562486272788,1
82552,0.040816326530612,30
82547,0.0747031963470319,24
82642,0.0617074127336907,5
82651,0.054021802217427,3
82634,-0.0950839508340329,22
82573,-0.0745151412044913,29
82587,0.0994152046783625,15
82607,0.0786670724284845,29
82599,0.1120789779326365,22
82762,0.0,19
82779,0.0396825396825397,27
82686,0.0210502743253835,29
82759,0.0644295302013422,2
89736,-0.025,11
82670,0.032258064516129,27
82768,0.5718237922962333,17
82775,0.0222455403987409,16
82702,-0.0075471698113207,19
82747,-0.0466666666666667,20
82800,0.2010018785222291,3
82812,-0.0336391437308868,16
82848,0.0874999999999999,24
83875,0.2290502793296089,20
86122,0.1631799163179914,24
86098,-0.0493827160493827,20
87832,-0.1142857142857142,15
88177,0.8692307692307693,23
84825,0.0496664195700518,5
90710,-0.0578947368421053,24
83145,-0.007823613086771,9
87471,-0.1285714285714285,23
91910,-0.0232558139534883,26
83149,0.1233766233766233,21
83120,0.0166420118343195,10
84397,0.0477707006369427,26
37381,-0.048,13
83111,0.0680832856559052,2
83124,0.0,11
82859,0.1475128644939967,28
83303,0.1,20
83143,0.1022167487684728,28
83272,0.0137142857142857,6
83304,-0.0338983050847457,7
83244,0.7990654205607477,30
83390,-0.1186440677966101,13
86080,0.415505617977528,27
83411,-0.1300000000000001,30
83435,0.1396431342125679,28
84215,0.0715677360696196,9
83414,0.0245061265316328,25
83421,-0.0881542699724519,28
83366,0.35755258126195,27
83382,0.451063829787234,23
83422,-0.0322245322245322,29
83520,-0.0097087378640777,8
83504,-0.0078817733990147,6
83509,-0.0652173913043477,6
83462,0.1470923603192702,12
83565,-0.2549668874172185,27
83503,-0.0970695970695971,6
93312,0.1234265734265733,12
86091,-0.093177594903106,18
83690,-0.0038872691933916,10
89202,0.1059190031152648,26
83621,0.0083252243485782,6
83622,0.21875,27
83633,0.1993006993006993,19
83630,0.021505376344086,19
83661,0.085722518369111,2
83602,0.0048780487804878,27
83683,-0.0835806132542036,6
90082,0.0135270541082164,11
83774,-0.053946053946054,21
83779,0.0777777777777777,15
83799,0.0045888627061887,11
83734,-0.12,23
83756,0.0048309178743961,12
83916,-0.0295081967213114,18
83879,0.123140987507436,16
83844,0.0163934426229508,30
83856,-0.0939245810055866,29
83883,0.3173076923076923,27
83862,0.0808080808080808,26
83910,0.0454545454545456,4
83906,0.0012980269989615,22
83885,0.0714285714285714,17
83903,-0.0384615384615384,23
83827,0.1657894736842105,30
83831,0.013006503251626,15
83969,-0.0039093041438622,16
92530,0.0323709536307963,22
88436,-0.2568306010928961,27
83950,0.0519187358916479,8
83965,-0.0666666666666666,5
84140,0.1938967136150233,23
88905,-0.0557939914163089,13
84026,-0.0217391304347824,12
84103,-0.0565317035905271,11
89425,-0.0769230769230768,25
84062,-0.0954198473282442,2
84636,-0.0133664048504891,25
84042,0.0486111111111109,10
84010,0.0179738562091502,12
84041,0.009433962264151,19
84032,0.0098824786324787,22
84203,0.090909090909091,19
12877,0.12141652613828,17
84234,-0.02734375,11
84172,0.0858099623273336,4
84262,-0.0497470489038784,11
84210,-0.0500582072176951,6
84348,-0.019782543038357,7
84325,-0.3918781725888324,19
84365,-0.0142727390683793,28
84302,-0.038021071919377,20
84373,0.0002176278563654,14
84319,0.0649592068573789,15
93131,-0.0895726495726496,5
85176,0.0886586067933217,20
88984,0.0129161290322581,15
84438,-0.0197648236177132,28
84385,0.0077519379844961,26
84413,-0.0206896551724137,13
84511,-0.1333333333333333,30
84563,0.143220007815553,10
84624,-0.0956937799043062,4
84604,10.653581943081452,23
84606,-0.0125638547563166,25
84389,0.0228832951945079,29
84597,0.0584862385321101,25
84737,0.1680672268907563,13
84749,0.0368200836820085,11
84761,0.0884560762832218,24
84607,0.0344827586206897,26
13658,0.1782178217821781,27
84656,0.0221829429960229,18
84734,-0.0434298440979956,21
84780,-0.0651629072681704,16
84827,-0.0573710965867828,10
84788,0.0981636550335391,24
85079,-0.101123595505618,2
85035,0.2177128769201592,23
85072,-0.0209255978742248,8
85067,-0.011650833482703,6
85013,0.0217391304347827,30
85077,0.0248520710059172,16
85020,0.113154172560113,24
85059,0.0165165165165166,26
85168,-0.0385487528344671,19
92245,0.1060606060606061,19
85187,0.1120111731843576,23
85177,0.1083916083916083,11
87364,0.0791366906474821,19
89022,0.0304347826086957,4
85198,0.0433542498573871,16
85246,0.0196951702296119,2
89038,0.1537242472266242,11
78217,-0.0646766169154228,24
85280,-0.0532797858099063,20
86818,-0.0388820230059892,9
85320,0.2939393939393939,17
85319,0.0641738251642243,19
89898,0.5789473684210529,23
85349,0.1618357487922705,15
90012,-0.0814911140008668,30
85348,0.0347386704563399,12
85372,0.0305555555555556,2
91908,-0.0408163265306122,9
93295,0.0904111828660181,11
89270,-0.1016042780748662,25
90875,0.0017421602787455,6
85418,-0.0668166479190102,5
85502,0.0911949685534592,23
85440,-0.0723572639909554,21
85488,-0.0190488702049396,6
85517,-0.0098126672613737,10
85424,0.0358034970857619,22
13265,-0.062049062049062,2
87114,-0.1432360742705571,25
85464,-0.0684931506849314,24
87837,-0.0573770491803279,2
85427,0.0365665896843727,28
85419,0.0386292834890966,22
85540,-0.0005299054717012,28
85621,0.0192803899082567,9
85627,0.0218340611353711,5
85539,-0.1454545454545456,19
85571,0.0324074074074074,24
85798,0.0167464114832536,26
85593,0.048589125946318,2
85567,0.1463654223968566,19
85576,0.1008230452674896,22
85526,0.1038961038961039,19
93285,0.1758317531460094,17
85686,0.0038845726970033,21
85725,-0.1303911735205617,6
85675,0.0744193395481118,30
85645,0.025848271446863,11
85710,0.0464259395725867,14
85663,0.1982383027088463,11
85728,-0.0430622009569376,15
85883,0.1010863005431503,10
92878,0.1274900398406373,21
89938,0.1180150125104253,11
92557,-0.0895087427144045,23
85731,-0.0097087378640776,25
85751,0.0121006776379477,26
85656,0.0492959224360454,9
88183,0.1079999999999998,26
85744,-0.1129770992366412,8
85753,0.0544235572499014,16
85768,0.0182767624020887,24
85724,-0.0317145688800792,24
85738,0.1158173395102581,24
85792,0.0298421807747488,18
85839,-0.0414878397711016,25
85966,0.0492424242424243,26
85886,-0.0288358846564613,29
85889,-0.047244094488189,28
88384,0.0108010801080109,10
85931,-0.0748334187596104,19
85903,-0.0931677018633541,10
88203,0.1135531135531133,10
86444,-0.0489913544668588,17
86102,-0.0802687411598302,2
86111,-0.0206283118849357,28
87014,0.0063933809702896,11
85860,-0.0396341463414633,25
85863,-0.0674099485420239,2
87488,0.018018018018018,5
32687,-0.0722791470506784,27
85829,0.0542347696879641,10
87501,-0.0182516810758884,26
87508,-0.0096153846153845,2
88820,-0.0218588082901555,11
13121,-0.0275229357798165,27
88951,0.0716787298622461,15
85939,-0.0419161676646706,18
85951,-0.0039920159680639,26
90603,0.0570392979778708,26
85953,-0.0352121212121213,8
86302,-0.027027027027027,11
87614,-0.0487179487179486,11
89821,0.1050156739811913,26
85992,-0.0333773335847633,5
85972,-0.0920765027322405,25
86047,-0.1080568720379147,9
89681,-0.0119453924914677,28
90544,-0.0501271340355976,24
86062,0.0609756097560976,8
86026,0.0416058394160583,11
86021,0.0432581684307407,25
86083,-0.0522727272727273,23
86051,0.1979166666666667,24
86113,-0.0474576271186441,12
86048,-0.079841449603624,26
86196,0.0620235227845613,3
86128,0.1085271317829457,16
88341,0.093220338983051,16
86211,0.0197568905651921,21
89279,-0.0869086908690869,11
87318,0.0049220672682526,11
86157,0.0373001776198933,25
92919,-0.0200892857142857,29
86158,-0.06139568088524,2
87067,-0.1842900302114803,25
88836,0.9750778816199376,23
86155,-0.0215686274509804,17
86178,0.0290023201856148,22
86288,0.0722054182075748,18
90221,0.0473684210526315,11
86228,0.0057843996494304,15
88257,-0.0557275541795664,28
89643,0.1080332409972297,11
86299,-0.0480984340044742,11
86287,-0.1236722306525037,29
86233,-0.1614420062695925,30
86260,0.001063829787234,24
92935,0.2010443864229762,5
86728,-0.0221674876847289,28
86312,0.0346666666666666,3
86305,0.0105863192182411,18
86339,0.012216203757059,28
86362,0.0168067226890755,28
86356,0.0720781407881441,20
86868,-0.0423052411776988,16
87658,0.0465116279069768,13
89109,-0.0237564959168522,10
91431,-0.076595744680851,23
90914,0.0064555174500706,30
86432,0.0118417386458622,29
12380,-0.0039370078740156,15
87753,-0.2162162162162162,12
86489,-0.107869142351901,17
86544,0.0237288135593221,12
86526,0.3028571428571427,9
87069,-0.0393013100436681,4
86573,0.0148056755089449,15
86578,-0.0900082576383154,24
90591,-0.0313953488372092,26
86582,0.0192307692307693,26
86547,0.0569948186528497,7
91608,0.0833333333333332,9
86560,-0.0718954248366013,14
86719,0.0120007869368483,15
86709,-0.0191897654584223,28
90590,-0.1051650692225772,25
86763,0.0223048327137547,21
86778,0.1094276094276096,24
86783,0.0743966382932497,15
86810,0.0517080745341613,21
86820,-0.0613608748481167,18
86822,0.0994035785288269,3
86819,-0.0006339814032121,12
86827,-0.0745341614906831,18
86799,-0.0707624794295117,19
86899,0.0448943661971832,7
86916,-0.0169491525423729,12
92318,-0.0315789473684209,26
86924,-0.0352941176470588,19
86876,0.062359128474831,2
86887,-0.1578947368421052,24
12835,-0.0135746606334842,13
12588,0.0,24
86946,0.0729835831548895,5
86964,-0.0738667772249861,3
86949,0.0219690805532954,13
88368,-0.0205479452054794,1
86996,0.0193685841564981,5
87006,0.1408353301844334,11
86989,-0.0020283975659228,24
87000,0.0601831661578717,24
86965,-0.0365497076023392,29
86979,-0.0523708421797594,18
87016,0.1918819188191882,7
87077,0.0802792321116929,12
87020,0.0086731869348588,11
87121,-0.024,13
87066,0.0083682008368202,3
87075,0.0245721271393644,9
87056,0.0578223080637372,6
87034,0.0237644447346088,9
87086,0.0137221269296741,5
87162,-0.1588785046728971,21
87167,0.0214285714285715,12
87179,0.0571428571428571,30
87227,0.0952380952380951,27
87236,0.0714285714285714,27
87267,-0.0172386603973653,28
93313,0.4058106841611997,30
87268,-0.0400739827373611,5
87361,0.0799256505576206,8
87269,0.0058027079303675,3
87356,0.0641304347826086,21
87302,0.0085470085470087,15
90358,-0.0166666666666667,26
87299,0.0286442711457708,3
87321,0.005780346820809,16
87337,-0.1166666666666665,20
13704,-0.0595099183197199,24
87379,-0.0263777673104097,28
89597,0.0904715349326914,3
87439,0.0545454545454544,23
87430,0.1135135135135134,3
12308,0.1251389231335469,24
90808,0.0733580508474576,11
87394,-0.0319849482596427,12
87415,-0.0171306209850108,26
87424,0.2535737849131294,27
87373,0.0182926829268292,4
87510,-0.1164705882352941,1
87445,-0.0010569105691056,29
87496,-0.0318766066838046,25
87487,0.0821114369501465,21
87525,-0.0558912386706949,25
87541,0.0867719877387409,15
87583,-0.0291262135922329,12
87589,0.2195121951219512,30
87602,-0.027027027027027,22
87797,0.0112359550561798,12
87825,-0.0799999999999999,22
87814,0.0923076923076922,19
87812,0.0030769230769231,25
87657,0.0271077908217716,6
87659,0.0801479654747225,13
88810,-0.1260504201680671,19
87789,-0.0004943153732082,5
88152,0.0687034984961216,11
93368,-0.009478672985782,26
88167,-0.0834331337325349,13
88468,1.6860465116279069,17
88173,0.0361532899493854,23
88174,-0.0331125827814569,8
88195,0.1475409836065575,27
88159,0.215291750503018,23
90354,0.0960893854748605,23
88370,0.2636986301369863,23
88182,0.0438871473354232,21
88260,0.0428571428571429,20
91171,0.0636729222520107,26
23887,0.0325443786982249,20
89572,0.0536512667660209,26
88534,0.1786786786786787,12
90071,0.3491027732463294,20
88343,0.0176340925789859,29
88319,0.1148867313915855,7
88352,0.0922781302262212,15
13198,0.005273566249176,15
88281,0.0605066281664259,25
88280,-0.039348710990502,29
88332,0.233936185855021,8
88287,-0.095996140858659,30
88439,0.047486033519553,25
88417,0.0446735395189001,23
19675,0.170551785187371,22
88466,-0.1372549019607842,8
88485,-0.2285714285714285,7
88421,0.0845070422535212,27
88451,-0.1484641638225255,27
88446,0.2503906787246703,3
88511,-0.0681818181818181,30
88542,0.3823529411764708,21
88504,0.1203966005665722,18
88545,0.0621685327047731,10
88564,0.0,22
89617,0.0771383285302593,9
89395,-0.0353535353535353,26
71862,0.0724637681159421,27
48506,0.0997135886284077,28
88648,0.0880410858400586,26
89169,-0.6036956521739131,27
88620,0.3052631578947369,19
88626,-0.208955223880597,8
88615,0.1001697792869269,12
88661,0.0665334094802969,2
91360,0.048730964467005,15
13453,-0.1764705882352941,28
88740,-0.0453514739229025,17
89576,0.1048689138576779,23
88792,0.0105820105820106,25
88807,0.2663934426229508,30
88863,0.4184131736526946,30
89029,0.2677096914385051,27
88860,-0.0461874544887132,26
88949,0.1415577032404775,15
88839,-0.0163934426229507,22
90029,0.0379746835443035,17
90177,0.199375866851595,23
88908,-0.030989272943981,26
88897,0.0128205128205127,22
92601,0.3090909090909091,27
88895,-0.1773612112472963,21
90238,0.2291666666666667,19
89290,0.0522583053378127,2
89006,-0.0011279043537107,10
89110,0.0589970501474925,16
88970,0.0550819672131146,11
88994,0.225806451612903,19
89031,0.0305280528052807,9
89002,-0.0005251641137855,1
89014,-0.0215610176800344,18
89167,-0.0730301089045483,11
89036,0.1221264367816092,21
89044,-0.0017738359201773,16
89215,-0.0676202860858258,26
89070,0.1466085271317829,18
89327,0.0632090761750403,28
90175,0.0366079703429103,21
89413,-0.1123919308357349,30
89203,0.368421052631579,2
89179,0.0721290950824231,15
90223,0.01,21
89244,0.0873362445414847,20
93302,0.2072434607645874,17
89269,0.1196248451601487,30
89168,0.0305938812237551,25
89217,-0.0288551915799432,15
89230,-0.0505517064408519,5
89307,-0.0783431952662722,18
89252,0.0555555555555555,8
89262,0.0374331550802138,16
90125,-0.0206611570247933,24
90081,0.0662824207492793,26
91379,0.0393258426966292,27
12840,-0.0760456273764259,27
89297,0.0108827085852478,10
89353,-0.1253345227475469,26
91015,0.0423076923076923,10
92174,-0.0417690417690418,9
12496,0.4141825211109979,27
89409,0.0999999999999998,6
89332,0.0291262135922329,13
89424,-0.1075949367088607,16
89387,-0.0423728813559322,27
89394,-0.0514285714285713,12
91975,0.0156765676567656,6
12501,-0.0106951871657753,16
89445,0.1142857142857143,27
91665,0.2380952380952381,22
93016,-0.0384615384615385,12
91152,-0.1307841367776294,18
91727,0.0,20
89753,0.1116071428571428,9
89453,-0.1569148936170212,22
91269,0.0304882382204534,27
89406,0.0081650831353918,6
89626,0.0496749024707412,15
89443,-0.0678446407734622,7
89916,0.0331753554502372,21
89533,0.1724656109120332,22
90601,0.050953516090584,11
93069,0.0,23
89482,-0.0893371757925072,16
90313,-0.166044776119403,8
89941,-0.026595744680851,8
93150,-0.0349109653233364,2
90067,0.0041551246537396,27
89876,-0.0305590924875563,6
89653,-0.0646643109540636,25
89826,0.0522959183673468,11
89574,0.0179028132992327,8
89546,-0.1073094867807153,5
89509,-0.0050771158997141,10
89573,-0.0272952853598013,11
90436,0.1690283400809715,30
16852,0.2641509433962266,24
92468,-0.2237762237762236,19
12358,0.3292104958964281,12
89781,0.0453372650202728,16
89698,-0.0514705882352941,19
89796,-0.109090909090909,4
89741,0.0264550264550265,23
89800,0.0469181232750688,11
93422,-0.0526887561108092,8
90170,0.296296296296296,27
90080,-0.0827423167848701,18
89824,0.0157687253613667,6
90716,0.0106516290726816,26
13411,-0.0476190476190476,27
89901,-0.0773710482529117,27
89866,0.0411092985318108,10
89889,-0.111111111111111,17
89964,-0.0338916256157635,28
89913,0.098086124401914,28
89905,0.0982142857142855,11
91086,0.0904255319148936,22
89973,0.1030927835051545,27
89971,-0.370240187463386,12
89952,0.0670070197830248,5
89904,-0.0220206620479703,10
89960,0.1072026800670018,28
90088,0.0226415094339622,19
90129,-0.012531328320802,17
92636,0.0806845965770171,23
90126,-0.139917695473251,23
90490,-0.2379134860050891,8
90194,-0.0159857904085257,18
90454,0.2745031309556223,24
91977,0.0125570776255707,3
93012,0.0740740740740739,27
90604,0.1723356009070296,27
90248,0.0960812549559622,26
91901,-0.014516129032258,7
91233,0.0298305084745762,5
90700,-0.0800711743772242,19
90533,0.0469314079422382,27
90708,0.0352093529091899,7
90427,-0.033167495854063,9
90288,-0.0766314649336582,27
13713,-0.0393239047947566,11
90227,0.1925465838509314,8
90314,0.077757685352622,13
92453,-0.1006,20
90353,-0.0499240286520511,30
90421,-0.0227272727272727,18
90423,-0.0093457943925233,19
13577,-0.0352830484553865,2
90312,0.1057331666368992,12
90090,0.0487350199733689,29
19721,-0.0056689342403628,11
90098,-0.1020793950850661,23
90455,0.0648114243866713,26
90274,-0.0389048991354467,25
90249,-0.0019206145966708,18
90444,0.0014919806042521,11
90371,-0.1272727272727273,28
90488,0.2117714945181765,27
90476,0.2388888888888889,23
90496,-0.1191432396251672,23
90568,0.2623906705539358,22
90505,-0.0155401610185358,2
90600,-0.0192926045016077,18
90637,0.0239485981308411,25
90718,-0.0910931174089069,18
90417,0.0256462076352539,15
90409,-0.1056268509378085,2
90548,-0.0728346456692913,2
90803,-0.0201117318435755,18
90386,0.0695533583361747,22
92521,0.2976190476190476,20
90520,0.0718821437642875,25
90440,-0.0357981220657276,9
90556,-0.02,23
90564,0.0126679462571976,15
90605,-0.1162079510703365,22
90550,0.0601903075901748,10
90569,0.0244623655913978,10
90558,0.068658280922432,7
90734,0.0969365426695842,26
91500,-0.089016653449643,25
90494,-0.0629470672389127,27
90948,0.0,11
90711,-0.0060572687224669,29
90634,0.0332749562171628,8
90672,-0.0321500334896182,22
12487,0.0299069247952346,16
91018,-0.1889946598560483,20
90664,0.3257956448911223,24
13196,-0.0589743589743589,30
90720,-0.0191431175934366,23
90636,0.0571883241895816,7
91114,0.0037220843672458,28
86165,-0.2526315789473684,30
92571,-0.395241935483871,17
90993,0.0343849698688407,19
90763,-0.0059880239520956,1
90735,0.046875,20
90885,0.3594470046082951,27
91605,-0.0261958997722094,9
90791,0.0431627196333077,5
90856,-0.168625447112928,6
90871,-0.0628415300546448,16
90984,-0.1040189125295507,4
90776,0.0137548757955245,26
90779,-0.0105448154657293,13
90829,0.1210292249047013,19
90775,0.051115112896523,30
92619,-0.1456953642384105,19
13640,0.0125698324022347,26
90868,-0.149390243902439,26
90795,-0.1165048543689321,20
13455,-0.0238095238095238,27
90955,0.1818181818181818,27
90805,0.0342940532652316,8
90952,0.028673835125448,6
90961,-0.0163043478260868,25
90971,0.0360992301112061,24
90956,-0.089605734767025,21
91594,0.0291345329905741,11
90825,-0.0229885057471265,11
90926,-0.0461538461538461,23
90870,-0.0019394461803685,21
90963,0.0112269446672013,21
91349,0.1800000000000001,20
90900,-0.0649880911874787,5
90957,0.0263258298359403,11
91356,-0.029888368743248,13
90988,0.2053140096618357,22
90989,-0.0198019801980197,22
92044,0.0875283446712018,13
91090,0.064139941690962,22
90978,0.0045385779122539,27
90979,-0.2602409638554217,19
91547,-0.0551427454047712,30
91801,0.0292431192660549,23
91488,0.1065420560747665,30
90925,0.0412249705535923,28
91075,-0.0165599470081695,2
91083,0.0698833333333333,21
91408,0.06,29
91073,-0.0750330250990753,2
91192,0.0593421052631579,5
84185,0.0731707317073173,20
91041,0.0759398496240602,29
91080,0.112258064516129,28
91088,0.6250000000000002,23
89003,0.0499735589635113,16
91603,-0.0361577794010226,8
91176,-0.0260830008667695,10
91095,0.0,8
93175,-0.0568820224719101,30
91186,-0.1128526645768024,16
91234,0.0112697220135236,15
91627,0.1164383561643835,27
91201,-0.0214285714285714,27
91348,-0.1012461059190031,23
91237,0.0350364963503651,11
91215,-0.0693809721645202,22
91359,0.3401360544217686,15
91395,0.2112676056338027,17
91366,0.0057441253263708,5
13532,0.1357615894039734,9
91167,0.0149700598802395,3
91299,-0.0270270270270269,2
88258,-0.1954545454545455,17
13377,0.1346072186836517,24
13534,-0.0444015444015443,25
13188,0.0409254882448066,11
13407,0.1327249891351587,24
13641,0.040668909558678,24
13356,-0.0554333989121628,1
13559,-0.1148936170212766,19
13456,0.2108863771564546,23
13543,0.0624748085449415,3
13447,0.2189938122141512,9
13548,-0.0510260676650028,2
13337,-0.0136363636363636,4
13622,0.0069957248348231,22
91363,0.0043668122270743,10
91463,-0.0447470817120622,2
91277,-0.04004004004004,8
93035,-0.0603773584905661,6
91472,-0.1055194805194805,23
91579,0.0191731575793889,22
91514,-0.0404087320018579,11
91503,-0.1037884767166534,24
12452,-0.0980392156862745,2
91446,0.0344827586206897,11
91391,0.1023192360163711,12
91432,-0.0243654822335025,6
91614,-0.0692690394182931,2
91468,-0.0579710144927536,25
92506,-0.0768115942028985,4
91392,0.0352232552049234,7
91413,0.1273653566229986,11
91618,-0.0120918984280531,3
91659,0.0336539082724705,25
91355,0.2413793103448278,29
93189,0.0597098214285714,24
92093,0.1,8
91461,-0.0985267034990792,5
92226,-0.1771217712177122,30
91416,0.0992118683356513,22
91486,0.0229174970107612,28
91611,-0.0280461202866937,8
91742,0.2400793650793651,23
91615,0.0765714285714287,27
12049,0.2367816091954024,30
91612,0.0,17
88434,0.5333333333333332,27
91622,-0.0189718482252141,29
91625,0.1868083222664895,23
90077,0.0672268907563025,17
92773,0.0895522388059701,6
91516,-0.0442583732057414,22
91683,-0.0991672975018925,12
91668,0.1649275655961908,11
92456,-0.2875816993464052,19
91571,-0.078258221680877,29
91616,0.0490196078431373,30
92589,-0.1326530612244898,19
92252,9.936356986100952,23
91658,0.010840108401084,18
91678,-0.0590163934426229,24
91754,-0.0934065934065935,4
91666,0.0254237288135592,12
92035,-0.0944055944055943,19
91741,-0.0272108843537414,25
91743,-0.0746666666666665,6
12088,0.0843373493975903,11
92449,0.024390243902439,20
91822,-0.0047522063815342,2
91907,-0.0570409982174688,29
91836,-0.076644974692697,23
91688,-0.0795454545454544,21
91692,-0.0188429752066116,6
91826,-0.0369318181818181,21
91814,0.25,2
91959,0.0069974554707379,16
91854,0.1193953369203175,2
91968,-0.0814075630252101,18
92091,0.0893524283935243,17
91900,0.1855670103092783,8
91965,0.9367816091954024,17
93177,-0.0172413793103448,8
91905,0.1325620631477464,27
91909,-0.0799999999999999,22
91849,0.0034690799396681,11
93188,0.0100200400801602,24
92210,0.1032745591939545,4
91915,0.1079249217935349,18
91979,0.8615916955017302,17
92052,0.0328253223915593,10
92207,-0.027972027972028,28
92034,0.0603779628443303,30
92050,0.1040339702760084,30
92345,0.196969696969697,23
92038,-0.0499999999999999,19
92095,0.061248527679623,13
92096,0.118224341924241,7
92195,-0.0298913043478259,25
92097,-0.1309523809523809,4
92121,-0.0389790539603274,18
86812,0.1939999999999999,27
93126,0.1664608206394948,17
92143,0.0399628252788104,13
92229,0.0143312101910828,12
92220,0.0916913946587536,24
92239,0.0515836311022903,28
92184,-0.0139165009940357,10
92188,0.0271314178049928,18
92296,0.1979651992012931,1
92172,-0.0879999999999999,22
13284,0.0382902938557434,18
93149,-0.056338028169014,30
92221,0.1873318816446778,11
92257,0.1119014352851517,7
93004,0.1200000000000001,10
68145,-0.0217391304347825,27
93071,-0.0884210526315789,19
92936,0.0609461074353669,23
92293,0.0806036069193962,22
93130,0.0124999999999999,12
89756,-0.1760204081632652,20
92402,0.0503935008885503,11
12400,0.1161601817665434,2
92303,0.0511651469098277,11
92326,-0.1252461599054746,8
92354,-0.1008100810081007,30
92428,-0.010183299389002,13
92429,-0.0298507462686566,27
92432,-0.0841963079693831,8
92400,-0.0050825921219822,19
13712,-0.0970937912813738,5
92443,-0.0961442163244866,29
92433,2.145,23
92448,-0.0999999999999998,27
92493,0.1614219114219113,30
92466,-0.0460829493087557,8
92478,-0.018796992481203,20
13524,0.0294117647058822,2
92467,0.0552763819095478,5
92469,-0.008951157812804,7
13561,0.0357142857142858,9
92917,0.0234857849196539,13
92528,0.0,2
92523,-0.0026455026455024,18
91365,0.0202395704254438,5
92687,15.091476091476093,23
92614,0.0149253731343284,25
92587,0.0313199105145414,24
92611,0.0601127915918995,8
92648,0.0854439187308655,2
92588,-0.0477707006369426,7
10258,-0.0790960451977401,19
92602,0.0507159252377309,5
93347,0.0882352941176471,10
92597,-0.0469361147327249,18
92984,0.1196271361988605,24
12413,-0.3374485596707818,23
92618,0.0058453733318628,21
82831,0.1130434782608695,19
92753,-0.0106280193236714,24
93031,0.1165331391114348,23
12577,-0.1304945054945054,19
93345,0.032608695652174,24
92621,-0.0192307692307692,19
93079,-0.0518962075848303,7
92780,0.0476190476190476,5
13343,0.0143139190523198,2
92924,-0.0209424083769632,4
92852,0.0090675791274592,15
92685,-0.028368794326241,11
92688,-0.1161290322580644,23
92709,0.067115034328149,28
92692,0.0259259259259259,5
92810,-0.0787360787360786,11
92696,-0.0638297872340425,30
93339,0.0740740740740739,27
92772,0.0429279031370388,17
92771,0.0276967930029155,20
79678,0.1135419551370811,26
92775,0.1040947212629503,23
92729,0.004653868528214,24
13305,0.1276161306789178,4
13604,0.0471988508105889,26
93384,-0.2377285851780558,19
93095,0.0142602495543671,20
92782,0.0209660297239915,11
93089,0.0181101392139952,28
82526,0.1202240448089619,27
92777,-0.0473554735547355,19
92797,-0.0105139500734213,20
92890,-0.0042396834369702,13
92913,-0.0123456790123456,13
13556,0.2114537444933921,27
92809,-0.0602127659574467,9
87078,0.1469147894221352,2
91161,-0.1921005385996409,5
92808,-0.12,12
12498,-0.0091911764705882,16
93344,-0.0443686006825939,23
92854,-0.0404271548436308,1
13253,0.0434015525758644,24
92940,-0.0026172740084559,5
85909,-0.2,27
75754,-0.0055555555555556,23
93274,0.2300999999999999,30
92987,-0.0356272838002436,29
93073,-0.0256776034236804,11
93098,-0.0099529496923633,1
93132,0.1042496679946878,29
12451,0.1413373860182369,5
93085,-0.0231854838709677,17
92596,0.0520833333333332,3
78003,0.0992366412213738,19
93246,-0.0117820324005891,2
93128,-0.032258064516129,23
92486,0.1159420289855073,23
12696,-0.0156366344005955,25
93300,-0.1648436296410413,27
93272,-0.0649350649350649,2
93371,0.0849673202614378,17
93356,-0.0127342967520389,10
93305,0.0489795918367346,4
12384,-0.0491017964071855,8
93301,0.1481481481481481,27
88244,0.0232558139534884,17
93401,0.2624113475177305,15
93233,0.0790697674418603,19
93304,-0.0329024676850763,25
93264,-0.0595160235448004,5
93372,0.0044576523031203,26
93434,0.0,13
93266,-0.0691489361702126,8
11664,0.138004246284501,29
93420,-0.0660501981505944,20
84581,0.4329896907216495,17
13299,0.0044296788482836,8
93429,0.0775477060495331,15
93428,0.018181818181818,25
12402,0.0521172638436482,23
93393,-0.0089869281045751,5
93289,0.1733944954128439,24
11370,0.0723404255319148,5
90954,-0.0133333333333333,30
93106,0.1475409836065575,23
12449,0.0421849208592424,3
12559,0.012950971322849,21
12307,-0.2763013698630137,27
12009,-0.0256696428571427,10
12340,-0.0758377425044092,5
12089,0.02,25
93374,0.0259350259350257,16
93436,0.1789507698067294,30
12374,0.0268937696100404,24
12356,-0.1509754028837997,2
12078,0.0206185567010308,24
10158,-0.0545454545454545,8
93426,-0.119047619047619,6
12592,-0.3472727272727274,27
12348,0.0789473684210526,27
10220,0.0450881612090678,16
12473,-0.062807881773399,6
12919,0.011742892459827,30
86092,0.0467289719626167,22
12360,0.2684210526315791,2
12575,-0.1333333333333333,27
12446,-0.0070921985815602,17
12476,0.0276440164080613,20
12502,-0.0330851063829786,10
12660,-0.1965579710144928,27
12639,-0.038288820609785,5
12521,0.0610687022900764,5
12373,-0.065644171779141,12
12515,0.0135314407004512,18
12583,0.1904024767801859,12
12366,-0.0623787080676462,21
12573,0.0192307692307691,27
12494,-0.1468682505399567,8
12916,0.0020177562550443,4
12640,-0.0669014084507042,4
12971,0.088888888888889,4
13410,0.0712871287128713,24
12798,-0.04019688269073,9
12509,0.0443037974683544,15
12795,0.0055555555555555,20
12623,0.0530431076605679,26
12884,0.0,14
12783,0.0874803562074384,2
12579,16.341040462427745,23
13014,0.0611702127659574,10
12873,-0.0030674846625766,22
13111,0.183852140077821,27
13655,0.2124999999999999,17
12797,-0.1564347826086956,27
12905,-0.2222222222222222,8
12645,-0.0112332695984704,24
12913,0.0569620253164555,2
12872,-0.0456802383316783,22
12927,-0.0128943758573389,22
13400,-0.0048275862068964,9
13141,-0.0439258750857927,12
12792,-0.0464396284829721,19
13302,-0.0483257229832572,16
13108,0.0391566265060241,19
13409,-0.0634610008386916,19
12880,0.0957202904088649,2
12960,0.051829268292683,21
13323,0.4752475247524752,27
13046,0.0795847750865053,24
13080,0.0872395833333334,7
13594,0.0038216560509554,11
13169,-0.0194552529182878,2
12920,0.046,5
13325,-0.2377450980392157,27
82530,-0.1566265060240963,27
13201,-0.1030927835051546,12
13249,0.0223953261927944,13
13210,0.0007774840615766,11
13116,1.2941176470588234,27
12908,0.0133779264214046,2
13109,0.139240506329114,19
13316,0.1222282314764737,15
13326,0.0274416594641313,26
13520,-0.0939907550077042,5
13244,0.0221273291925465,30
13375,-0.11892797319933,8
13260,-0.1055900621118013,2
13124,-0.0417256011315416,20
13160,-0.1264367816091953,22
13106,-0.2381530984204132,20
12981,0.0312383090160868,10
13329,0.1700680272108843,20
13035,-0.0042407108239095,14
13037,-0.0414507772020724,25
10966,0.2111111111111112,23
13036,0.0504201680672269,15
13263,0.125,27
13019,0.0034782608695651,8
13041,-0.0096030729833546,1
13579,0.0191282533709626,11
13085,0.0192103712433706,21
13105,0.1592145015105739,12
13203,-0.0108108108108108,16
13314,0.0439449849043944,26
13730,-0.1682209469153514,12
13318,0.095725150799895,30
13159,-0.0925925925925925,20
13280,0.0161290322580645,16
13168,0.1408238084968729,22
57913,0.056910569105691,27
12629,0.3870967741935482,12
92185,0.10846529348732,27
90542,0.0292397660818712,27
91021,0.0463576158940397,17
90199,-0.0358844077484915,7
90272,0.0617157134519985,26
90276,0.0251562499999999,11
90178,0.0681089743589744,8
90188,0.0506235154394298,26
90164,0.0667870036101083,12
92457,0.0001832508704415,25
90233,0.2558139534883719,21
90097,0.2917525773195877,26
90200,-0.0454312553373185,5
90207,0.2105263157894736,27
91609,0.0024135156878519,21
90303,0.0383928571428571,12
90399,0.0625,11
13279,14.114285714285716,23
92155,-0.0560799555802331,30
27204,0.0286571142952349,27
13705,0.0343137254901959,9
82678,-0.0046511627906975,17
12615,-0.0654676258992805,13
54594,-0.032072617246596,18
14526,0.0657206870799103,9
11581,0.0077071290944124,2
15203,-0.0735294117647058,8
16126,-0.068075117370892,16
17137,-0.0723684210526315,11
20670,0.0358620689655171,12
64899,-0.0125326370757179,9
23660,0.0047594323295256,11
82542,0.0532615200478756,24
30680,-0.0619834710743801,18
56274,-0.0116308470290769,1
31668,-0.2512562814070351,23
47511,-0.0259365994236312,1
60628,0.0156283566058004,15
37875,0.0219416269923409,6
17144,0.011494252873563,6
41452,0.1047957371225576,11
84226,-0.0040760869565217,6
64020,-0.1425233644859813,8
52090,0.02378656380585,3
53613,0.0999087591240874,21
54114,-0.087719298245614,6
55213,-0.3931888544891641,19
57665,0.0407239819004525,12
35107,-0.0171581769436997,12
61621,-0.0096911957950066,3
51692,-0.1487119437939109,20
64742,-0.0636363636363636,12
65307,-0.0291658926249303,18
66852,-0.0412698412698412,8
46922,-0.3179611650485436,17
77354,-0.0360075805432722,3
69199,0.0313901345291478,7
38850,-0.3214517174335709,24
44951,-0.1605995717344753,19
74500,-0.0347826086956521,21
74740,-0.0361842105263157,25
65306,-0.1096414277508824,18
81294,-0.1005132591958939,25
19502,-0.0099081681971967,16
81614,-0.0333333333333333,19
51086,-0.0078988941548183,3
83601,0.0073777403035413,29
21785,0.0,8
10044,0.0755642787046124,2
10104,0.0431729518855654,5
75510,0.1013113161728993,9
70092,0.0360531309297911,5
75033,-0.1063829787234043,19
12211,0.0097842112317383,2
80297,-0.0825958702064897,30
75976,0.0006060606060607,3
77488,0.1345454545454545,2
76568,-0.060731799321011,28
76605,-0.0820597901229388,16
76752,-0.1224553711243344,6
77637,-0.1315136476426798,2
77669,-0.0855927698032961,8
79094,0.013096746937051,18
87055,0.0239835113359563,16
79866,-0.0797665369649806,1
80719,0.0529482551143201,16
81655,0.0077007700770077,16
82777,0.1056391384348955,3
83148,-0.0869565217391304,2
83597,0.0588631866158715,21
20598,-0.0560271646859081,12
89508,0.0360304395092405,16
85040,0.0362694300518133,9
85982,-0.0094547746612039,5
85272,-0.0207468879668051,30
85394,0.0143712574850298,5
85796,-0.0614525139664803,6
87184,0.0886657101865135,3
87214,-0.09,6
88668,0.0294648797642811,4
88841,-0.1324675324675325,6
88873,0.1133842385823369,6
89216,-0.1023564064801179,11
89900,-0.0069410014873573,26
93065,-0.1012461059190031,5
93399,0.1025641025641026,22
12488,-0.1225071225071224,23
90179,-0.0459395376407826,6
