firms,chtx,roaq,roeq,rsup,cash,cinvest,nincr,sue,aeavol,ear,mom1,mom2,mom3,mom4,mom5,mom6,mom7,mom8,mom9,mom10,mom11,mom12,mom13,mom14,mom15,mom16,mom17,mom18,mom19,mom20,mom21,mom22,mom23,mom24,mom25,mom26,mom27,mom28,mom29,mom30,mom31,mom32,mom33,mom34,mom35,mom36,mom37,mom38,mom39,mom40,mom41,mom42,mom43,mom44,mom45,mom46,mom47,mom48
54594.0,0.0027349092,0.0141686257,0.0215563074,-0.006447929,0.0302708112,0.0081015572,0.0,0.0006996269,1.5326278035,-0.109578094,-0.0370536716820121,0.0248565965583174,-0.1107424305267522,-0.0872711792252021,-0.1145983894280404,-0.0458388963061858,0.0648125155202383,0.0986420702024084,0.3129210042865893,0.2123268306474415,0.3222325007708913,0.2667651403249631,0.1991051454138703,0.1065806451612902,0.027065868263473,0.0656063618290259,0.02953181272509,0.0779286073403719,0.2780923994038751,0.1838763114301491,0.5114557631300669,1.2034943473792397,1.2808510638297874,1.1248761149653124,1.4901277584204418,1.0745041122399617,1.1259295984134852,1.1899897854954036,1.4144144144144142,0.2410998552821999,0.0070455612963833,-0.0492239467849223,-0.0405012307003802,0.027065868263473,0.040524144625091,-0.0018621973929235,0.0243669374104158,0.1655341125305791,0.4250581588567632,0.269766064554338,0.3189787757613043,0.1738297289898713,0.138004246284501,0.1483663631494376,-0.018539711604486,-0.0987810004203445,-0.1046147421173522,-0.0812084851082065
14526.0,-0.005396061,0.0412249848,0.1142381374,0.0510574646,0.0338976621,0.0224661048,2.0,0.0056317336,2.4215670285,0.0290430202,-0.0185051670271568,0.0413054563997961,-0.0182692307692307,-0.0718181818181817,-0.1394858828487146,-0.0938540048812957,-0.0853303471444567,-0.1518172377985461,-0.0111380145278449,-0.0259957071309324,0.0815677966101695,-0.0497906002791994,0.0294933198890849,0.0027007120058926,0.0744540910286768,0.1625391403358953,-0.0009784735812132,0.0919786096256685,0.1635327635327637,0.2891414141414143,0.5564024390243905,0.7095018836333196,0.9110903135236312,0.9512661251791688,0.8916164891153313,0.7725694444444446,0.9777239709443102,0.9980430528375734,0.9615754082612872,0.3527658164955283,0.2834695160276557,0.2566153846153847,0.0679916317991631,0.0879062333510922,0.0474480636060528,0.105875981586786,0.0069033530571991,-0.0598526703499078,0.1266206896551724,0.0133995037220844,0.0893571619098425,0.1442981227234521,0.1987085412386264,0.3681742043551088,0.1204389574759945,0.1313019390581717,-0.0116166505324297,-0.1702559934985776
11581.0,-0.007301459,0.0128232946,0.0279136816,0.005805068,0.1593781691,0.4062412878,2.0,0.0051546392,1.9572515486,0.0960443926,-0.0443349753694581,0.0199789695057832,-0.0061475409836065,-0.0338645418326692,-0.1137505710370032,0.1246376811594203,0.0868347338935573,-0.0433925049309665,-0.0810042633822832,-0.0713259932982288,-0.0641582247949832,-0.2289348171701113,-0.2442539929879237,-0.2712246431254697,-0.291970802919708,-0.2706766917293234,-0.2572741194486984,-0.2145748987854251,-0.042920572274297,-0.1419725785050862,-0.1335417597141581,0.0880538418395961,0.0313662945241892,-0.0673076923076924,0.0264550264550265,0.102272727272727,0.0837988826815643,0.1371629542790151,0.172205438066465,-0.0921853065044455,-0.160536564257897,-0.2547061083365348,-0.2100977198697068,-0.216794509487283,-0.1157702825888788,-0.1265195857721748,-0.1528384279475982,-0.2180572349858928,-0.1237579042457092,-0.2415949960906959,-0.2039392695937629,-0.2065439672801636,-0.1524683267802534,-0.0757503573130061,-0.2421875000000001,-0.1865828092243188,-0.3046594982078853,-0.3412563667232597
15203.0,0.003058104,0.0126445387,0.0294973802,0.0731259915,0.0001618058,0.0382581754,2.0,0.0204918033,2.036706685,0.1190114953,0.1376146788990824,-0.1656012381400982,-0.0424710424710423,-0.1205673758865247,-0.5507246376811594,-0.3891625615763546,-0.2619047619047618,-0.2994350282485876,-0.2994350282485876,-0.3315363881401617,-0.3130193905817174,-0.2640949554896142,-0.3279132791327913,-0.2705882352941177,-0.2450532724505327,-0.2064,-0.2,-0.2126984126984127,-0.2464754496840058,-0.1388888888888888,-0.0040160642570281,0.0598290598290598,0.0782139906960566,0.0530785562632696,0.1376146788990824,0.0553191489361701,0.2783505154639176,0.2717948717948717,0.1753554502369669,0.1980676328502415,0.4011299435028248,0.4011299435028248,0.3477528395195912,0.3626373626373627,0.1588785046728971,0.2246913580246914,0.1643192488262912,0.2277227722772277,0.2378337908659846,0.1534883720930233,0.2038834951456309,0.1534883720930233,0.3052631578947369,0.24,0.0376569037656904,0.1615925058548011,-0.008,-0.0981818181818181
16126.0,0.0067481857,0.0090285276,0.0365350464,0.2598488222,0.0043872766,-0.55229487,2.0,-0.00281624,6.0936333618,-0.109146861,0.0016455101081336,0.0438510534051934,-0.0480339588918676,-0.0663891323400526,-0.1167081260364842,-0.1344708511070484,-0.1044556536359815,-0.2293362271658527,-0.1788398535363269,-0.1980048936570676,-0.1990601503759399,-0.2042950513538748,-0.1958860162294773,-0.1770954036307455,-0.2034025051411478,-0.1905395136778115,-0.1537239324726912,-0.1659816010961049,-0.1046438327379702,-0.1018128161888701,-0.04440457501682,0.2685323012801428,0.2488276670574443,0.2268931759285921,0.3492716909436353,0.2415501165501166,0.3458622867972205,0.3574386747371774,0.5152916073968705,0.1550555706153429,0.032719340765875,-0.0726877040261154,0.1192540057788285,0.0984789894302655,-0.0218089990817264,0.0324691058880541,-0.0852297123228853,-0.0740982181660148,0.0125950570342205,-0.1027584754685196,0.0410456877595895,-0.0740982181660148,-0.0478212290502793,0.0557482656095142,-0.1074570590699623,-0.0392333709131905,-0.1562376237623762,-0.2072558139534883
17137.0,0.002497398,0.0187865707,0.0408801889,0.0748406405,0.2100514792,0.0916163745,2.0,0.0094438615,0.1099021008,-0.037460437,-0.1694989106753812,0.0518763796909491,0.1707616707616706,0.1509661835748792,0.1509661835748792,0.0860398860398858,0.0269396551724137,0.1365533691115086,0.2506561679790025,0.1284783895796328,0.0524572059635559,-0.113075849232201,-0.1633011413520633,-0.2172484599589323,-0.3707494222515681,-0.4443148688046647,-0.2146683147919242,-0.0979649787032654,-0.0165118679050567,-0.0507968127490039,0.2140127388535031,0.2913279132791326,0.3932748538011694,0.5126984126984127,1.1733181299885973,1.5931972789115645,1.9781249999999997,1.7865497076023389,2.497247706422018,0.9311043566362716,0.5584627964022892,0.1426858513189448,0.2522996057818658,0.2498360655737703,0.2457516339869279,0.5648604269293924,0.4913928012519561,0.2498360655737703,0.2974812797821646,0.0731981981981979,0.1614868982327848,-0.0349367088607596,-0.0005243838489775,-0.0489021956087825,-0.0936757013789825,-0.0349367088607596,-0.1030588235294118,-0.1837259100642398
20670.0,-0.000493811,-0.019995037,-0.262128791,-0.026995641,0.1286148589,-0.028894457,1.0,0.001618123,1.3099861691,-0.194522956,0.3121019108280254,0.4820143884892085,-0.1487603305785124,0.129798903107861,-0.1545827633378933,-0.1246458923512747,0.0404040404040402,-0.1246458923512747,-0.3267973856209151,-0.3575883575883576,-0.378894472361809,-0.455026455026455,-0.4905193734542457,-0.5141509433962265,-0.5544340302811823,-0.5505454545454546,-0.4304147465437787,-0.4467323187108326,-0.3826173826173826,-0.3770161290322581,-0.3223684210526315,-0.1271186440677966,-0.1404728789986092,-0.2435740514075888,-0.2157360406091371,-0.2284644194756554,-0.1974025974025974,-0.0803571428571429,0.3733333333333333,-0.3575883575883576,-0.3575883575883576,-0.3549060542797495,-0.4108674928503336,-0.4491978609625668,-0.4635416666666666,-0.3562499999999999,-0.446236559139785,-0.4708904109589041,-0.391732283464567,-0.5770020533880904,-0.5087440381558028,-0.5553956834532374,-0.5711311589174185,-0.5249807840122982,-0.6508474576271186,-0.6900702106318957,-0.7420701168614358,-0.7370212765957447
69796.0,4.34091e-05,-0.044549187,-0.102498353,0.0062584691,0.0067995832,-0.084031434,0.0,0.0015444015,1.3068447166,-0.062877726,-0.0010555803662051,0.0557367201578993,0.0023628141931804,-0.0001625421593725,0.0682962370486177,0.1411279102124107,0.0349106203995794,-0.0196039367255049,0.0919540229885056,0.1348646280153129,0.1678295125539892,0.1653405323482051,0.0967727556387625,0.0519902518277823,0.0264058067745704,0.0238431664512663,0.0791666666666666,0.1490146633043805,0.166500790143687,0.1232595297877197,0.195345899727944,0.4891363553834051,0.2983484406283807,0.3337489158716393,0.3807519640852976,0.406401829094027,0.4247249565720905,0.4940190661242334,0.71630859375,0.427369764473837,0.3066914498141264,0.2967061923583662,0.3224228743416102,0.2927546892239794,0.1870416827479737,0.2040615999969857,0.2501269560955719,0.2493652889204833,0.3944460187021821,0.162422639013559,0.4033536759253977,0.4545400803972572,0.4168490153172868,0.5299713014568275,0.256896263633851,0.235004768358179,0.1411279102124107,0.1817963496637848
23660.0,0.002512424,0.0431665582,0.1063083929,0.0065243064,0.0090252712,-0.00080604,1.0,0.0006882312,0.5735075971,0.0067100218,-0.0438317949618509,0.0891762375177362,0.0213642211574376,0.0241151632654894,-0.0436070654315554,0.0839816400942756,0.0391030061553392,-0.0819775913988404,-0.036358037850257,-0.0606326700384975,0.0687752850312612,0.027970817089997,0.032117332998055,0.065026178010471,0.1507608431645402,0.1787680020059103,0.1919955465705662,0.2543627058025528,0.278888469759839,0.1510213645397318,0.1450605444711665,0.2934033156383187,0.2223658090426286,0.2208618779516828,0.3477324676185112,0.5274065748388113,0.6407484416539584,0.8340170400757334,1.348689527768156,0.5252306187759848,0.4583646987131231,0.5119667575429891,0.5826655255582354,0.5142739600895536,0.5174934159830877,0.5422290197963995,0.5621256335432345,0.7145266009746134,0.8340170400757334,0.8736299161831076,1.0129632378407796,0.9692157807736794,1.169697731838181,1.4218106779087636,1.1712029031913755,1.2369824599989,1.0567210960012132,0.9067347799596944
82542.0,0.0002647473,0.0244077445,0.0280250433,0.0119363543,0.5158687334,-0.008874123,0.0,-0.000419534,0.0097789871,0.0017480096,-0.0303563572371315,0.1330163218095359,0.0912241614061144,0.045045045045045,0.0143826947416867,-0.0399651530001089,-0.0708263069139966,-0.1145038167938932,-0.1057916624404098,-0.0816666666666666,-0.1369554576603036,-0.2300436681222707,-0.2434566206127177,-0.1408244810447325,-0.1683018867924528,-0.2556568726781493,-0.2425466105335509,-0.1812778603268946,-0.120510774142059,-0.1272151272151273,-0.1679093912222746,-0.0735603194619588,-0.0758909853249476,-0.0964435789689454,-0.1233094669848846,-0.1399024390243902,-0.1153035624686403,-0.064714619138553,0.0713330902904361,-0.0070953936254083,-0.0414265521365663,-0.2559081701553005,-0.2506587335316618,-0.2474605206999574,-0.1940762409726666,-0.1203352624226701,-0.1488704383085538,-0.1809736157562245,-0.1330514308191562,-0.0588235294117647,-0.0473308839420791,-0.0868979803210772,-0.1255703233485419,-0.1188405797101449,-0.2175379426644182,-0.1824925816023739,-0.2662505201831044,-0.2887454618797903
30680.0,0.0020581326,0.0472876952,0.0918637134,0.0790835601,0.1078391997,0.0065762016,0.0,-0.003455937,0.4366520471,0.0283937473,0.0224634023220595,0.2238670694864046,0.01963251950667,-0.0119512195121951,-0.0266698702546852,0.0508430609597925,0.2114234449760765,0.1162854780931386,0.3110032362459547,0.2588564325668117,0.3299409061063689,0.2418761496014716,0.2350609756097561,0.3186848958333332,0.2872577057515093,0.3863791923340178,0.3135538261997406,0.6107355864811133,1.0573895378364648,0.9722492697176242,1.0346559517830234,0.9617433414043584,1.0275275275275275,0.9410637278390032,0.9588974854932302,0.9857843137254902,1.3607226107226107,1.541405269761606,1.565547815072831,1.2185104052573927,0.9712895377128952,0.8190390660080826,0.8965355805243445,1.0957061562338335,1.3308400460299197,1.585194639438417,1.3135351227869787,1.2694677871148454,2.034456928838951,1.3429728166570274,1.3717798594847777,1.4477341389728091,1.321489971346705,1.5287141073657926,1.1022314478463937,1.1253934942287516,0.9741715399610136,0.8754629629629627
56274.0,-0.002453427,-0.003454408,-0.008819145,0.0152335526,0.0030333716,-0.106343024,0.0,0.0017452007,0.945999931,-0.031023682,0.0049693072201111,0.004088785046729,0.0453025235633932,-0.0157457772688233,0.0241286863270777,-0.0168716042321989,-0.0109321058688145,0.0067349926793558,0.125368248772504,0.0677018633540371,0.0150575730735165,0.0380434782608696,0.0265750970438938,-0.0549752611324904,-0.0976377952755904,-0.0730655163116743,-0.0856382978723403,0.0132625994694961,-0.0063583815028901,-0.0518477661334803,-0.0596280087527352,-0.0202336848104873,-0.0372444693363203,-0.1037539103232533,-0.0819759679572763,-0.0224623258458913,-0.011784995688416,0.02811004784689,0.1717791411042946,0.2881228924690895,0.0443499392466586,0.004088785046729,0.1908555594042258,0.2709796672828097,0.1205997392438071,0.2122708039492244,0.1908555594042258,0.2963800904977376,0.2842734404183789,0.1169590643274853,0.2393655371304976,0.4711168164313222,0.588724584103512,0.609550561797753,0.0630797773654916,-0.0342696629213482,0.0120694730644688,-0.0644897959183672
31668.0,-0.010319988,-0.007448202,-0.016953452,-0.493072468,0.0080318575,-0.011200295,0.0,-0.044164038,-0.494202294,-0.025692958,-0.0635155096011816,-0.2461355529131985,-0.2971175166297117,-0.5160305343511451,-0.590967741935484,-0.5977157360406091,-0.5516265912305516,-0.6497237569060774,-0.6541189307146753,-0.6755373592630501,-0.6718426501035197,-0.6725206611570248,-0.6995260663507109,-0.7445608380338438,-0.7798611111111111,-0.8217097862767154,-0.8140762463343109,-0.7969250480461243,-0.7660516605166052,-0.7936197916666666,-0.7984742530197075,-0.809380637402285,-0.8109719737626715,-0.7930809399477807,-0.7623688155922039,-0.672182006204757,-0.6157575757575757,-0.366,-0.3182795698924732,-0.3856589147286822,-0.443859649122807,-0.4870550161812298,-0.4794745484400656,-0.526865671641791,-0.4870550161812298,-0.4608843537414966,-0.5233082706766918,-0.5464949928469243,-0.5669398907103825,-0.6477777777777778,-0.5812417437252312,-0.6062111801242236,-0.6022584692597239,-0.6283704572098476,-0.6748717948717948,-0.7412244897959184,-0.7231441048034934,-0.7358333333333333
47511.0,0.0041366931,0.032292577,0.039510477,0.0196954249,0.239912759,-0.010576079,2.0,0.0037682525,0.2475035773,0.0407417463,-0.0283752860411899,0.0494315373208107,0.1696969696969699,0.2307246376811593,0.1494315105576611,0.1304579339723108,0.121500264131009,0.0870455709165385,0.1161934805467928,0.1209081309398099,0.1262599469496019,0.0937660999484801,0.0738492665655032,-0.0134758364312267,0.0128816793893129,0.0241196333815725,-0.0056206088992974,0.0711402623612513,0.1664835164835165,0.1893557422969187,0.2968845448992059,0.3930446194225723,0.2173165137614678,0.1582105837424987,0.2271676300578033,0.1703417861080485,0.192696629213483,0.1407845244492209,0.1304579339723108,0.0562189054726367,0.0177372962607862,-0.0193995381062355,0.0285852713178293,0.0837161817253702,0.0504700643245916,0.0556936847339633,0.0442695523856371,0.0346003898635478,0.1463282937365011,0.05203171456888,0.0226396917148361,0.0014150943396227,0.0700604838709677,0.1028571428571429,0.0870455709165385,0.0965909090909091,0.0381418092909535,-0.0261467889908256
60628.0,-0.000804407,0.0101751285,0.0350856089,0.0225863525,0.0798126442,0.0174171081,1.0,-0.008775675,3.6473100239,-0.051661236,-0.0955853961988931,-0.0701336919353494,-0.0613144536468074,0.060732562104631,-0.0889407493841565,-0.0515589148333108,-0.1425608069633125,-0.1849288901589511,-0.0849068889178278,-0.1049547828302127,-0.0386702101632636,-0.2065565132297038,-0.2469727005903661,-0.2933663826422547,-0.330357993710492,-0.2738451999586648,-0.2578158267210313,-0.1716699410609037,-0.1042321747259285,-0.188005546568061,-0.2643938608553933,-0.1875361313446641,-0.1618559160305344,-0.041075327510917,0.2518409294442356,0.5034231921266581,0.6146599264705883,0.66293287055297,0.7384957941613062,0.4933059431890629,0.4574806415929204,0.3941537336053347,0.3171508903467666,0.3809118302109262,0.4481691661627283,0.329109135615661,0.236204773353662,0.2839393385711675,0.3664117189525537,0.1126886354539935,0.1620638333057715,0.1646961325966851,0.1871937158757832,0.3067005516642904,-0.0794323144104803,-0.0432513388399745,-0.1245067953198552,-0.1358475097356015
37875.0,0.0021518118,0.0100634588,0.0288065461,0.0330925337,0.0132792666,-0.005699307,0.0,0.0003083565,0.8799869096,-0.002820123,0.0102803738317756,0.0772296960637768,-0.0875070343275182,-0.0275862068965517,-0.0183139094899348,-0.0513383062746819,-0.0962797826389856,-0.1992592592592592,-0.1134499726626571,-0.0801304779463906,0.0046468401486987,-0.0401065561639779,0.0037140204271122,0.0196509982707122,-0.0616319444444445,-0.0293325351691109,0.0309966618979495,0.156768325307651,0.2745136569070543,0.2501927525057825,0.2394420026753296,0.4333701657458564,0.4167758846657929,0.346481212372846,0.4305249228054697,0.4542600896860986,0.7240829346092506,0.7629790703995651,1.322234156820623,0.6533265358144278,0.4035922960398181,0.2577079697498545,0.3003207698476342,0.3290983606557378,0.393041237113402,0.5221778925134946,0.356619953984522,0.397844827586207,0.6449404007101192,0.3244843781907289,0.333470394736842,0.2848652931854201,0.3132212998582708,0.5200374970705413,0.3445273631840795,0.4588394062078271,0.2552738532997871,0.1380944025267589
17144.0,0.001459845,0.0263749554,0.0777811504,0.0038933234,0.0191081164,-0.10532883,0.0,0.0015625,1.5896243151,0.0649120165,0.0268752507019653,0.0178926441351887,0.0994989262705798,0.085819312879966,0.1340815121086827,0.1389589203618566,0.1182294700058239,0.1398040961709705,0.2433220009713452,0.2427184466019418,0.2838515546639919,0.3284898806434873,0.3047910295616718,0.2604628261939929,0.2217626471524021,0.2619125862635556,0.2524461839530332,0.3961097982185058,0.3218588640275386,0.3061224489795919,0.2627425189082537,0.2990527740189446,0.245136186770428,0.2009382329945268,0.21384542437174,0.2457420924574209,0.2182741116751267,0.282350976790783,0.4553723706651504,0.5673469387755101,0.4707008808885484,0.4339058999253173,0.4403600900225055,0.5100275265434526,0.3933236574746008,0.4275092936802973,0.4460553568066276,0.4623000761614622,0.5533980582524272,0.4921313386438701,0.4840579710144927,0.6295353278166771,0.7281728172817281,0.9722650231124808,0.8151737177972109,0.7534246575342467,0.7893755824790307,0.6692023473158009
41452.0,-0.00228276,0.0097549371,0.0226124318,0.0155813435,0.0122937807,-0.041180458,1.0,0.000161773,4.8911344755,0.052463701,-0.0759398367546032,-0.2387784003448063,-0.3324153572007128,-0.4236632056157384,-0.3687193627450981,-0.3988914280157534,-0.4094014235895477,-0.494293778377715,-0.485945945945946,-0.4504112024894421,-0.4497507321413002,-0.4831305656590995,-0.4465732575316711,-0.4580483955812731,-0.4126282782212086,-0.414658424569934,-0.4131301623469097,-0.4297509225092252,-0.4938382804503582,-0.4435843197263603,-0.3879400273310547,-0.3479430723658717,-0.3611513021909881,-0.4022338554185352,-0.3432669322709163,-0.3443466270683072,-0.3204155672823219,-0.2474433893352812,-0.141637158925224,-0.2489064854856327,-0.346046019571542,-0.3123643869160902,-0.2341097757403047,-0.174479111543744,-0.2158442217429912,-0.1946452475177673,-0.166239546803345,-0.0532965770732828,-0.0746950078586933,-0.1414583333333333,0.0661434977578474,0.1027562215681028,0.0654084798345397,-0.0575544334162551,-0.1356358805844928,-0.0039477924589108,-0.0555385069166163,0.0393442622950819
20415.0,-0.00068561,0.0034524707,0.0189473042,-0.042015186,0.267544678,0.0165364062,1.0,0.0186974135,1.7700429369,-0.003620332,-0.014737488486337,0.16183924692252,-0.0281647486371895,0.0432379713914174,-0.0231354642313545,-0.0970737197523915,-0.1241812227074234,-0.1729381443298967,-0.1460883448642893,-0.253720930232558,-0.1357392943711284,-0.1317640692640691,-0.0331425128050616,-0.0616959064327484,-0.0012449424214129,-0.012919101814826,0.0661129568106313,0.1050275482093665,0.3743040685224841,0.3044715447154471,0.4117905851297845,0.6447975397232188,0.782777777777778,0.8295324971493732,0.9808641975308644,1.0636655948553058,1.1904436860068262,1.3389212827988342,1.3474762253109,0.628107559614409,0.4829020332717191,0.5016378100140384,0.5354066985645936,0.7188002142474559,0.7440217391304351,0.7215665236051503,0.5044538209095173,0.668746749869995,0.8160724391624221,0.5600388915896939,0.7078233102714213,0.5831277750370008,0.5420470927438734,0.8485023041474657,0.4686498855835241,0.4946436888681884,0.4612932604735884,0.3819982773471146
89155.0,0.002157648,0.0172018614,0.0484754904,0.0020489474,0.0265744533,0.001236195,1.0,-0.001903176,2.9451802129,0.0199195682,-0.0380673900628211,0.0142984463446946,-0.0939847278313649,-0.1724751891520093,-0.1578279999999999,-0.1107887234716501,-0.1559711365003006,-0.1171285070463287,-0.0280761684939411,0.0366469719350075,0.0223015294974509,-0.016384022424667,0.0006796577946768,-0.0433157674119023,-0.0509668695064231,-0.0725999339279814,-0.0550134649910233,-0.0024022743425727,-0.0705529191038516,-0.1187904154023228,-0.5422978260869564,-0.5288548251748251,-0.5688245152148006,-0.5877767988252569,-0.568072622833111,-0.5259374909055723,-0.5201299145299145,-0.4621115499705212,-0.4087116063126873,-0.4181886010362694,-0.4864178558360775,-0.5077033081368265,-0.5010533503793678,-0.4757395418326692,-0.4610099199999999,-0.482377381684081,-0.465999653414517,-0.4565580434922888,-0.4600963165830691,-0.4524595279890774,-0.4368625877632899,-0.3801177682908877,-0.3185759365644469,-0.3932915496001729,-0.4382149289573743,-0.412711256116545,-0.3566791255984067,-0.3238824662813102
53613.0,-0.00295672,0.0228497917,0.0302753597,-0.026372886,0.1407751611,0.129511091,0.0,0.0012382806,0.9038606336,-0.009308513,-0.0861623019721952,0.0226121562952243,-0.2344257854821235,-0.1709928141956298,-0.2742328925407625,-0.3638307449921224,-0.3128722499088366,-0.3931293612453033,-0.3270238095238095,-0.1819102749638205,-0.203578472809242,-0.2329715061058345,-0.2713328177365299,-0.3347846552129913,-0.328143570240076,-0.3432090159172766,-0.3591429543135698,-0.3823882879930077,-0.2777564839657594,-0.2480712955573291,-0.1179591199875176,0.122963845848232,0.2037904599659283,0.2421445836079983,0.1293577065228248,0.0972437888198758,0.1799206846169903,0.180413447483817,0.3440323347598668,0.0755327245053272,0.0647956300621586,0.0511342506507994,0.1898547674173858,0.1888538380651947,0.3192532088681445,0.2487298431632427,0.2593005123635554,0.4648872764965015,0.7335173259736278,0.3440323347598668,0.3677715944834261,0.3828277886497064,0.4790685504971219,0.7815947053261898,0.4660269709543567,0.4986744432661718,0.2498341808534159,0.0763518659558262
54114.0,0.0038336509,0.0057155516,0.018078621,0.1382334184,0.0485227324,-0.018893031,4.0,0.0039739884,2.287211263,-0.111369767,-0.0807040850215875,0.0536733917015608,-0.0834437086092715,-0.1276394579262527,-0.1990740740740741,-0.2880658436213992,-0.2832729155877783,-0.2936973717785148,-0.2704269899841856,-0.28879753340185,-0.2650026553372278,-0.3414227932429218,-0.3585168018539977,-0.4128128977513788,-0.4209205020920502,-0.3330120481927711,-0.3273390036452005,-0.2783209490288097,-0.1918248175182482,-0.1810650887573963,-0.22334455667789,-0.0915654742369543,-0.0822281167108753,0.1615610574905581,0.1813913785744771,0.1723845828038965,0.2024326672458731,0.2280390417036379,0.2468468468468467,-0.191588785046729,-0.283829236739974,-0.3354141656662665,-0.4206781079949769,-0.404731182795699,-0.3994358863093947,-0.3453169347209083,-0.3895015438906044,-0.3807606263982103,-0.2200619892927585,-0.2869654817104585,-0.2131893121091529,-0.2453653217011995,-0.191352614665498,-0.0849586776859504,-0.1825162433549911,-0.159939301972686,-0.2791666666666667,-0.277284595300261
57665.0,0.0033757945,0.0364078272,0.0960670113,0.0026368298,0.289038162,0.0020831646,3.0,-9.3941e-05,3.3206269093,-0.137196699,-0.0737034458753915,0.0415851272015654,-0.1043331931005469,-0.1463512429831596,-0.2089030915576694,-0.2204320761625778,-0.2810833199781644,-0.3613127737445251,-0.3710116183519488,-0.3636797993711398,-0.26702471941059,-0.3538303172374458,-0.364515513373262,-0.3109586827005837,-0.2199179818321865,-0.1973307193485145,-0.1989615471442545,-0.2101943908591779,-0.2031589190807695,-0.2475436488301406,-0.2097253155159613,-0.1135076615589606,-0.1520630874621634,-0.048619179551345,0.0905644913431,0.0856705762366141,0.0798336376546966,0.2210369350768524,0.2865603094029492,0.1909823226672635,0.1053997923156802,0.0507353666962786,0.1386244518130281,0.1887213847012843,0.1334114139693356,0.2597633136094674,0.2373590607927467,0.2680166765932101,0.3799585169821105,0.2120004554252534,0.2641016506353166,0.2416890236789921,0.3000732779677577,0.435797140544915,0.4170660276890308,0.4185767590618336,0.2564919735599622,0.2950121654501216
35107.0,-0.00080002,0.0117041489,0.0139994653,0.0010907337,0.6453656816,-0.005935255,0.0,-0.000581442,1.1906833727,-0.070686899,-0.0565573770491802,-0.0979623824451411,-0.0550082101806239,-0.0162393162393161,-0.1180076628352491,-0.1701514059120403,-0.1492978566149297,-0.128030303030303,-0.1077519379844961,-0.1207028265851795,-0.158625730994152,-0.210562414266118,-0.2275167785234899,-0.2275167785234899,-0.2535667963683528,-0.1467753891771682,-0.1293494704992436,-0.1713462922966163,-0.1332831325301204,-0.1416853094705443,-0.0958366064414768,0.0868744098205853,0.054029304029304,0.0378719567177636,0.0677179962894249,0.0332136445242368,-0.0511129431162408,-0.135236664162284,-0.0865079365079365,-0.1725377426312005,-0.2559793148028443,-0.2925629993853719,-0.2942979767014101,-0.3225426721600941,-0.3445330296127562,-0.3189349112426035,-0.3672347443650358,-0.3103654883163571,-0.2295850066934404,-0.3003039513677811,-0.2668789808917197,-0.3381253594019552,-0.4947322212467077,-0.3630326508024349,-0.3537338573834924,-0.3482446206115516,-0.409440738840431,-0.461646398503274
61621.0,0.0002668859,0.0393556958,0.1229093738,0.0027737872,0.1413668789,-0.000597709,1.0,0.0004864602,0.7291010144,-0.004478008,-0.0385095104458995,0.0831650127338192,-0.0039570378745052,-0.0267497830032352,-0.0962116216018171,0.0359482613808164,0.0473845108695651,-0.0964102564102563,0.034731543624161,0.0004866969500325,0.0968430413517118,0.0774875513234909,0.0836408364083642,0.1494874184529357,0.2194977259244612,0.2651554005539029,0.2583146296674148,0.3543428132205997,0.4125057260650482,0.3236746082850397,0.3241009125067096,0.4995744680851064,0.546195311520622,0.6129200993853801,0.7149610678531702,0.6282508250825083,0.7064194798007748,0.8000583771161707,0.9602670057215512,0.5918946824987092,0.4380319459018305,0.4500352692217257,0.4321876451463073,0.4746532759445241,0.4901534372357135,0.5096695226438188,0.4851294400963275,0.4988455462389112,0.4376967012472315,0.462934408729688,0.5379052369077306,0.6014022331861855,0.742090395480226,0.8931696085955487,0.7430751837196155,0.883340968086731,0.6746775288526816,0.6838225255972696
64742.0,0.0109919182,0.0483160869,0.0519527719,0.024357138,0.2700167919,-0.039621855,1.0,0.0151161336,-0.032038066,0.0936676417,-0.0227272727272727,-0.0208728652751422,-0.0867256637168142,-0.0124401913875596,-0.1414309484193011,-0.1291139240506328,-0.1950078003120124,-0.2931506849315068,-0.2912087912087912,-0.3422562141491395,-0.2246431254695717,-0.3096989966555183,-0.3324708926261319,-0.2532561505065123,-0.2701555869872701,-0.324165029469548,-0.2309985096870342,-0.1224489795918366,-0.0328022492970946,-0.0810329474621549,0.0817610062893083,0.1727272727272726,0.1453940066592676,0.0573770491803278,0.142857142857143,0.1229597388465724,0.0157480314960629,0.0048685491723468,-0.0744394618834081,-0.1657235246564268,-0.2055427251732101,-0.1803018268467037,-0.1690821256038647,-0.0769230769230768,0.0038910505836575,-0.048847926267281,-0.0505979760809566,-0.0264150943396226,0.0955414012738853,0.0268656716417909,0.0466531440162272,0.0177514792899406,0.0147492625368732,0.0392749244712991,-0.0171428571428571,0.0227948463825571,-0.1064935064935065,-0.0826666666666666
65307.0,0.0014864899,0.0251968408,0.0852555123,0.0234391964,0.0290422385,-0.040636376,0.0,0.0016101331,1.2529870382,0.0926163755,0.0305309734513272,0.1834349593495934,0.0574347332576616,0.1237635705669479,0.1439096267190569,0.1015726617003667,0.051348606252116,-0.0776237623762376,0.0232864674868189,0.0683486238532109,0.1997424339987119,0.1320938145582695,0.0758748123339876,0.0505187189896254,-0.0039559499625788,-0.0177140447068747,0.0142623843222646,0.1697639377197388,0.129622893173275,0.0262172284644193,0.058516077718441,0.1002716428487067,0.1245774987928536,0.0989736935236522,0.1418065939453363,0.241140420996536,0.2457876437550146,0.4028007830146063,0.5657142857142856,0.4531274372172826,0.3053103544906823,0.2136529442417925,0.2635290926352909,0.286207372635648,0.3538729835779681,0.3766809516772571,0.3734335839598997,0.524464081165112,0.7406576980568009,0.5360263808738663,0.6050999310820124,0.6098151028166581,0.6298110566829951,0.5848928206873085,0.4125852918877937,0.522968775543567,0.4345549738219896,0.3801481481481481
66852.0,0.0121156511,0.0351686974,0.0465523714,0.061401541,0.1899555404,0.0096952106,0.0,0.0129390018,3.9620799512,0.2562654591,0.038387715930902,0.1070941336971351,0.1617752326413744,0.3547579298831385,0.304662379421222,0.3801020408163267,0.2779527559055119,0.2004437869822486,0.4767970882620564,0.4876260311640696,0.6749226006191951,0.8338983050847459,1.0914948453608249,0.9530685920577616,0.8982456140350876,1.132720105124836,1.5478806907378335,1.5885167464114835,1.5438871473354232,2.445859872611465,2.55921052631579,2.845971563981043,2.892086330935252,2.5748898678414096,2.748267898383372,3.012360939431397,2.8642857142857143,3.0575,3.2375979112271542,2.6308724832214767,2.079696394686908,1.882770870337478,1.8685047720042416,1.812824956672444,1.7982758620689658,1.779109589041096,1.8624338624338623,1.8982142857142856,2.19488188976378,1.7743589743589747,1.393805309734513,1.178523489932886,1.2021709633649933,0.8676639815880325,1.2604456824512535,1.1243455497382202,0.8506271379703536,0.79734219269103
46922.0,0.0009245386,-0.038748397,39.552292264,-0.521683499,0.0055942752,0.0026760903,0.0,-0.011142061,1.2727701988,-0.230320403,-0.1275820170109356,0.0652818991097923,0.2890484739676839,0.1271585557299841,-0.1794285714285715,-0.2161572052401746,-0.3232799245994344,-0.5112321307011573,-0.4172077922077922,-0.4716703458425313,-0.4943661971830986,-0.5952649379932355,-0.5276315789473685,-0.5595092024539878,-0.6070060207991242,-0.5901826484018264,-0.6490713587487782,-0.6332992849846782,-0.7268923545074173,-0.5464308275426406,-0.456060606060606,-0.2144420131291029,-0.2434141201264489,-0.4485407066052227,-0.5263852242744064,-0.5791324736225087,-0.4531607006854532,-0.4989532449406839,-0.5213333333333334,-0.4728340675477239,-0.399163179916318,-0.5358758888170654,-0.2075055187637969,-0.2195652173913043,0.033093525179856,0.111455108359133,0.0301291248206598,-0.1036204744069912,-0.0626631853785901,-0.2161572052401746,10.307086614173228,8.702702702702702,7.9381302128719025,9.13694762106452,5.468468468468467,4.983333333333333,4.609375,4.240875912408758
77354.0,-0.001869838,-0.023443941,-0.037387017,0.0019626047,0.1240875912,-0.012834094,0.0,-0.013484994,1.4612026101,-0.22353968,-0.0246441470150839,0.2763413956074505,0.2232880362376763,0.2458616010854815,0.1397715988083414,0.0910171102661596,0.1192101413944415,0.1488988988988988,0.2197130712008501,0.2685824813484387,0.287798036465638,0.3811672683513836,0.3659625111573936,0.2116653470572709,0.3631235154394299,0.5136828222881635,0.524742610428429,0.594097222222222,0.7815289095847884,0.8363999999999998,0.9354974704890386,1.3233805668016192,1.187232015245355,1.0404444444444445,0.9185123276222312,0.5334001336005343,0.5615646258503402,0.5792913656690746,0.8010984699882306,0.4306637581801182,0.3933232169954475,0.1940182054616384,0.2364664691624021,0.1924675324675324,0.2158368644067796,0.3090960935272311,0.343576236464735,0.3811672683513836,0.387428226050166,0.1512036108324972,0.1546780684104627,0.0850862680217441,0.1012233149436314,0.1403378042722305,-0.00649210127678,0.0583218072844626,-0.0167059327479117,0.0920551855375833
74500.0,0.0147071813,0.0203252033,0.0342252645,0.18622567,0.3168554894,-0.000712441,2.0,-0.330043514,-0.379332884,0.0170576256,-0.0681564245810055,0.119463087248322,0.1134846461949266,-0.0336037079953651,-0.1099252934898612,-0.1211801896733404,-0.4159663865546218,-0.0835164835164834,-0.0402761795166858,-0.2102272727272728,-0.1357512953367876,-0.1643286573146293,-0.1032258064516129,-0.1312499999999999,0.0283346896500702,-0.1070663811563169,-0.0402872233921358,-0.155015197568389,-0.0173900749328432,0.1914285714285715,0.1503606946302706,0.3694581280788178,0.606317411402157,0.6746987951807226,0.709016393442623,0.7557894736842106,1.4841390403002412,1.4529411764705884,1.6693979451397114,1.4104046242774566,1.1554286305016412,1.3244147157190636,1.6061685572325866,1.319888734353268,1.6062499999999995,0.944055944055944,0.8410596026490065,0.7566770578818771,0.7195167209599604,0.7061146001677474,0.5825426944971539,0.5735849056603775,0.4280821917808219,0.7935483870967741,0.5027027027027027,0.4892857142857143,0.1746478873239436,0.1119999999999998
74740.0,0.0047344541,0.0203579918,0.023164952,0.0500072781,0.4609906118,0.0659420434,0.0,0.0229982995,0.093985475,0.0721282163,0.1881996268656716,0.1726121979286536,0.0956989247311825,0.1247240618101543,0.0292929292929291,0.0189999999999999,-0.0359325625839657,-0.0671231873443679,-0.0694063926940639,-0.1472803347280334,-0.0946246112838739,-0.1564569536423841,-0.1564569536423841,-0.1393581081081081,-0.140084388185654,-0.1630390143737167,-0.1014109347442681,-0.0794941282746161,-0.0220729366602687,-0.0267430754536772,-0.0332068311195445,0.0778620463512411,0.0726315789473683,0.0898395721925133,0.0129224652087474,0.0195097548774387,-0.072793448589627,-0.052093023255814,0.2053465814998816,-0.0926817975407136,-0.1715447154471545,-0.0304471931493816,-0.0458801498127341,-0.0440900562851782,-0.0058536585365853,-0.0582255083179298,-0.052093023255814,-0.0485527544351075,-0.0805240742077528,-0.129803586678053,-0.1633825944170771,-0.2016859390178935,-0.225036124420108,-0.163410068634856,-0.1681632653061224,-0.1376319152357337,-0.1092657342657342,-0.1315094178811898
65306.0,-0.001137306,0.0108597724,0.0137504458,0.0151990477,0.1550260876,0.0278680812,2.0,0.0003328525,0.2295149577,-0.017315947,-0.0797897289295012,0.0469276365970283,0.1029123225648556,0.0461984329657572,-0.0218146841762536,-0.0054621241379311,-0.0517123993897628,-0.1432509573788478,-0.0594312579927607,-0.0894120989385686,-0.1521964537672844,-0.2130790495010673,-0.1722459934793591,-0.2317593334469826,-0.186845912434406,-0.1959499085597038,-0.1942247465815232,-0.2560155291599129,-0.1529135808270677,-0.1484718692427606,-0.0249892362613587,0.1004211586594223,-0.0481069335163966,-0.0641678434222823,-0.0333548369798369,0.0073204246996367,0.0025583426028918,0.072019034910439,0.1930636706598714,-0.0298692750659276,-0.1160692451365295,-0.1075354490543618,-0.1260121696969697,-0.1024696773551085,-0.0761583128331284,-0.0798836710734521,-0.0843704475034287,-0.0440686193949929,0.1352814586219926,0.1399480806931006,0.1743321824104233,0.2533721142141485,0.302174405993961,0.2599425274381401,0.1674113723204455,0.207367649028801,0.0380650756156104,-0.0266739200863931
81294.0,0.0012505724,0.0344563214,0.075736699,0.0059002213,0.0871366237,-0.018092102,1.0,-0.00089871,2.8842293631,-0.125632755,0.0664712183571065,-0.0605880015891935,0.0019599026410246,0.028155234264594,0.0323636959013262,-0.107272641464911,-0.1489246445120419,-0.2267822105951602,-0.1568531688498698,-0.1666960352422908,-0.1828235700708484,-0.2106163668989692,-0.2215317823148368,-0.2619298738955919,-0.2272875816993464,-0.2395272477475578,-0.3821934607810262,-0.3932317562149158,-0.3786012286061562,-0.2880156311357885,-0.2561833982147773,-0.2227791930314734,-0.0007923511700386,-0.0744691261375868,-0.0375985754261003,-0.0460917801311145,-0.014021422255855,0.0853798485196235,-0.0582026856757438,0.0966432200914126,0.0125253713453927,-0.0256515916349026,-0.0204546631453577,0.0093917294232512,0.0306200844840407,0.0376302797586394,0.0418594404053755,0.1893863926928065,0.2100044777074137,0.1242793462109954,0.1163833805476866,0.0569369168016986,0.0407702888583219,0.0321947523843038,0.082894497532316,0.1321522623892745,0.0991283498472777,0.0659904198365737
19502.0,-0.010100265,-0.004473959,-0.015807717,-0.05980687,0.0283831166,0.0046999396,0.0,0.000855676,0.8812666573,0.0208078204,-0.1150933871781927,-0.0749340369393138,-0.2000912616929043,-0.1731132075471697,-0.2168863077953987,-0.2393143848991104,-0.2954180064308681,-0.3278374233128833,-0.2174107142857142,-0.2543598468736707,-0.2548352816153028,-0.3091625615763547,-0.2564156945917284,-0.3335867705759361,-0.3342195214584124,-0.3397363465160075,-0.3613843351548269,-0.2685165866889213,-0.3022885572139303,-0.1208625877632898,-0.0776111549592211,0.0299647473560518,-0.0239420935412026,-0.0778537611783272,-0.1387865389339228,-0.1729181410710072,-0.1835118770377269,-0.19011319011319,-0.2336612021857923,-0.2338286713286712,-0.3105211406096362,-0.405359565807327,-0.411744966442953,-0.3599853961299744,-0.3661182426324353,-0.3151006055870287,-0.3565791888419893,-0.3586976403877812,-0.2894203486015403,-0.3455292141123762,-0.4458669195511301,-0.5075151004354543,-0.5148076390810961,-0.4869018000878091,-0.585921814101807,-0.5604863983953867,-0.5190672153635116,-0.4886231038506418
51086.0,0.0009735441,0.0340356157,0.0653608579,0.0819473309,0.1167612946,0.0012324502,0.0,0.0001736714,1.0177625248,-0.06350408,-0.0462150074540334,0.1857495881383855,0.1644084934277045,0.082737871380218,0.0657042383860817,-0.101295458092711,-0.1075635461872287,-0.2314468766684464,-0.2027139296593741,-0.1493573644556064,-0.2052449965493444,-0.1729388106865843,-0.1988312230416029,-0.1527369040612124,-0.2214710654407787,-0.2797998749218262,-0.2493807847738234,-0.1727011494252873,-0.1662322618013322,-0.0393727060393727,0.0878518798412997,0.2264110756123534,0.1143797174375846,0.0666913671730271,-0.0468465485846714,-0.1356949864905434,0.058455882352941,0.2977236871760198,1.070478245235527,0.1096550395066486,0.0514974433893353,0.0868252170630425,0.2114454029034294,0.1978364884543373,0.5014341590612776,0.798251093066833,0.4287841191066999,0.4897800776196637,0.7915370255133789,0.6279332767882386,0.8484751203852328,0.7646337726018999,1.0132867132867132,1.378356051218505,1.3004394726328403,1.0892597968069668,0.7369532428355958,0.5583220568335587
83601.0,-0.005821146,0.0175903364,0.0432766594,0.120374286,0.0101899011,-0.042788961,0.0,-0.00254952,1.760544468,-0.218373256,-0.0042960359304823,0.1562358276643991,0.0932675814751287,0.0718940508723986,-0.0081696168060687,-0.1057523675903192,-0.0588778146917681,-0.0671423344310281,0.0627344726969572,-0.0613033873343151,-0.0324478178368121,-0.1201035375323554,-0.2029076129435673,-0.1665576985943118,-0.2317312038571644,-0.2186638063132087,-0.2399761514383663,-0.201909532008139,-0.0257928926251432,-0.0068172964550058,-0.0141144624903325,0.0361715098557204,0.2503678273663561,0.2277871418251866,0.3626402993051845,0.3670241286863271,0.704211229946524,0.9285173978819968,0.9424761904761904,0.6034591194968553,0.3863512778684068,0.2088667614983406,0.3313315926892952,0.3852214072262971,0.4144244105409156,0.4694524495677232,0.2677772252610642,0.2665176353700944,0.4935559461042764,0.2706204834288561,0.3662915326902465,0.2971254133808192,0.3514444738934537,0.4635476463834671,0.2310478029937228,0.2175262655205347,0.1759686346863469,0.0946758265349936
10044.0,0.0243635568,-0.114651535,-0.162331977,-0.033007457,0.2058666667,0.108945157,0.0,-0.080805536,-0.450786997,0.001085571,-0.0147928994082839,-0.0333817126269956,-0.0133333333333333,0.0075642965204236,-0.1178807947019867,-0.151592356687898,-0.1582406471183013,-0.151592356687898,-0.216470588235294,-0.2353616532721011,-0.0999999999999999,-0.1601513240857502,-0.2061978545887962,-0.1271297509829619,0.0638977635782749,0.1008264462809918,0.2637571157495257,0.2589792060491493,0.534562211981567,0.6444444444444446,0.5597189695550353,1.4850746268656714,1.4850746268656714,1.0429447852760738,1.0060240963855422,0.5670588235294118,0.5524475524475525,0.4637362637362638,0.3875000000000002,-0.1305483028720626,-0.1995192307692307,-0.2784398699891658,-0.2388571428571428,-0.26,-0.2838709677419355,-0.2854077253218884,-0.26,-0.2071428571428571,-0.3026178010471204,-0.323170731707317,-0.261640798226164,-0.2974683544303798,-0.2255813953488371,-0.2183282082580221,-0.1828220858895706,-0.1902834008097165,-0.3502439024390243,-0.3470588235294117
10104.0,-0.000943673,0.0141632433,-0.248874598,0.0085889337,0.086103032,-0.243356584,0.0,-0.000539447,2.5774906199,0.0187992733,-0.0474049331963001,0.0612566194360957,0.0310066740823138,0.0102179836512261,-0.1037108666747249,-0.0239568250625246,-0.0863725973385903,-0.1497534686389174,-0.182830063918889,-0.2271211173650197,-0.1489727992654652,-0.1680691125322562,-0.1490704613266008,-0.0474049331963001,-0.058293116586233,-0.0216387386198707,0.0567193957531708,0.1494341962486436,0.2270395498924375,0.1462358942649559,0.2846500346500347,0.3215113170557835,0.2420435510887773,0.2958755679832228,0.3372407574391343,0.3415958024244618,0.37902175934536,0.399848971115726,0.5342437409476517,0.4991912656692276,0.4137273593898951,0.3995847489618727,0.3208051300320627,0.3608001468159296,0.3474468471742686,0.4243180945063389,0.3170515097690942,0.3015622257328421,0.4654150197628459,0.340140972347732,0.3805622789052318,0.4224055246499136,0.4762094365916784,0.6423034330011077,0.5207136997538968,0.5182227682227682,0.4381303335919317,0.5263482914779747
75510.0,0.0043604651,0.0431512573,0.0812298892,0.0028555622,0.2155249776,0.0009390182,0.0,0.0001874464,5.6961221754,-0.190587303,-0.0894372378815956,0.0201606294050156,-0.1033423188786419,-0.0568506362709777,-0.1803696062508231,-0.2015052856975984,-0.3010668033139959,-0.3414453496984445,-0.4425020360529084,-0.4257949355094861,-0.3513513175511351,-0.4373361543267116,-0.3992567926258386,-0.362338648959452,-0.2598993075409114,-0.2653735688712278,-0.2144224498811452,-0.1875911156353228,-0.1859973229722371,-0.2532992081900344,-0.2195121951219513,-0.1647506337564162,-0.2385457504342261,-0.2725997921151601,-0.1595246858227249,-0.1421285980106131,-0.0340403767708128,0.0559891116392627,0.1734540338566501,0.0820584144645339,0.0635074026454576,0.1322882871956581,0.2064743320518205,0.3436477294155986,0.3518190045248868,0.3125724469237478,0.2495483252877042,0.2674020453895145,0.3785161084723554,0.2910630942091616,0.4013284326364379,0.4226285714285713,0.5069001086716121,0.65063641926112,0.4884610785603254,0.5195313118298874,0.3833672389936196,0.4171757649737859
70092.0,0.0081301562,0.0388068839,0.0775841349,0.1540766048,0.0293075391,0.0002545114,2.0,0.0076788831,1.6185542688,-0.093849314,-0.1222426470588236,0.0066760365425158,-0.1693244418672079,-0.1165587419056429,-0.1151945645460161,-0.257964257964258,-0.3218934911242603,-0.3594902749832327,-0.2835708927231808,-0.286425902864259,-0.2638746145940391,-0.3341854520102254,-0.3249293119698397,-0.2964145383104125,-0.3879512924588764,-0.4059713871034626,-0.3842682140554482,-0.2904903417533433,-0.3119596541786744,-0.1452863961813844,-0.1860795454545455,-0.1116279069767441,-0.2537119041417036,-0.1988255033557047,-0.1483353151010702,-0.0661668839634941,-0.1339177750906892,0.0918445121951219,0.5828729281767955,-0.1208959803620743,-0.237017310252996,-0.1639918295885615,-0.1714864083285135,-0.197254132810311,-0.1573529411764705,0.0199359202563189,0.0905976398934145,0.1134862028760201,0.1400716275368085,0.1057506754148975,0.1853537443111292,0.2560280578693554,0.3381597384399812,0.4999999999999998,0.3571766935101848,0.4346519779669504,0.1982434127979924,0.1529175050301809
75033.0,-0.000918062,-0.018880164,-0.027427491,-0.075422743,0.0079111667,-0.009611931,0.0,-0.022821577,2.6572622476,-0.087988304,0.0190274841437632,0.0354457572502684,0.1503579952267302,0.2734478203434611,-0.033099297893681,-0.1015843429636532,-0.1276018099547511,-0.0521140609636183,-0.0631681243926141,-0.147656940760389,-0.1580786026200872,-0.0792741165234002,-0.1558669001751312,-0.3119200571020699,-0.3590425531914892,-0.4346041055718475,-0.4942287513116473,-0.5349734684032803,-0.4839400428265524,-0.244514106583072,-0.2509712509712508,-0.1491615180935569,0.2535760728218466,0.5350318471337581,0.4785276073619633,0.6678200692041523,1.0209643605870022,1.0337552742616034,2.382456140350877,1.5983827493261455,1.2418604651162792,1.2009132420091326,1.077586206896552,0.9876288659793816,1.051063829787234,1.190909090909091,1.0554371002132197,1.3173076923076923,1.700280112044818,1.2110091743119265,1.0865800865800868,0.9280000000000002,0.8502879078694818,1.4343434343434347,0.920318725099602,0.8901960784313727,0.8538461538461539,0.7851851851851852
89728.0,0.0006166611,-0.01451272,-0.093099274,0.3156973806,0.13629447,-0.330015875,4.0,-0.05179704,0.7243920656,-0.32044331,0.0354523227383865,0.0721518987341771,-0.3413685847589424,-0.4635845471817605,-0.5363984674329502,-0.5487480021310602,-0.5401737242128122,-0.5419145484045429,-0.4768375540457072,-0.5868292682926829,-0.6286716352476983,-0.6146496815286624,-0.5747991967871486,-0.6360120326600773,-0.6657458563535912,-0.6457549142618151,-0.6220437304774654,-0.6245567375886525,-0.4706249999999999,-0.548025613660619,-0.5206564799094511,-0.2822033898305084,-0.3444272445820433,-0.3941344778254649,-0.24644128113879,-0.3267090620031796,-0.3739837398373983,-0.391522988505747,-0.2900251466890192,-0.7338988375746152,-0.7939172749391727,-0.8241279069767442,-0.8010803193987788,-0.7916871618298081,-0.7986688851913477,-0.8019176800748362,-0.815267175572519,-0.81290037552463,-0.8310729956122855,-0.8432062199185487,-0.8299538245332263,-0.8509327701513552,-0.8510900140646976,-0.8261851015801354,-0.8573833978784307,-0.8474148802017654,-0.86572606214331,-0.8609652002626396
86218.0,0.0052558257,0.0107233503,0.0268296555,-0.001188725,0.0266996449,0.04374102,0.0,-0.004933211,-0.632246124,-0.005728555,-0.0514243433222345,-0.1296673455532926,-0.0939929328621907,-0.1390194761584956,-0.1739690721649484,-0.1447631754503001,-0.1398859443139885,-0.1549110085695451,-0.1149464963755608,-0.1109570041608876,-0.1170798898071624,-0.1278911564625849,-0.1213159698423577,-0.1134163208852006,-0.1421880227500837,-0.1137227791220186,-0.0221205186880243,0.4727168294083861,0.4967892586106248,0.4601366742596813,0.4744105807935594,0.553939393939394,0.4049315068493151,0.3718566078116638,0.4018589393110989,0.5672371638141811,0.5189573459715642,0.5701163502755666,0.5827160493827162,0.4778097982708933,0.3128520225294418,0.2636766880236569,0.2332852332852333,0.2544031311154597,0.3041709053916581,0.3487638085218305,0.3094994892747702,0.2580961727183515,0.2624322993599213,0.2661728395061729,0.2303262955854126,0.2422480620155038,0.2611903590752584,0.4173576561636263,0.3602122015915119,0.3755364806866952,0.3155464340687532,0.2711948438274665
12211.0,0.0058350401,0.0251841509,0.0470861675,0.0207570307,0.1639449914,-0.011913571,0.0,0.0016837116,1.0357285605,-0.013900752,0.0415691711113814,0.2073482000189581,0.2726984126984129,0.186533569110882,0.0213362856720138,0.2221628517519356,0.2701782178217822,0.0550000000000001,0.1019791094007696,0.1008443742706117,0.0564596519177584,-0.0266464339908951,-0.0020536436617087,-0.0297676669893512,-0.025936949523173,-0.0326939317167329,-0.0375705197455287,0.0006864274570983,0.1468211399556604,0.2483262300851447,0.384562251769988,0.5228869895536563,0.6586677699627639,0.6047233063144202,0.6537073321645872,0.7390738531612626,0.7074105621805793,0.7817777777777779,0.7510373443983405,0.6193072806220339,0.6031190642807158,0.670590686529847,0.7774329416980716,0.6985488825336301,0.7270866989768445,0.8169046000453206,0.7579478184608641,0.950614280501156,1.0201562106324014,0.8865882352941179,0.6567827254881704,0.7341840596950364,0.8672566371681418,0.6660779220779223,0.5852115460656389,0.6770550094122569,0.59976057462091,0.6744283178448367
75976.0,-0.003433086,0.0052460951,0.0058701292,0.0017942917,0.3557491521,0.0468617617,0.0,-0.002870813,-0.526423599,-0.025636517,-0.0964115866839602,-0.1324200913242009,-0.2101284958427816,-0.2083333333333333,-0.3223086900129702,-0.4145658263305323,-0.4269262407458185,-0.5397489539748954,-0.4791926239720907,-0.5060269439848737,-0.5187658300713793,-0.5226130653266332,-0.5202020202020203,-0.5460469157254562,-0.7735889936084932,-0.782314342256015,-0.7648779390257622,-0.744873046875,-0.7415605292444665,-0.7364438839848676,-0.7184047426569657,-0.7003154574132492,-0.7329073482428115,-0.7257217847769029,-0.7277582388954018,-0.7306701030927836,-0.7065431058691378,-0.6660808435852372,-0.6880131362889983,-0.6559670781893004,-0.6893117288538724,-0.6797425681887834,-0.6860447649091181,-0.6787580694743314,-0.693143444428131,-0.7036301758366421,-0.7072829131652661,-0.6635002415070037,-0.6291038154392192,-0.6554566435872073,-0.6358250566300749,-0.6626856036152357,-0.6568707929732391,-0.6333333333333333,-0.677767499229109,-0.6557971014492754,-0.7078149028379701,-0.7763270547945206
77488.0,0.0010891342,0.0076069731,0.0099351456,0.0435747682,0.0619532682,0.0058785726,0.0,-0.004245275,-0.3983576,-0.049935719,0.0450576752440106,0.2596577540106952,0.0179602420051856,0.0179602420051856,-0.0201497504159734,-0.079859375,-0.0501774193548387,-0.2302091503267974,-0.2200132450331126,-0.2276852459016394,-0.2251447368421052,-0.2934733053389323,-0.3694967880085653,-0.3192023121387284,-0.2853276699029127,-0.2425852090032155,-0.2251447368421052,-0.2734238124614436,-0.1077424242424243,0.1153219696969696,0.2583119658119657,0.4590208612060849,0.4190120481927708,0.4173044524669071,0.3647508690614134,0.4759147869674183,0.5896826789401934,0.5138560411311053,0.5915945945945944,0.0277312390924955,-0.1850344937343879,-0.1623186344238977,-0.0274318744838976,-0.0562660256410257,-0.0397227884223401,0.0755981735159816,0.0422831858407077,-0.5182903885480572,-0.5284164164164165,-0.5552190332326284,-0.5597084112149533,-0.6212926045016078,-0.6138426229508197,-0.6019668807029401,-0.6471599760335531,-0.6359258114374035,-0.6605821325648416,-0.676434065934066
89965.0,-0.000538703,-0.090317846,-0.289695445,0.0,0.7919990875,-24.96666667,0.0,-0.002934279,0.1876825321,0.0162770376,-0.0922131147540984,-0.079002079002079,-0.2075134168157424,-0.2877813504823151,-0.4269081500646831,-0.3653295128939828,-0.3287878787878787,-0.3542274052478135,-0.3437037037037037,-0.3939808481532147,-0.3561046511627908,-0.3872752420470263,-0.4335038363171356,-0.4469413233458177,-0.5682261208576997,-0.5072302558398221,-0.4942922374429224,-0.4694610778443113,-0.5142543859649122,-0.5418821096173734,-0.5552208835341366,-0.5723938223938224,-0.6274179983179142,-0.5816808309726157,-0.5142543859649122,-0.5174291938997821,-0.5366108786610879,-0.6041108132260947,-0.3997289972899729,-0.4448621553884713,-0.5142543859649122,-0.5055803571428572,-0.3635057471264368,-0.3914835164835165,-0.2701812191103789,-0.4045698924731183,-0.2820097244732578,-0.2504230118443317,0.0938271604938272,0.1074999999999999,0.0623501199040767,0.1158690176322416,0.1388174807197941,0.1215189873417721,0.20708446866485,0.0992555831265507,0.1940700808625335,0.20708446866485
76605.0,0.0020415813,0.0557859147,-0.239146146,0.0107290755,0.020566096,0.0515430353,2.0,0.0009909353,1.3294731795,-0.005619892,-0.0085056685656914,-0.0139173979721524,0.0289175650677331,0.0837343413665412,0.0365013848614657,0.1372873894499413,0.0668864909697335,0.0108854131136837,0.166278689491288,0.1873389186818805,0.2480697604112496,0.3679823985026318,0.3052778908601998,0.4201726304467028,0.5066187900841574,0.4474291451520369,0.509086295339803,0.8270310770732094,0.8949095201051533,0.7876991389373975,0.8627960468897105,0.8771014522330147,0.799539708233928,0.7714554368956825,0.7551555298022055,0.8785323901712587,0.8462268730178497,1.0770051936940843,1.504976312056738,1.0524836945648597,1.0031097963291544,0.7788903419484261,0.7991118989706638,0.8518411366853667,0.9538732090501744,0.9235992660512088,0.8870297447275344,0.9274832581375552,1.0632746060623948,1.0608667000690437,1.0692984806467996,1.256951795806633,1.5010148051190266,1.527864451373031,1.6193159229817455,1.8892934226059728,1.731996819234281,1.7634179532651784
76752.0,-0.002074502,0.0160913108,0.0585710984,0.0018361979,0.1670246871,0.0342649546,0.0,0.0006233119,0.8714763553,0.0067529548,0.0249148211243612,0.0624724061810155,-0.0037259366590768,0.0031263026260943,0.0220853684434061,0.0918784029038113,0.057569764886838,-0.0029003521856225,-0.0066047471620227,-0.0638008169616805,-0.0215490953445821,0.0337199312714777,0.05571397236236,0.0406486486486488,0.079874354947274,0.1023820430600093,0.0923740354062641,0.1314057357780913,0.1978596316575411,0.0650586412923215,0.2002493765586035,0.3233434149023921,0.3121592148309706,0.2702560042227502,0.3806655192197361,0.2420645161290322,0.1913366336633664,0.1764849670007335,0.5040625000000001,0.2906945561812819,0.0664746288499888,0.1583634175691939,0.1456796000952156,0.2068706118355066,0.264582238570678,0.2739544732662784,0.1118041118041119,0.1033929390187988,0.175048828125,0.0552510414382811,0.0847419427541131,0.3085916258836325,0.3284570797681481,0.3561566638489715,0.3688850967007966,0.4975108898568763,0.3638424482856335,0.1759100903982409
77637.0,0.0025795701,0.0244224943,0.0744269207,0.0149638716,0.2335166213,0.0370141443,0.0,0.0023123818,0.1646612912,0.0015390427,-0.0909612077202369,0.0300996102208748,0.2417123466457842,0.1871724482156227,0.051968155683326,0.0318872017353579,0.0162358470412304,0.026100086281277,0.0816280127330606,0.1259171597633135,0.1662172101005148,0.0943179204048769,0.3000819896146487,0.4704791344667696,0.534516129032258,0.5576293385723641,0.6815129020855426,0.8502528199144301,0.977962577962578,1.1360574764256848,1.1652253072371417,1.811465721040189,1.6815107102593014,1.409827760891591,1.6296296296296298,1.2228971962616826,1.2333333333333334,1.2925301204819275,2.061132561132561,0.5125596184419714,0.4959119496855346,0.4759540800496433,0.2888106204280685,0.2452879581151832,0.3591428571428572,0.293014406088611,0.3032876712328767,0.3991176470588236,0.5295819935691317,0.6685373553139249,0.8802371541501977,0.8282090699461953,0.9527914614121512,1.1303179579041651,1.0080202617138032,1.129364368845121,1.011416490486258,0.858203125
77659.0,0.004694667,-0.073984937,1.6621076905,-0.715115604,0.0289866004,-0.116404938,0.0,-0.185729276,-0.825530295,-0.045411564,0.8946322067594432,0.9175050301810864,0.1017341040462427,-0.2997795738427626,-0.5770084332001776,-0.4357608052101835,-0.4131773399014778,-0.3463648834019205,-0.4800872885979269,-0.3212250712250712,-0.4483357452966715,-0.6539578794480756,-0.6660826909600561,-0.71372784620006,-0.6595212575919971,-0.6236176935229067,-0.6730703259005146,-0.6451973194341027,-0.7302575714690065,-0.463400900900901,-0.5453244274809161,-0.5186868686868688,-0.3638184245660881,-0.2175697865353038,-0.1192236598890943,-0.1009433962264151,0.3108665749656121,0.5395799676898221,1.2636579572446551,-0.11840888066605,-0.3312280701754386,-0.4491329479768786,-0.3463648834019205,-0.3043795620437957,-0.1043233082706768,-0.014477766287487,-0.0185375901132853,-0.1798623063683304,-0.2490149724192277,-0.4296828246558947,-0.439081812831077,-0.4303646144650329,-0.3684559310801856,-0.1581272084805655,-0.2600931677018634,-0.3064046579330423,-0.3646666666666667,-0.4687848383500558
83387.0,3.43183e-05,-0.005610136,-0.008605781,-0.004678741,0.0140220761,-0.008128331,0.0,-0.036620149,1.0705591965,-0.098617336,-0.0748283486558826,0.0095238095238097,-0.0535714285714284,-0.167669999476522,-0.0701754385964911,-0.2030075187969925,-0.1346938775510203,-0.2455516014234875,-0.3049180327868852,-0.4138248847926267,-0.451251078515962,-0.3999433908859326,-0.3884615384615384,-0.3510204081632653,-0.3595166163141994,-0.3651554171408037,-0.368421052631579,-0.3977272727272727,-0.3131749460043196,-0.2766151046405822,-0.2853932584269663,-0.2885906040268455,-0.1750972762645913,-0.157615894039735,-0.1054852320675105,-0.1386548931444513,0.06,0.1777777777777778,0.1821561338289963,-0.0914285714285714,-0.1598414795244386,-0.1750972762645913,-0.2011053887702549,-0.1761658031088082,-0.2030075187969925,-0.2084826762246115,-0.2020075282308656,-0.2337349397590361,-0.1729518855656696,-0.1727690126555935,-0.256140350877193,-0.1203319502074689,-0.157615894039735,-0.1054852320675105,-0.1311475409836066,-0.3094462540716612,-0.2933333333333333,-0.2668587896253602
90695.0,0.0031317456,-0.064092993,-0.080629396,0.0453382083,0.1179761988,-0.670377209,0.0,-0.003730549,0.2640951163,-0.069888084,0.0394430051813472,0.2939263638806773,0.3959698463322703,0.626587837837838,0.5556381260096932,0.1743170731707317,0.3009186706295597,0.2162940507768094,0.168900218499636,0.0279035012809565,-0.0273333333333333,0.1607280617164899,0.0250585480093676,-0.0559411764705882,-0.0447023809523809,-0.1399249732047158,-0.1839491525423728,-0.3126766595289079,-0.3538182794255804,-0.2701682582992268,-0.2289077514413836,-0.2357619047619047,-0.3082327586206895,-0.4360857343640196,-0.4806148867313916,-0.4559661016949152,-0.4334313956224994,-0.0656510770424995,-0.0610959438377535,-0.0370599999999999,-0.1337351565311262,-0.2175036567528034,-0.4118085418295543,-0.4019006211180125,-0.3911608497723823,-0.3966541353383459,-0.4749509269356597,-0.4387807436764191,-0.2677262357414448,-0.434030798166216,-0.4055925925925926,-0.247232645403377,-0.1720206362854686,0.3756285714285716,0.3355617198335645,0.2707046714172605,0.3363030807660283,0.3281931034482759
79094.0,-0.001509487,0.0173353145,0.1337011885,0.1983676659,0.0757721763,0.0131182412,1.0,0.0033167496,1.0438264109,0.0680353196,0.0161779575328613,0.1775043936731106,-0.0198309492847855,0.0445175818465268,-0.0231653976996597,0.043072132848988,-0.0193527402829729,-0.1428571428571428,0.0314745124871707,0.0056704469646431,0.0330649306150419,-0.0239559728067336,0.0127645280483708,0.0375086028905711,0.0682019486271034,0.1503243037008774,0.1560582822085889,0.3968033356497566,0.4575779550398839,0.4178227133787913,0.5777080062794349,0.8195534097767048,0.7600700525394046,0.7657393850658858,0.729776247848537,0.8796758104738154,1.015374331550802,1.1202531645569618,1.453213995117982,0.8814352574102964,0.5505271277963486,0.4589886281151705,0.5525231719876413,0.6376969038565996,0.6857701984903548,1.0930232558139537,0.952720207253886,0.9082278481012656,1.4522163481089874,0.9960278053624628,1.2677698382850693,1.1232394366197185,1.2626641651031894,1.4324324324324325,1.4148978774529437,1.4383340072786086,1.2267355982274744,1.0399188092016236
87055.0,0.000691773,0.0292551525,0.0935496795,0.0407416443,0.1721939968,0.0334226014,2.0,9.57671e-05,0.9293282391,-0.067512219,-0.0354701835483131,0.0893423051243531,0.1198575350692805,-0.0180922112065868,-0.0933402828285242,0.0054886470871449,0.0335952725041077,-0.0803241662792996,-0.032036820052653,0.0621718870860583,0.1619004526115399,0.1462380984486617,0.2149771479102669,0.3195338711670363,0.3802310355098481,0.4031550968851622,0.4812186937920251,0.5773413293051359,0.4814289215284999,0.3856892085567174,0.3326696616042488,0.4599294782171017,0.4707041690140843,0.5017545302882125,0.603845974257365,0.7219088988459779,0.6925470224008814,0.7231022442244224,0.8310945182899028,0.8570817437190812,0.7088897521893738,0.7763335677621948,0.7414361762449551,0.757261612105335,0.8121550731371723,0.7712714150063977,0.8942059282371293,0.9757055938959508,1.1792302362467648,1.1264203152364272,1.156190550920955,1.3868517698248248,1.4325582630573543,1.5629569209681935,1.257436786579038,1.283602239426147,1.2228371083106264,1.2395229271222066
79866.0,-0.003316463,0.0054323244,0.0107804601,0.0548078369,0.0239806591,0.0103294351,0.0,-0.011501211,0.4933536994,0.0159713021,-0.0708661417322835,0.0060901339829475,-0.1866075824716887,-0.2759149682226606,-0.3638814016172507,-0.3208633093525179,-0.1558507920286153,-0.3636363636363636,-0.3130977130977131,-0.3858736059479554,-0.2458342844099521,-0.3016275628831114,-0.3697062190003816,-0.3264016309887869,-0.3935389133627018,-0.3001482736708325,-0.2093802345058626,-0.0434279096699479,0.1192411924119241,0.0354120965214665,0.2896174863387977,0.5733333333333333,0.7181487259490378,0.6737588652482271,0.7956521739130435,0.8730158730158728,1.1044585987261146,1.1233933161953726,1.5337423312883436,1.0048543689320386,1.054726368159204,0.5239852398523985,0.5331786542923433,0.5482661668228679,0.5992255566311713,0.4923215898825654,0.2407059707097258,0.2625143293847916,0.5651350071056371,0.3929173693086003,0.3766666666666667,0.359670781893004,0.3652892561983472,0.5331786542923433,0.1795787218850408,0.2282527881040892,0.2214417744916819,0.2538899430740036
12890.0,0.0010472276,-0.079164001,0.6483167296,0.0143985559,0.3803870429,0.0147505437,1.0,0.009542267,-0.028174757,0.0202761041,-0.0442477876106193,-0.0484581497797356,-0.1755725190839694,-0.0808510638297872,-0.1183673469387754,-0.2230215827338129,-0.3032258064516129,-0.287128712871287,-0.3454545454545453,-0.3810888252148997,-0.4239999999999999,-0.4049586776859504,-0.3757225433526011,-0.4432989690721649,-0.3863636363636363,-0.3915492957746478,-0.4411384217335058,-0.3271028037383177,-0.0181818181818181,-0.1359999999999999,-0.0608695652173911,0.130890052356021,-0.0226244343891401,-0.1692307692307691,-0.1074380165289254,0.074626865671642,0.1999999999999999,-0.1359999999999999,0.3500000000000001,-0.1037344398340248,-0.1940298507462686,-0.3454545454545453,-0.3164556962025316,-0.4559193954659949,3.1458733205374285,3.208885424785658,5.75,7.275862068965518,6.012987012987013,3.26456071076012,2.4444267261999686,2.724137931034483,1.6979765176117914,0.5104895104895106,0.074626865671642,0.08,-0.1595330739299609,-0.1818181818181817
80719.0,0.0057289596,0.0054504735,0.0159005038,0.3781265629,0.1451642217,0.0856108053,1.0,0.0024552788,0.6781572434,0.2423698772,-0.1040226272784411,-0.207835509863851,-0.3148281663061764,-0.3324748302505268,-0.44651523975927,-0.3583164528471753,-0.2936075322101089,-0.3787317498365656,-0.2870717679419855,-0.3049731838127743,-0.336822516864387,-0.3535147392290249,-0.3338785046728971,-0.3458008260670031,-0.3580274712902498,-0.3964860287891617,-0.3962304108428631,-0.394048884165781,-0.2119955776672194,-0.2163276525563496,-0.1456397962241533,0.0567086730911787,-0.0302721088435372,0.0485472600220668,0.1080450835600466,0.2531868131868133,0.3435438265786994,0.6790341578327443,0.6071025930101468,0.1766405282707388,0.1834786218347863,-0.1208757323465926,0.0131485429992892,-0.0266302492318196,-0.0534528552456838,0.2241305281236583,-0.0138360428917329,-0.0621710526315788,0.0477765527379641,-0.1975795102730086,-0.1154204157617125,-0.3088484848484848,-0.3277528884697004,-0.2789580171977743,-0.4170926190962992,-0.3991570073761854,-0.5256239600665558,-0.508448275862069
81655.0,-0.000237153,0.0191006137,0.088072059,0.009244794,0.043526886,0.036314689,0.0,-0.000242503,1.3333560353,-0.079874534,-0.0062655634990762,0.093617397454031,-0.0103199999999999,-0.0608821073407728,-0.0694998119593831,-0.1481200936510123,-0.1155358547222421,-0.1787705788635156,-0.1032258064516128,-0.1417371999444984,-0.1832706146431637,-0.1788250367623656,-0.1519742253907321,-0.1526132507285944,-0.1362842979822662,-0.15682933478735,-0.1288028169014085,-0.0991771644942839,0.0583454529899905,0.0385325721961047,0.1456751250231522,0.3458442123585725,0.2280127059757792,0.4273681781469942,0.6299077733860341,0.6327042365052131,0.6095498308613061,0.6765144328499795,1.2715754682335656,0.2688205128205128,0.0625268401614702,0.1348500137602053,0.0444951030057412,0.1018972120780261,0.0464388428353916,0.0225657133410479,0.0176867390589008,0.0162655056272076,0.0635316368638239,0.051955782312925,0.0184407672676381,0.1034698064401034,0.1789764604974744,0.2388343681153615,0.1191423918943368,0.1610511496949789,0.1126000539616871,0.0660978972768009
82777.0,0.0051045544,0.0397550049,0.080340245,0.0432053654,0.015951043,-0.010282519,4.0,0.0,0.5615124511,0.006493059,-0.0417372368739414,0.054586606310744,-0.0673495820087132,-0.0440502051653391,-0.0704142706255134,0.0223283427981413,-0.0297648211660951,-0.057696883178682,0.006480304955527,-0.0578089687165457,-0.0122209751839381,-0.0593753710960693,-0.1116967589996636,-0.1172406107210521,-0.1609110169491526,-0.1214507542147294,-0.1217429870273867,-0.0803436665505631,0.0211421941472218,-0.0613816802938738,-0.049327892462794,0.137094458799885,0.2517383059418456,0.2019726858877084,0.1999697015603694,0.087900013734377,0.142342082492068,0.3281354795439302,0.4409678006185191,0.2813005499838239,0.163655060966652,0.0094303555498915,0.0790083094946192,0.0819560169375768,0.0920998207638217,0.1713989943803606,0.1148486980999294,0.0666576892001076,0.1210019813189924,-0.0530783024506875,-0.0423165276266472,-0.061604075346523,-0.051263624386154,0.0297711908476339,-0.1058810249463823,-0.0228226005428079,-0.1010101010101011,-0.0733504913430043
83148.0,0.003713935,-0.038457108,-0.105155403,0.0055450694,0.0156894514,0.3543614083,0.0,-0.026666667,0.1301695736,-0.100951643,0.0019083969465647,0.0531594784353057,0.1052631578947369,0.0552763819095478,-0.0932642487046632,-0.0885416666666666,-0.0232558139534884,-0.054054054054054,0.320754716981132,0.0802469135802468,0.1388286334056399,-0.0304709141274238,-0.0402193784277878,-0.0666666666666666,-0.1228070175438597,-0.0724381625441696,-0.0094339622641509,-0.0582959641255605,-0.0150093808630393,-0.032258064516129,0.0144927536231884,0.0926118626430803,0.0802469135802468,0.025390625,0.1122881355932203,0.3190954773869348,-0.0159325210871602,-0.0582959641255605,0.2082853855005755,0.023391812865497,-0.0624999999999998,-0.0716180371352785,-0.0837696335078534,0.0659898477157361,-0.0340386384544617,-0.0445859872611464,-0.0599820948970456,0.12059765208111,0.0584677419354839,-0.0009514747859181,-0.1449511400651465,-0.1822429906542055,-0.1725768321513001,-0.1131756756756756,-0.3186242699545749,-0.2330168005843681,-0.2708333333333333,-0.2193308550185873
83597.0,-0.002415795,0.0256655665,0.082369794,0.0053015147,0.1336450519,0.0338717587,1.0,-0.000230766,2.5660605217,-0.113542995,0.0085179903304317,0.1268169351011014,0.135051600398135,0.0739795552301061,-0.0018656916242242,0.0671033514738113,0.0271397514247848,-0.1083722740607751,-0.07518622457293,-0.0237671715116996,0.0976746542378033,0.1397085897638208,0.212886251679355,0.2912011349840926,0.2960282718036928,0.2888584855154361,0.4042580770601769,0.4258826626303837,0.4332870278494409,0.3032781954887218,0.2983580627289648,0.4138336052202283,0.2940157668418537,0.2367009485359859,0.2513428025221715,0.3192681218984989,0.4091898992166138,0.5757818181818182,0.6623447008725143,0.6291590521883925,0.5145923426162085,0.6151323747719857,0.6689390205637982,0.7092931524140105,0.7835123677820306,0.5926347899592048,0.5627119207613387,0.5122138470128419,0.5576563063387379,0.5708123391452495,0.745438433963024,0.8426670068461113,0.9820701642043634,1.1652925598361064,0.8480104973341933,0.9366286171178324,0.9370612875123469,0.8890971707572257
20598.0,0.0463667649,0.0877674014,0.1134279902,0.1270681208,0.1812566692,0.0090002883,4.0,0.0110054094,1.1533685328,-0.003755227,0.0489141068284093,0.085003035822708,0.1231929604022628,-0.0022333891680624,-0.0291561028612821,0.2109780889993222,0.3746153846153846,0.4493106244931062,0.4866888519134773,0.4866888519134773,0.4825774336283186,0.4825774336283186,0.5365434221840069,0.4805302402651201,0.5356631337725581,0.4349571734475375,0.3953669963560644,0.4070866141732283,0.3982785602503911,0.4280767181672882,0.3700485560950677,0.3979139504563231,0.3971853010164192,0.3892200051826897,0.2199340084196153,0.2052607913669064,0.2030969479353679,0.2914960250542038,0.2189631650750341,0.5365434221840069,0.5021014289717007,0.2540350877192983,0.231564438318401,0.3439458510904989,0.3417594794143412,0.3223976319684263,0.3480010057832536,0.2849952061361458,0.4481361426256076,0.3040622719532959,0.2012099484651579,0.2156462585034013,0.2709815078236131,0.2673758865248228,0.1474743150684931,0.1014998972673104,0.1099378881987578,0.0841253791708795
89508.0,-0.001671634,0.0047802294,0.0233129907,0.0135633126,0.0222898714,0.001909434,0.0,-0.007462687,6.4482058253,-0.167868221,-0.1115129596142254,-0.0225464190981432,-0.1090964037473556,0.0310095593378409,-0.0833333333333333,-0.1910728985639805,-0.2044616353332734,-0.3208938032711357,-0.3738761061946902,-0.3540753724802804,-0.3088465145357923,-0.2936666400447248,-0.3397536394176931,-0.3152148134119097,-0.2322250195329456,-0.3362354145725448,-0.3333333333333333,-0.2599782444983683,-0.2491085073866531,-0.063730679652763,-0.0539152759948652,0.02313743637205,-0.0377543248830377,-0.1729168614981764,-0.0879653501082808,-0.012395309882747,0.0044293015332197,0.2008146639511201,0.6429500278655025,0.0129423891879509,-0.0886232481450949,0.0087829360100375,-0.0906847624922887,-0.050767414403778,0.0049999999999998,0.0619596541786742,0.0077484047402005,0.0185419785788321,0.1297904956566171,0.1358849216542512,0.2670487106017192,0.4241545893719807,0.5045933991153453,0.4098517455762793,0.3385802936279705,0.3023118833750553,0.1844114102049014,0.133119795003203
85040.0,0.0003389303,0.0051604796,0.0054122855,0.001555959,0.680717903,0.0128058583,0.0,-0.000666112,0.8545442687,-0.077056035,-0.0639127045985972,0.2173119805392256,0.264743049705139,0.2869695670810115,0.1779129070223617,0.5244986037065245,0.4122765757290685,0.2695560253699789,0.2784756227379177,0.189108910891089,0.5202531645569619,0.355530474040632,0.2725153634244543,0.0936077217264614,0.1377415687760514,-0.0489388660120367,-0.0504427577482606,-0.1627161182375907,-0.2412180945160476,-0.1650444938820913,0.0728961943898516,-0.0735883986423943,-0.2031581740976645,0.0078885532057737,-0.1470170454545455,0.0038448679371447,0.1851194000394709,0.578186596583443,0.7196449026345932,0.8442874692874691,0.8431553100061386,1.0657034743722047,0.7968282465589465,0.6958486303304152,0.7305475504322765,0.6629742453613956,0.5468830499742401,1.102591036414566,1.395293179098524,1.6653351087438968,1.844623401231644,1.927840078010726,2.117860851505711,2.0175879396984926,2.029767911200807,1.9713013359722908,1.9727722772277223,1.8800959232613907
85272.0,-0.000374984,0.0094500064,0.0115515111,0.0126153805,0.5870115951,-0.001819439,0.0,0.0027510316,1.6999417409,0.1755085588,0.2743207712532864,0.9386666666666664,0.7350835322195701,0.8932291666666665,0.4311023622047243,0.0691176470588235,0.1403921568627451,-0.3986765922249793,-0.1653272101033296,-0.3572060123784262,0.0652014652014651,0.9490616621983914,1.587188612099644,4.268115942028985,5.462222222222222,5.433628318584071,4.76984126984127,4.192857142857143,5.349344978165939,4.747035573122529,7.8121212121212125,10.918032786885243,9.46043165467626,7.168539325842696,6.092682926829268,6.437340153452685,7.8121212121212125,7.35632183908046,7.706586826347305,5.923809523809523,6.092682926829268,6.27,6.693121693121693,7.706586826347305,7.12290502793296,9.850746268656716,10.099236641221372,7.8121212121212125,7.308571428571428,8.087499999999999,9.53623188405797,8.993127147766321,10.632,9.312056737588652,6.73404255319149,6.572916666666666,5.549549549549549,4.747035573122529
85394.0,0.0008353901,0.0130061844,0.0240694569,0.0571577802,0.1392850033,-0.018827921,1.0,0.0004741584,0.0877512132,0.0830867633,-0.046851461283519,-0.1167108753315648,-0.195345288057993,-0.203650094398993,-0.1977938379612019,-0.1299504950495048,-0.1139896373056994,-0.13530135301353,-0.11781929726715,-0.1206393328700486,-0.1841392649903287,-0.2522160501122799,-0.2949632271005125,-0.3048016701461378,-0.2834654586636466,-0.247144217039505,-0.3460465116279069,-0.3440124416796267,-0.3260545377077118,-0.3054122296629706,-0.2215797244094488,-0.0830434782608695,-0.0478555304740406,-0.0377186311787072,-0.0321248279027076,0.0487319741422178,0.1634792203015815,-0.0042492917847024,0.2039961941008563,0.1361106123181901,0.0328109696376102,-0.10912419036891,-0.1534653465346533,-0.146153846153846,-0.1101265822784809,0.0469965249048487,0.0372131147540983,0.2376760563380282,0.3018518518518518,0.0578498578832971,0.0745584239130434,-0.0214970615527373,0.0329795918367348,0.0705583756345178,-0.054118702347137,-0.0980755523877405,-0.2184064237183446,-0.2715025906735751
86745.0,0.0011398176,-0.02195122,-0.03898917,-0.002040905,0.2700545989,-0.069234607,1.0,0.0033670034,0.5009855014,-0.015225437,-0.0309951060358889,0.1020408163265307,-0.018181818181818,0.0384615384615385,-0.2037533512064342,-0.1353711790393013,-0.2782503037667071,-0.3647058823529411,-0.3760504201680671,-0.4499999999999999,-0.3895169578622816,-0.4794040315512707,-0.4153543307086613,-0.513911620294599,-0.4101290963257199,-0.3272933182332955,-0.295373665480427,-0.408955223880597,-0.5787234042553191,-0.1040723981900452,0.0119250425894379,0.3229398663697105,0.2941176470588236,0.1379310344827586,0.2531645569620253,0.2147239263803682,0.2801724137931036,0.3878504672897196,0.4382566585956418,0.148936170212766,-0.0262295081967212,-0.0747663551401868,0.066427289048474,0.1292775665399241,0.1314285714285714,-0.1353711790393013,-0.1863013698630136,-0.2037533512064342,-0.2433121019108279,-0.3529411764705882,-0.4112983151635282,-0.3172413793103447,-0.2639405204460966,-0.1645569620253164,-0.3242320819112627,-0.3578378378378378,-0.4780316344463972,-0.4432989690721649
85796.0,0.0009077156,0.0089628681,0.0240756664,0.1098614179,0.0226700252,0.0358385257,1.0,0.0071556351,3.1960599406,-0.113469783,0.0044923629829289,0.0419384902143522,-0.0880913539967374,-0.0468883205456096,-0.0644351464435145,-0.0813475760065736,-0.0940032414910859,-0.0460750853242322,-0.0008936550491509,-0.0605042016806722,-0.1182965299684543,-0.2065294535131299,-0.1869090909090909,-0.2600926538716082,-0.2273669661368349,-0.1898550724637682,-0.2230715774843642,-0.1979913916786226,-0.1353441608662026,-0.1749077490774908,-0.0798353909465021,0.0708812260536397,0.1058358061325421,0.0698564593301436,0.0419384902143522,-0.0729684908789387,-0.0345423143350605,0.0210045662100457,0.1327254305977709,-0.3107274969173859,-0.3992477162815691,-0.4535679374389052,-0.3830022075055188,-0.3600457927876359,-0.3923913043478261,-0.2801030264005151,-0.3388527498521585,-0.3461988304093568,-0.3029925187032418,-0.3533834586466166,-0.2316151202749141,-0.3615077098800686,-0.3224242424242424,-0.2461227242076871,-0.3098765432098765,-0.3265060240963856,-0.3956756756756757,-0.2342465753424657
88841.0,0.0035092833,0.0311966334,0.0487046549,0.031724296,0.1359028952,0.0183691358,0.0,0.0071647902,1.1809649443,-0.118954649,-0.0894687791239515,-0.0407461953853707,0.0579317812669193,0.1367073880162883,0.1400233372228703,0.1771084337349395,0.1210556511761331,0.0952914798206276,0.1373690337601862,0.1223434807581849,0.2382762991128009,0.2367088607594936,0.2614590058102,0.360724233983287,0.3401920438957475,0.3848334514528704,0.4431314623338258,0.5313479623824451,0.6932409012131717,0.554494828957836,0.6135425268373245,0.8193668528864058,0.6917748917748916,0.5899104963384867,0.7292035398230086,0.6324143692564743,0.7779799818016377,0.7959558823529409,0.7812215132178668,0.5594573024740623,0.283415435139573,0.196570728720147,0.2647249190938512,0.3337883959044367,0.1500882872277811,0.1806646525679758,0.1102272727272726,0.2204871955028104,0.2729641693811075,0.2166874221668742,0.1813784764207981,0.1249280368451351,0.1693596648713344,0.3760563380281689,0.1603325415676959,0.1973039215686274,0.1771084337349395,0.1806646525679758
92131.0,-0.001210961,-0.016876695,-0.026154747,0.0,0.2296987649,-277.6666667,4.0,0.0220091797,-0.344801788,0.0672004893,-0.0745341614906832,0.1287878787878786,-0.1534090909090909,-0.0914634146341463,-0.2938388625592416,-0.255,-0.0745341614906832,-0.0569620253164557,-0.3037383177570094,-0.3521739130434782,-0.2587064676616915,-0.4440298507462686,-0.5224358974358975,-0.5883977900552486,-0.6582568807339451,-0.683651804670913,-0.6109660574412532,-0.6256281407035176,-0.5994623655913979,-0.6788793103448276,-0.4269230769230769,-0.1581920903954802,-0.2550372481375932,-0.3713080168776371,-0.3101851851851852,0.0205479452054795,-0.0066666666666667,-0.06875,0.1374045801526717,-0.2032085561497326,-0.31651376146789,-0.1183431952662721,0.1037037037037036,-0.0066666666666667,0.0136054421768707,-0.2512562814070351,0.0567375886524823,0.1374045801526717,0.1332522056586553,0.0067567567567567,-0.2436548223350253,-0.1183431952662721,0.0275862068965517,0.0,8.675324675324676,7.9221556886227535,7.5632183908045985,13.66535433070866
89071.0,0.0016720924,0.036123676,0.0778493937,0.0110089971,0.1670173468,-0.011382016,0.0,0.0001040006,0.8067478918,-0.038435926,-0.0581206145719123,0.0389339110006812,-0.0335053284696551,-0.0396191250372593,-0.1446194542413351,-0.0872096730336584,-0.1841733181790067,-0.3041611459211468,-0.1928931223529133,-0.1960200062426487,-0.0983371437128924,-0.1429165973377704,-0.0919793531849455,-0.0214729800375528,0.0223277218599375,-0.0052074697382488,0.0441990588235294,0.1497010820925102,0.1923776041666667,0.1043221968654415,0.1580552812236542,0.3298602646258817,0.2764280598067143,0.2022673364009226,0.2832991814218346,0.343423947466468,0.4307111893661344,0.5576434472703711,0.7668749704076303,0.5973198405227311,0.4056818670785114,0.3699006330483625,0.4339828494730564,0.5557113040664439,0.4996619443898131,0.4556188625927235,0.497870962716793,0.5611841207988308,0.6199246015654181,0.5791317129249467,0.6387909896602657,0.7874581112901227,0.8786062520351676,1.0456705939770652,0.753342997811816,0.8300976398934146,0.6948295534665101,0.7061570529273642
89216.0,0.0016503035,0.0319181303,0.0601480246,0.0220820442,0.0641342452,0.0153103639,2.0,0.0014640395,1.050970854,0.0740587721,-0.1012609704638689,0.0642041069984489,-0.0633642440863901,-0.0495710227272726,-0.1340201267828843,-0.1011131765092943,-0.1441028037383177,-0.2257226997921783,-0.1858456326870805,-0.2020152948457039,-0.0544500778681432,-0.111635018696147,-0.0652868628121792,-0.1235096508581511,-0.1174697711978465,-0.1163756468305304,-0.006484909090909,0.3295214111922142,0.3633565369261478,0.3537863572549342,0.3808119103773586,0.839017164011667,0.6016608695652175,0.4999541586604445,0.654187588294652,0.7122413829120535,0.9028437608821822,0.8931746160064673,0.9137285780994632,0.5937195216799533,0.3907694069737846,0.1878984782608697,0.2534790487842178,0.31364684670246,0.2161881605599942,0.307152459931425,0.2213529280286097,0.1886737002392866,0.325543705021428,0.1202760199548964,0.3659694192150653,0.2598369966185059,0.3558017533702755,0.4260982166159199,0.2608059529303184,0.3047595510983762,0.0428116412213741,0.0725594739596964
89900.0,0.0006469033,0.0053045801,0.0186471118,1.1100155689,0.0120643538,-0.00450777,0.0,0.0002077275,0.9973352428,-0.001305397,-0.0412268472415853,0.0568605927552141,-0.0728935965334616,-0.03806574083325,-0.0671446565255303,-0.0545026023765098,-0.0792770393038155,-0.1580972367960825,-0.0693988014691667,-0.083047619047619,-0.0751200768491834,-0.2423073896277642,-0.1945792203446545,-0.2092641261498029,-0.2394944707740915,-0.2056105610561056,-0.1616161616161616,0.0798564378645132,0.1796128399901984,0.1822200392927309,-0.3994136360800948,-0.2686113643269522,-0.3125803227188347,-0.2427841132520645,-0.2281545614878948,-0.1961259079903147,-0.0972339428035631,0.0995888533576976,0.3170998632010944,-0.2299448132448212,-0.3011033174436205,-0.2524844720496895,-0.2160247536845534,-0.1822660098522167,-0.1472099202834367,0.1487889273356402,-0.0229348487923686,-0.0215447154471545,0.1103678929765887,-0.10752688172043,0.0093301184610545,-0.01875254790053,-0.0049607275733775,0.1909945571499256,0.1924696556849146,0.240561783275351,0.1367178276269185,-0.0071156027637413
13350.0,0.0,-0.061996644,-0.062340432,0.0,0.0207724184,3.9666666667,0.0,-0.023825967,-0.186934201,0.0724267093,-0.0041095890410959,-0.1352101506740682,-0.338823767178658,-0.3885046728971962,-0.3768571428571429,-0.3184374999999999,-0.5805769230769231,-0.6034545454545455,-0.6151176470588235,-0.6956744186046512,-0.6463243243243244,-0.6808292682926829,-0.7079017857142857,-0.7393227091633465,-0.765483870967742,-0.7104867256637168,-0.6942523364485982,-0.6956744186046512,-0.6854326923076923,-0.67285,-0.6609844559585492,-0.5805769230769231,-0.6344692737430168,-0.6884285714285714,-0.6760891089108911,-0.67285,-0.6519680851063829,-0.6324157303370787,-0.5188970588235294,-0.5723529411764706,-0.6942523364485982,-0.7483461538461539,-0.6365000000000001,-0.6695454545454546,-0.6058433734939759,-0.6303389830508475,-0.6942523364485982,-0.7782033898305085,-0.7558582089552239,-0.731844262295082,-0.7340243902439024,-0.702590909090909,-0.6899052132701422,-0.6217919075144509,-0.7052702702702702,-0.6839130434782609,-0.67285,-0.6385082872928176
91858.0,-0.00017967,0.0009460728,0.0027459477,0.0117788209,0.012997517,0.0,1.0,-0.01523888,0.293937754,0.0560802147,0.0301230377598642,0.0129328327075513,-0.0861874294316898,-0.050820953870211,-0.1093176815847395,-0.1161266836548962,-0.1128973328461819,-0.1735874744724301,-0.1598615916955016,-0.1584055459272096,-0.1551844119693806,-0.1540069686411149,-0.1027346637102734,-0.0963900260513583,-0.0497064579256359,-0.041452822739834,-0.0410742496050552,0.051993067590988,0.1678691678691679,0.1645083932853717,0.0971531857207412,0.3640449438202247,0.4460988683740323,0.4165694282380396,0.4059061957151131,0.5367088607594936,0.5994729907773386,0.4460988683740323,1.109470026064292,0.0597992143168921,-0.0858433734939758,-0.0268537074148296,-0.0326693227091633,-0.0287999999999999,-0.017799352750809,-0.0349761526232114,-0.0353595550258244,-0.0166059133252328,-0.0150101419878294,-0.0315117670522536,0.089766606822262,0.0538194444444446,0.0607252075141984,0.2201005025125628,0.100634632819583,0.1611669057867049,0.051993067590988,-0.0229376257545271
12488.0,0.0,-0.069246684,-0.330237957,0.0202196087,0.2713342469,-0.10743494,0.0,0.0552669306,0.3864079163,0.0215679277,-0.184375,0.0398406374501991,0.0357142857142855,-0.09375,-0.2162162162162162,-0.2521489971346705,-0.2719665271966527,-0.4350649350649351,-0.59472049689441,-0.6448979591836734,-0.6649550706033376,-0.7397806580259223,-0.6903914590747331,-0.8581521739130434,-0.8111432706222865,-0.2809917355371901,-0.4276315789473683,-0.4941860465116279,-0.3147807823575742,-0.2709497206703911,-0.1687898089171975,-0.0611510791366906,-0.0261194029850747,-0.2090909090909091,-0.1182432432432433,-0.2729805013927576,-0.1030927835051547,0.2311320754716979,0.3736842105263158,0.1651785714285711,0.2856509531550169,0.3181818181818181,0.1347826086956522,-0.0224719101123596,0.0653061224489794,0.0235294117647058,0.0481927710843372,-0.1498371335504885,-0.0842105263157895,-0.1241610738255033,-0.2945945945945947,-0.1740506329113924,-0.09375,-0.0333333333333334,-0.3002680965147453,-0.3307692307692308,-0.3961827646038172,-0.3458646616541354
12339.0,-0.029747647,-0.000162767,-0.000201763,-0.307077742,0.6981336317,0.7274256705,2.0,0.0051903114,1.4024880043,0.1685837591,0.1747967479674796,0.1868583162217658,0.4097560975609757,0.7050147492625369,0.9202657807308972,1.035211267605634,1.0209790209790213,0.470737913486005,0.115830115830116,0.4132029339853302,0.1942148760330579,0.0864661654135339,-0.0477759472817133,-0.7709076496234641,-0.8553915436577433,-0.8985074626865672,-0.8926648096564531,-0.925457828217694,-0.9248178980228928,-0.919172143756118,-0.9174992863260064,-0.9130303942220884,-0.9239873750657548,-0.921690827801111,-0.9260585902520148,-0.9154723603392804,-0.8976266383280198,-0.8933382542904595,-0.891475779196395,-0.8937304651590365,-0.8841683366733467,-0.8800829875518672,-0.8694080433800271,-0.8649848166316281,-0.8311915887850467,-0.8377771540836374,-0.8204968944099379,-0.8482939632545932,-0.8320255739610578,-0.8497530543280478,-0.8398004434589801,-0.8376404494382023,-0.8137286496938447,-0.7833583208395802,-0.7940862130388315,-0.800552104899931,-0.7751847530143913,-0.8047297297297298
90179.0,0.0014088739,-0.023525964,-0.030634481,0.0052239998,0.0440489768,-0.00179054,0.0,-0.001355014,7.6893283337,-0.273742667,-0.0242397531952401,0.1441860465116278,0.1278655119714722,0.0517814726840855,0.0278551532033426,-0.0590735231619209,0.0235783633841886,-0.1972443799854967,-0.1401941747572815,-0.2258741258741259,-0.1464919043947571,-0.2176678445229681,-0.1686068343972961,-0.1839292296350902,-0.0423875432525951,-0.0888888888888889,-0.0538461538461537,0.0568019093078759,0.1814300960512274,0.4442270058708415,0.5569620253164556,1.1411992263056092,0.835820895522388,1.3641217298451682,1.6803874092009687,1.1769911504424782,1.168462291870715,1.1227229146692237,1.1227229146692237,0.926892950391645,0.607843137254902,0.3828856964397251,0.4404684450227718,0.4470588235294117,0.2019543973941366,0.2052259118127382,0.0863591756624142,0.1244286439817166,0.1782863225119746,0.0778967867575464,-0.0314960629921259,-0.0120481927710842,0.0492890995260664,0.0998509687034279,0.0302466263378315,0.0837004405286343,0.0183992640294388,-0.0124888492417485
