Momentum Index,1,2,3,4,5,6,7,8,9,10,11,12,13,14,15,16,17,18,19,20,21,22,23,24,25,26,27,28,29,30,31,32,33,34,35,36,37,38,39,40,41,42,43,44,45,46,47,48,49
ANEA-L,0.02777777777777768,-0.027027027027026973,-0.027027027027026973,0.0588235294117645,0.0,0.0,0.0,0.0,0.02857142857142847,-0.11716582764722738,-0.07410074606904338,-0.13723024065524492,-0.20912772060064122,-0.2556496193888388,-0.309784192524196,-0.309784192524196,-0.3221094748005495,-0.309784192524196,-0.3221094748005495,-0.3221094748005495,-0.34548501015225486,-0.3776742719480456,-0.42482016043683,-0.44173721454162906,-0.4870017647139294,-0.42482016043683,-0.44173721454162906,-0.44173721454162906,-0.44173721454162906,-0.5254766323603848,-0.5533897716333033,-0.5686151203276224,-0.5686151203276224,-0.5961503254130933,-0.6418691564984036,-0.6278248096944195,-0.5734621414475368,-0.5776716635516195,-0.594735434721251,-0.5388368739931477,-0.5388368739931477,-0.5388368739931477,-0.5731788089085517,-0.5107171711878519,-0.49848510046754824,-0.4789455589273228,-0.47208957943952434,-0.426840114820055,-0.4503946306493679
LLOY-L,-0.10638297872340441,0.0071428571428571175,-0.007042253521126418,0.0,0.1370967741935485,0.08461538461538498,0.06818181818181834,0.18487394957983216,0.17500000000000027,0.07633587786259577,-0.05999999999999972,-0.10759493670886056,-0.02083333333333326,0.014388489208633004,-0.05999999999999972,-0.07236842105263153,-0.05685618729096975,-0.11320754716981096,-0.007042253521126418,0.06818181818181834,0.010752688172043223,0.12350597609561764,0.17500000000000027,0.08461538461538498,0.0,0.03676470588235303,0.0,0.11904761904761929,0.03676470588235303,0.04444444444444451,-0.02758620689655178,0.10156250000000022,0.16528925619834745,0.3428571428571432,0.2314410480349347,0.2314410480349347,0.2935779816513764,0.382352941176471,0.3301886792452833,0.31775700934579443,0.2155172413793105,0.17991631799163188,0.16049382716049387,0.2935779816513764,0.31775700934579443,0.305555555555556,0.382352941176471,0.41708542713567875,0.3301886792452833
COA-L,-0.03333333333333355,0.0588235294117645,-0.766839378238342,-0.7464788732394365,-0.7264437689969605,-0.774436090225564,-0.7810218978102189,-0.7684956681835448,-0.7649522345332929,-0.7847226073295581,-0.7724969776223478,-0.7426292623939967,-0.7216352747342925,-0.7297984631585067,-0.7274002246658309,-0.7233071349460984,-0.7426292623939967,-0.6755678730177845,-0.6239235752532688,-0.6112290123926194,-0.6095816776993679,-0.5830826965477414,-0.5773453024635358,-0.6343701426073444,-0.6789591496064489,-0.6755678730177845,-0.6254523412075236,-0.5958827891975914,-0.6045548323478576,-0.6208282960372462,-0.6299649636026137,-0.6176816428923271,-0.628472886842947,-0.6184731922859247,-0.6386716703413758,-0.6449374795262075,-0.6483254806757665,-0.614482326096447,-0.6223822784305362,-0.5840238191288976,-0.5904945597202258,-0.5753975849633679,-0.5494438921127178,-0.47796756904844684,-0.5250581233868599,-0.5262790536609298,-0.5274937227541068,-0.5262790536609298,-0.516332157149873
HVT-L,0.0,0.0,-0.06896551724137934,-0.06896551724137934,-0.06896551724137934,-0.06896551724137934,-0.06896551724137934,-0.06896551724137934,-0.2622950819672131,-0.28191489361702127,-0.2894736842105263,-0.32499999999999996,-0.32499999999999996,-0.3946188340807175,-0.4,-0.4,-0.4,-0.4,-0.4,-0.47058823529411764,-0.44897959183673475,-0.44897959183673475,-0.44897959183673475,-0.47058823529411764,-0.47058823529411764,-0.49056603773584906,-0.5178571428571428,-0.5178571428571428,-0.509090909090909,-0.4807692307692307,-0.44685733016471363,-0.44685733016471363,-0.44685733016471363,-0.4421487603305785,-0.4444444444444444,-0.4375,-0.4375,-0.4106347681830088,-0.36655405405405406,-0.37209302325581395,-0.33536825521859004,-0.3076923076923077,-0.2931937172774869,-0.21052631578947367,-0.20588235294117652,-0.18181818181818177,-0.09395973154362414,-0.08163265306122447,-0.10596026490066224
SMDS-L,-0.015444015444015413,-0.12794612794612792,-0.2536023054755041,-0.19565217391304335,-0.037174721189590976,-0.07499999999999996,-0.05474452554744513,-0.09122807017543832,-0.1923707159359197,-0.231937568469318,-0.24284754618992477,-0.2854754323293659,-0.25553725211970235,-0.18246115416826236,-0.23414464442199268,-0.23852096073958118,-0.1915133231650149,-0.11660561189276408,0.039482870216409394,-0.012491273294411354,0.012829463287783227,0.06347093645217261,0.0843233077551564,-0.029815987798017862,-0.16966233189920465,-0.12221446515058765,-0.06901534182638092,-0.0844289951074012,-0.07213945141756717,-0.13862167140945503,-0.1867575191836326,-0.11660561189276408,-0.13862167140945503,-0.07832518840811709,-0.13592986413260977,-0.21670695898706804,-0.21448169466600908,-0.1867575191836326,-0.06270358143198351,0.009133005392572668,-0.14129675938644437,-0.14659739667418237,-0.17951797187666196,-0.13049546076237462,-0.13862167140945503,-0.14922325083826182,-0.1277525442348112,-0.1277525442348112,-0.22548335160345978
ANTO-L,0.020634920634920784,0.0,0.027732463295269127,0.24015748031496043,0.20458891013384295,0.17318435754189943,0.18867924528301883,0.14545454545454528,0.14963503649635013,0.08620689655172398,0.12903225806451601,0.18198874296435252,0.18867924528301883,0.21153846153846145,0.23529411764705865,0.23529411764705865,0.2857142857142856,0.6237113402061853,1.032258064516129,1.032258064516129,0.909090909090909,0.7499999999999998,0.4318181818181819,0.2857142857142856,0.04999999999999982,0.04132231404958664,0.04999999999999982,0.12499999999999978,0.12499999999999978,0.07142857142857117,0.09565217391304359,0.2778904665314399,0.26,0.23529411764705865,0.10526315789473673,0.18198874296435252,0.38766519823788514,0.4157303370786518,0.6237113402061853,0.6492146596858639,0.559405940594059,0.7796610169491522,0.9749216300940438,1.2909090909090906,1.2826086956521738,1.1501706484641638,1.0792079207920793,1.0454545454545454,1.2826086956521738
GRG-L,-0.06004618937644335,-0.06681034482758619,-0.03991130820399125,0.09068010075566746,0.11311053984575814,0.0879396984924623,0.0879396984924623,0.0879396984924623,0.0879396984924623,0.07178217821782185,0.07178217821782185,0.07178217821782185,0.016431924882629012,-0.04415011037527605,-0.04415011037527605,-0.015909090909090873,-0.011415525114155223,0.021226415094339757,0.04589371980676327,0.030952380952380842,0.018823529411764683,0.006976744186046435,0.018823529411764683,0.006976744186046435,-0.06479481641468687,-0.05251641137855567,-0.05251641137855567,-0.0483516483516484,-0.0483516483516484,-0.033482142857142794,-0.033482142857142794,-0.015909090909090873,-0.009153318077803285,-0.009153318077803285,-0.10721649484536089,-0.10721649484536089,-0.11632653061224496,-0.12525252525252528,-0.12525252525252528,-0.10351966873705998,-0.08842105263157896,0.018823529411764683,0.07711442786069633,0.07711442786069633,0.08250000000000002,0.06913580246913575,0.018823529411764683,-0.0045977011494252595,0.0
DLAR-L,-0.07993197278911568,0.0556552962298027,-0.026490066225165365,0.01730103806228378,0.09497206703910632,-0.01672240802675573,0.11153119092627595,0.2250000000000003,0.3486238532110093,0.32779723181375053,0.3861619453000693,0.40782072569538297,0.42050379529624227,0.6171889361834144,0.6685282674908246,0.7471016208075669,0.7138687095422058,0.7866959918173702,0.92287708875467,1.034528016488811,1.2207876236321535,1.3187635482041604,1.4830853744548484,1.335939574487154,1.0953610801047553,1.130755692944363,1.522814740446127,2.0468777058528103,1.6611969835929599,1.5127636857033133,1.130755692944363,1.0611231539592536,0.93467388071022,0.9112232882167621,0.8715242881647822,0.69089459815424,0.92287708875467,1.1023456170384387,1.054409397757432,0.8770943009271774,0.860482846936671,0.8175898706384197,0.42371035013889746,0.5016754407417419,0.5016754407417419,0.30580473107977535,0.3139660106490243,0.3194637763839574,0.3740821026395025
GLEG-L,-0.14623955431754876,-0.182232346241458,-0.2153005464480875,-0.21098901098901102,-0.1977653631284917,-0.21358159912376784,-0.20044543429844108,-0.20044543429844108,-0.2048726467331119,-0.1631701631701633,-0.15826494724501772,-0.09912170639899631,-0.07115135834411401,-0.07354838709677425,-0.09113924050632916,-0.11358024691358026,-0.07115135834411401,0.02865329512893977,0.2273504273504272,0.21079258010118052,0.18092105263157898,0.19071310116086226,0.27531083481349916,0.01412429378531077,-0.05277044854881263,-0.05897771952817821,0.02865329512893977,0.11664074650077771,0.02865329512893977,0.021337126600284417,-0.006915629322268302,-0.0096551724137931,0.02865329512893977,0.0748502994011977,-0.08301404853129013,-0.07712082262210818,-0.11901840490797555,-0.0401069518716578,-0.182232346241458,-0.13285024154589387,-0.1113861386138616,0.03309352517985609,0.13968253968253963,0.20672268907563018,0.2169491525423728,0.3174311926605504,0.3547169811320754,0.3296296296296295,0.3676190476190475
EDIN-L,-0.019138755980861233,-0.03240740740740744,-0.13991769547325106,-0.12552301255230125,-0.004761904761904856,-0.09523809523809523,-0.08333333333333337,-0.06278026905829603,-0.027906976744186074,-0.10300429184549365,-0.14344262295081978,-0.13636363636363635,-0.13278008298755195,-0.06067415730337078,-0.1049250535331906,-0.1068376068376069,-0.07929515418502209,-0.07929515418502209,0.09138381201044377,0.07179487179487176,0.06905370843989767,0.11170212765957444,0.1546961325966849,0.03980099502487566,-0.07726269315673295,-0.08333333333333337,-0.0669642857142857,0.019512195121951237,0.004807692307692291,0.0,-0.06487695749440725,-0.09913793103448276,-0.0669642857142857,0.02450980392156854,-0.030162412993039567,-0.05215419501133789,0.003842459173871271,0.08290155440414515,0.07179487179487176,0.09424083769633507,0.13586956521739113,0.13279132791327908,0.15151515151515138,0.3354632587859425,0.36601307189542465,0.3128140703517588,0.357142857142857,0.45138888888888884,0.37049180327868836
HBR-L,-0.19354838709677424,-0.22499999999999998,-0.36734693877551017,-0.4150943396226414,-0.1842105263157895,-0.35416666666666663,-0.4833333333333333,-0.4833333333333333,-0.5571428571428572,-0.6309523809523809,-0.6025641025641024,-0.5441176470588234,-0.6477272727272727,-0.6484532567006793,-0.6372336797868712,-0.6689317077666592,-0.6520404683669989,-0.7008768938593499,-0.658999658999659,-0.724999724999725,-0.7598589147884922,-0.7868747868747868,-0.8062498062498062,-0.814673727717206,-0.8062498062498062,-0.7961408966298231,-0.8086220662239156,-0.789269241460042,-0.8196631008648436,-0.8179122571839197,-0.8325443079459262,-0.8397005341020832,-0.8376187228566557,-0.8247192756069508,-0.8271425114280528,-0.8317933855600335,-0.8255345347901742,-0.7967432325948395,-0.7884044934192432,-0.776966898468932,-0.7850983136289189,-0.7642221498100139,-0.7529274024955235,-0.6751092615492318,-0.6143820207173124,-0.6380603176908107,-0.6315971090781467,-0.6107441152523814,-0.6503294594640034
ALUG-L,-0.01041666666666663,-0.08571428571428574,-0.1131639722863742,-0.09647058823529409,-0.08571428571428574,-0.1131639722863742,-0.0025974025974025983,0.06666666666666665,0.029490616621983712,0.02127659574468077,0.1428571428571428,0.42222222222222205,0.4883720930232558,0.4883720930232558,0.42750929368029733,0.47126436781609193,0.42750929368029733,0.536,0.9692307692307691,0.9009900990099009,0.9492385786802029,0.9692307692307691,1.0210526315789474,0.9199999999999999,0.8731707317073172,0.648068669527897,0.536,0.5737704918032787,1.2857142857142856,1.1942857142857144,1.0534759358288768,0.9492385786802029,0.9492385786802029,0.9896373056994816,0.648068669527897,0.6340425531914893,0.6340425531914893,0.5802469135802468,0.5802469135802468,0.648068669527897,0.536,0.648068669527897,0.47126436781609193,0.6340425531914893,0.5673469387755101,0.5546558704453439,0.5802469135802468,0.536,0.6340425531914893
SNXS-L,0.050000000000000044,-0.4285714285714286,-0.5121951219512195,-0.5,-0.5652173913043478,-0.6428571428571428,-0.6551724137931034,-0.5652173913043478,-0.5652173913043478,-0.6363636363636364,-0.7058823529411764,-0.7333333333333334,-0.7647058823529411,-0.7619047619047619,-0.7590361445783133,-0.7916666666666666,-0.782608695652174,-0.8165137614678899,-0.7802197802197802,-0.7872340425531914,-0.8165137614678899,-0.8058252427184466,-0.7938144329896907,-0.7894736842105263,-0.8333333333333333,-0.8305084745762712,-0.8260869565217391,-0.8095238095238095,-0.8,-0.8412698412698413,-0.8601398601398601,-0.8947368421052632,-0.8958333333333333,-0.9230769230769231,-0.9295774647887324,-0.927797833935018,-0.9295774647887324,-0.9331103678929766,-0.9300699300699301,-0.9163179916317992,-0.91701244813278,-0.9137931034482758,-0.9163179916317992,-0.9065420560747663,-0.911504424778761,-0.9201056522854177,-0.9216130928083344,-0.9068496394359131,-0.9116062535923771
BAG-L,0.006849315068492956,0.10188679245283017,0.11026615969581743,0.18218623481781382,0.3773584905660379,0.2532188841201719,0.34562211981566815,0.45999999999999996,0.45999999999999996,0.45999999999999996,0.45999999999999996,0.49743589743589745,0.4747474747474747,0.3773584905660379,0.3581395348837211,0.3581395348837211,0.2532188841201719,0.6073410568823412,0.6528318415110865,0.684617069232454,0.7877568897977061,0.825001825001825,0.8838728516147871,0.8442123705281601,0.8638316510656943,0.8442123705281601,0.8638316510656943,0.904349730436687,0.825001825001825,0.7009725747589826,0.6373848149549084,0.6222238444460666,0.5927288654561382,0.5642872785729929,0.447935332232853,0.42439166829410757,0.4129046387110904,0.39490585350457974,0.39490585350457974,0.39490585350457974,0.3113785568875389,0.2920366902667788,0.3415021071988913,0.23728937288259355,0.2732570872105755,0.28257814934242464,0.28257814934242464,0.28257814934242464,0.3113785568875389
CDFF-L,0.09090909090909083,-0.37142857142857144,-0.37142857142857144,-0.36416184971098264,-0.38888888888888884,-0.44999999999999996,-0.44999999999999996,-0.44999999999999996,-0.44999999999999996,-0.44999999999999996,-0.4358974358974359,-0.44999999999999996,-0.5111111111111111,-0.5416666666666667,-0.5736434108527132,-0.6071428571428572,-0.6071428571428572,-0.6071428571428572,-0.6071428571428572,-0.6615384615384615,-0.6615384615384615,-0.6615384615384615,-0.6811594202898551,-0.7066666666666667,-0.7066666666666667,-0.7066666666666667,-0.7066666666666667,-0.7283950617283951,-0.7317073170731707,-0.7317073170731707,-0.7317073170731707,-0.7411764705882353,-0.7411764705882353,-0.752808988764045,-0.7731958762886598,-0.7731958762886598,-0.7755102040816326,-0.7731958762886598,-0.7731958762886598,-0.7441860465116279,-0.725,-0.7283950617283951,-0.7411764705882353,-0.7411764705882353,-0.7411764705882353,-0.7411764705882353,-0.7411764705882353,-0.7411764705882353,-0.7349397590361446
PZC-L,-0.05063291139240511,0.002538071065989689,0.002538071065989689,0.002538071065989689,0.012820512820512775,-0.012499999999999845,-0.005037783375314686,0.007653061224489832,0.007653061224489832,0.010230179028133168,0.0,0.06469002695417814,0.0972222222222221,0.11267605633802824,0.11898016997167127,0.11267605633802824,0.14492753623188404,0.19696969696969702,0.2619808306709266,0.24605678233438488,0.3166666666666669,0.348122866894198,0.3166666666666669,0.29508196721311486,0.1861861861861862,0.19696969696969702,0.16176470588235303,0.16176470588235303,0.1549707602339181,0.14492753623188404,0.14492753623188404,0.17910447761194037,0.25396825396825395,0.274193548387097,0.1861861861861862,0.22291021671826616,0.24213836477987427,0.270096463022508,0.270096463022508,0.2619808306709266,0.24213836477987427,0.19696969696969702,0.22670807453416142,0.3573883161512028,0.2500000000000002,0.234375,0.20795107033639137,0.17910447761194037,0.13505747126436773
GPEG-L,-0.13043478260869568,-0.15441176470588225,-0.2857142857142857,-0.272151898734177,-0.14814814814814803,-0.2944785276073618,-0.33526011560693614,-0.3113772455089818,-0.2987804878048781,-0.4072164948453607,-0.4600938967136148,-0.4417475728155339,-0.4278606965174129,-0.39790575916230364,-0.45238095238095233,-0.48430493273542596,-0.5064377682403434,-0.5286885245901639,-0.4978165938864628,-0.46759259259259256,-0.5085470085470083,-0.4278606965174129,-0.4010416666666665,-0.4651162790697675,-0.518828451882845,-0.5542635658914727,-0.5676691729323308,-0.5593869731800765,-0.5921985815602835,-0.5627376425855511,-0.6166666666666667,-0.6217105263157894,-0.6241830065359477,-0.6075085324232081,-0.6383647798742138,-0.6504559270516718,-0.6556886227544909,-0.6368406526257684,-0.6319985279941118,-0.6239766975416675,-0.6415570077864725,-0.6523915566695011,-0.6443284742211133,-0.6145235977591954,-0.638742010465424,-0.6057127085651199,-0.5855839279212972,-0.5880580537247521,-0.6112660506980055
IPU-L,-0.07518796992481203,-0.08904109589041098,-0.20833333333333337,-0.18404907975460116,-0.08275862068965512,-0.08275862068965512,-0.022058823529411797,-0.07638888888888884,-0.10135135135135132,-0.07638888888888884,-0.08904109589041098,-0.07638888888888884,0.007575757575757791,-0.014814814814814725,-0.022058823529411797,-0.022058823529411797,0.007575757575757791,0.13191489361702136,0.26666666666666683,0.19819819819819817,0.16666666666666674,0.1271186440677965,0.11764705882352944,0.05555555555555558,-0.08275862068965512,-0.09523809523809512,-0.06338028169014076,0.007575757575757791,-0.09523809523809512,-0.14743589743589747,-0.1890243902439025,-0.2267441860465116,-0.20833333333333337,-0.1890243902439025,-0.29629629629629617,-0.3248730964467006,-0.31443298969072153,-0.2810810810810811,-0.28877005347593576,-0.26923076923076916,-0.26519337016574585,-0.2267441860465116,-0.1890243902439025,-0.09523809523809512,-0.08904109589041098,-0.12499999999999989,-0.11333333333333329,-0.11920529801324509,-0.14743589743589747
PSON-L,-0.05198776758409773,-0.10164835164835162,-0.24480369515011546,-0.27413984461709207,-0.13377483443708604,-0.18555417185554157,-0.15175097276264593,-0.07757404795486611,-0.11382113821138207,-0.143979057591623,-0.1668789808917197,-0.1506493506493508,-0.13031914893617025,-0.057636887608069065,-0.11141304347826086,-0.11621621621621636,-0.1495448634590376,-0.09543568464730301,0.004608294930875445,0.006153846153846176,-0.023880597014925398,0.01869158878504673,0.020280811232449292,-0.06571428571428573,-0.10288065843621408,-0.15175097276264593,-0.12214765100671132,-0.010590015128593033,-0.03539823008849563,-0.061692969870875136,-0.12683578104138848,-0.14621409921671025,-0.11020408163265305,-0.05079825834542828,-0.09793103448275853,-0.17319848293299633,-0.1506493506493508,-0.09166666666666667,-0.06034482758620707,-0.0966850828729281,-0.08659217877094982,-0.05899280575539578,-0.09793103448275853,0.0092592592592593,-0.023880597014925398,-0.10164835164835162,-0.13031914893617025,-0.07234042553191489,-0.16046213093709882
HRN-L,-0.01904761904761909,-0.06250000000000011,-0.08695652173913049,-0.06666666666666665,-0.06666666666666665,-0.07079646017699115,-0.058295964125560595,0.009615384615384581,-0.01869158878504673,0.0,0.08247422680412364,0.12903225806451601,0.09375,0.06060606060606033,-0.09482758620689657,-0.11016949152542377,-0.1250000000000001,-0.08695652173913049,-0.08695652173913049,-0.10256410256410242,-0.09482758620689657,-0.07488986784140972,-0.07894736842105277,-0.09482758620689657,-0.12863070539419097,-0.12863070539419097,-0.08695652173913049,-0.023255813953488302,-0.11764705882352955,-0.09090909090909083,-0.11764705882352955,-0.06666666666666665,-0.014084507042253502,-0.004739336492891266,-0.14285714285714302,-0.0454545454545453,-0.058295964125560595,-0.04977375565610864,-0.027777777777777568,0.0714285714285714,0.1351351351351351,0.1351351351351351,0.10526315789473717,0.07692307692307665,-0.03669724770642213,-0.04977375565610864,-0.0454545454545453,0.050000000000000044,0.16666666666666652
OVB-L,0.0,0.0,-0.16666666666666663,-0.16666666666666663,-0.16666666666666663,-0.5,-0.5,-0.5,-0.5454545454545454,-0.5454545454545454,-0.5454545454545454,-0.6428571428571428,-0.6153846153846154,-0.6875,-0.6666666666666667,-0.7222222222222222,-0.782608695652174,-0.5454545454545454,-0.6153846153846154,-0.7222222222222222,-0.782608695652174,-0.782608695652174,-0.8387096774193549,-0.8484848484848485,-0.868421052631579,-0.8571428571428572,-0.8837209302325582,-0.8611111111111112,-0.8958333333333334,-0.8837209302325582,-0.9090909090909091,-0.9074074074074074,-0.9056603773584906,-0.9137931034482758,-0.9264705882352942,-0.9264705882352942,-0.9295774647887324,-0.8863636363636364,-0.8863636363636364,-0.8863636363636364,-0.8863636363636364,-0.8863636363636364,-0.84375,-0.7916666666666666,-0.8076923076923077,-0.8214285714285714,-0.8387096774193549,-0.8571428571428572,-0.875
ATRAS-L,-0.03947368421052633,-0.11627906976744184,-0.18279569892473113,-0.19148936170212771,-0.1460674157303371,-0.08433734939759041,-0.07317073170731703,0.05555555555555558,0.1515151515151516,0.027027027027026973,-0.02564102564102566,-0.11627906976744184,-0.1648351648351648,-0.11627906976744184,-0.07317073170731703,-0.10588235294117643,-0.08433734939759041,0.01333333333333342,0.34513274336283195,0.4339622641509433,0.4476190476190476,0.38181818181818183,0.3944954128440368,-0.012987012987012991,-0.1648351648351648,-0.20833333333333337,-0.18279569892473113,-0.07878787878787874,-0.17391304347826086,-0.09523809523809523,-0.23232323232323238,-0.2549019607843137,-0.19999999999999996,-0.13636363636363635,-0.1648351648351648,-0.10059171597633132,-0.13142857142857145,-0.10059171597633132,-0.11111111111111116,-0.08982035928143717,0.0066225165562914245,0.1692307692307693,0.24590163934426235,0.38181818181818183,0.4022140221402213,0.3944954128440368,0.3571428571428572,0.42056074766355134,0.2881355932203389
CRDA-L,-0.0059880239520956335,-0.09729729729729775,-0.12105263157894752,-0.09239130434782605,0.05696202531645578,0.030864197530864113,0.0060240963855420215,0.10596026490066213,0.07395498392282951,0.012121212121211977,0.03726708074534124,-0.10215053763440873,0.012121212121211977,0.012121212121211977,0.018292682926829062,-0.09239130434782605,-0.1347150259067359,-0.10695187165775388,0.018292682926829062,0.1360544217687074,0.05696202531645578,0.030864197530864113,0.15972222222222232,0.11333333333333329,-0.07222222222222219,-0.005952380952381153,-0.029069767441860628,0.06369426751592355,-0.04022988505747138,-0.051136363636363646,-0.09729729729729775,-0.0824175824175829,-0.0824175824175829,-0.1164021164021164,-0.23041474654377891,-0.26431718061674014,-0.32113821138211396,-0.13917525773195882,-0.14578005115089543,-0.1971153846153848,-0.20095693779904322,-0.15869017632241855,-0.16500000000000026,-0.017647058823529238,-0.051136363636363646,-0.11873350923482862,-0.11873350923482862,-0.13917525773195882,-0.1932367149758455
BOOT-L,0.0,-0.28888888888888886,-0.19999999999999996,-0.0783410138248849,0.0554089709762533,0.06951871657753994,0.09140518417462484,0.12994350282485878,0.1594202898550725,0.16279069767441867,0.3157894736842104,0.3223140495867767,0.3377926421404682,0.40845070422535223,0.3628620102214648,0.36054421768707456,0.4953271028037385,0.5686274509803924,0.8018018018018016,0.8181818181818181,0.8264840182648399,0.8390804597701147,0.8823529411764706,0.7278617710583151,0.7094017094017095,0.7094017094017095,0.7857142857142856,0.8348623853211008,0.8390804597701147,0.8181818181818181,0.7582417582417582,0.7582417582417582,0.9370460048426146,0.9370460048426146,0.6161616161616161,0.6000000000000001,0.556420233463035,0.6161616161616161,0.5655577299412915,0.6913319238900633,0.7316017316017316,0.797752808988764,0.8867924528301883,1.1505376344086016,1.0725388601036272,1.0618556701030926,1.094240837696335,1.1052631578947367,1.1447721179624661
CFYN-L,-0.022662889518413554,0.0,-0.040760869565217406,-0.0536193029490617,-0.0028248587570621764,0.0,0.014367816091954033,0.044378698224851965,-0.005633802816901401,-0.0328767123287671,-0.0328767123287671,0.08615384615384625,0.12779552715654963,0.044378698224851965,0.008571428571428674,-0.005633802816901401,-0.02754820936639113,-0.07832898172323755,-0.08311688311688314,-0.11750000000000005,-0.1283950617283951,-0.1595238095238095,-0.16941176470588237,-0.2155555555555555,-0.25684210526315787,-0.278118609406953,-0.3051181102362205,-0.31853281853281856,-0.33396226415094343,-0.3558394160583942,-0.35818181818181816,-0.37522123893805315,-0.39137931034482754,-0.3860869565217391,-0.4016949152542373,-0.3965811965811966,-0.4016949152542373,-0.40472175379426645,-0.31456310679611654,-0.3211538461538461,-0.3237547892720306,-0.3276190476190476,-0.2721649484536083,-0.2721649484536083,-0.28105906313645623,-0.30099009900990104,-0.29821073558648115,-0.307843137254902,-0.36738351254480284
UBGU-L,-0.06024096385542199,-0.07777777777777728,-0.26548672566371656,-0.27510917030567683,-0.045977011494252484,-0.1487179487179483,-0.15949367088607558,-0.1741293532338305,-0.1822660098522163,-0.25892857142857106,-0.29059829059829023,-0.2844827586206894,-0.23502304147465414,-0.25892857142857106,-0.2844827586206894,-0.3224489795918365,-0.34645669291338554,-0.2936170212765956,-0.21327014218009444,-0.24545454545454515,-0.33599999999999974,-0.3224489795918365,-0.3306451612903223,-0.38518518518518485,-0.42758620689655147,-0.42160278745644575,-0.39194139194139155,-0.36641221374045785,-0.37827715355805236,-0.3688212927756651,-0.4448160535117055,-0.442953020134228,-0.44666666666666643,-0.41958041958041936,-0.4828660436137071,-0.5029940119760477,-0.46537842190016065,-0.4305317324185247,-0.42461005199306734,-0.3885819521178634,-0.3817504655493479,-0.36398467432950177,-0.3540856031128402,-0.2420091324200906,-0.22065727699530457,-0.205741626794258,-0.16791979949874647,-0.1443298969072161,-0.19417475728155276
ECORE-L,-0.20000000000000007,-0.19999999999999984,-0.23076923076923073,-0.23076923076923073,-0.13043478260869568,-0.13043478260869568,-0.09090909090909083,-0.23076923076923073,-0.3749999999999999,-0.3749999999999999,-0.33333333333333326,-0.3749999999999999,-0.23076923076923073,-0.16666666666666663,-0.33333333333333326,-0.4117647058823528,-0.2592592592592592,-0.2857142857142857,-0.33333333333333326,-0.33333333333333326,-0.2857142857142857,-0.33333333333333326,-0.4117647058823528,-0.5454545454545454,-0.5833333333333333,-0.6153846153846154,-0.6551724137931034,-0.6428571428571428,-0.6875,-0.7222222222222222,-0.7222222222222222,-0.7142857142857143,-0.7368421052631579,-0.6551724137931034,-0.7222222222222222,-0.7222222222222222,-0.7560975609756098,-0.75,-0.7674418604651163,-0.7959183673469388,-0.7727272727272727,-0.7727272727272727,-0.782608695652174,-0.75,-0.7560975609756098,-0.7222222222222222,-0.7222222222222222,-0.6774193548387097,-0.7142857142857143
SHEL-L,-0.005015886133775016,-0.008786728961868606,-0.03620556375522399,-0.024252580061243423,0.036508138828102554,0.03561918279090337,0.016960265239854833,0.003917999070745637,0.04227353644516163,-0.015413662784116822,-0.009952364783581413,-0.045714343683397884,-0.06832206629420667,-0.051533808696604066,-0.05010453873285459,-0.05036686135815849,0.03032858767887725,0.07794433294298342,0.21076605816628202,0.12758205709446502,0.11679367310183975,0.14508057039470046,0.10151707802250498,0.06062128174433612,0.015988718717698136,0.06598679530881424,0.0019446711901622837,0.026669178033519092,-0.0019537229020618607,0.028301126027754364,0.007682392299407814,-0.03973089147496689,0.023323910875358678,0.08866650951766819,0.09195510231131876,0.07852522524340233,0.12024935097276956,0.13782471596264867,0.1571974958831357,0.19966069597627212,0.22810816705147796,0.35047795433942963,0.3513296635318597,0.4445172701772795,0.49394757802315814,0.4431732418228458,0.47670515484525033,0.43700244595014204,0.35920052279025727
HID-L,0.0,0.0,0.0,0.0,0.0,0.0,0.0,0.0,0.0,0.0,0.0,0.0,0.0,0.0,0.0,0.0,0.0,0.0,0.0,0.0,0.0,0.0,0.0,0.0,0.0,0.0,0.0,0.0,0.0,0.0,0.0,0.0,0.0,0.0,0.0,0.0,0.0,0.0,0.0,0.0,0.0,0.0,0.0,0.0,0.0,0.0,0.0,0.0,0.0
SBRY-L,-0.022875816993464082,-0.015021459227467893,-0.02547770700636942,0.0749414519906324,0.17994858611825193,0.18604651162790686,0.20472440944881898,0.23056300268096508,0.33819241982507275,0.32276657060518743,0.2714681440443212,0.2575342465753425,0.22399999999999998,0.3263312291189522,0.2412190646835115,0.21205203705387254,0.3263312291189522,0.41529247009644243,0.45067478184885434,0.5220194432512566,0.5682970614582203,0.5220194432512566,0.5736133226835023,0.5473864339721106,0.5525616394369002,0.5789657489511331,0.5789657489511331,0.8348455738799732,0.8718384281920699,0.7718165274489819,0.7386364426652929,0.7517582271382386,0.7451726698933576,0.8276217724080048,0.7066762139398277,0.600744586867701,0.6638563806151725,0.8718384281920699,0.926207179218395,0.9222191726361626,1.0677769719003707,1.1392439179337939,0.9753869369856729,1.3327433677971525,1.3327433677971525,1.1896977839227985,1.4052638870032808,1.2534753892797728,1.1392439179337939
RCH-L,-0.0946969696969695,-0.06382978723404253,-0.11705685618729122,-0.0434782608695653,0.1681415929203538,0.01214097605584974,0.01214097605584974,0.1628853767450189,0.08443676005983924,0.05512765843660028,0.06333876861898591,0.08875722523936025,0.1434228599794114,0.11999206366835824,0.06749243568390417,0.06333876861898591,0.09750226319309019,0.33959835066215405,0.48520686703847526,0.5015278216213155,0.5439438617801096,0.4692369007262336,0.5266930923747455,0.43830559755304965,0.4014259668465612,0.47717872181124,0.5439438617801096,0.607518020794585,0.5888259507853455,0.31383684391865097,0.24217301606854313,0.2478450389729654,0.2145691712670197,0.5615889344861682,0.43830559755304965,0.4014259668465612,0.31383684391865097,0.282995603451077,0.25356909878476785,0.2890474695050915,0.38719829205624046,0.43830559755304965,0.43830559755304965,0.5439438617801096,0.5182114640837747,0.5015278216213155,0.5439438617801096,0.5439438617801096,0.6869016267597494
DSCV-L,0.0045045045045042365,-0.017699115044247593,-0.02631578947368396,-0.017699115044247593,0.09359605911330049,0.12121212121212133,0.13846153846153864,0.13846153846153864,0.11557788944723613,0.09359605911330049,0.09359605911330049,0.12121212121212133,0.13265306122448983,0.13846153846153864,0.1100000000000001,0.1100000000000001,0.13265306122448983,0.24719101123595522,0.29824561403508776,0.2333333333333334,0.15025906735751327,0.12121212121212133,0.09359605911330049,0.05213270142180115,0.032558139534883956,0.06730769230769251,0.3214285714285714,0.3214285714285714,0.3058823529411765,0.3058823529411765,0.3214285714285714,0.3454545454545457,0.4509803921568629,0.4605263157894739,0.2333333333333334,0.19354838709677447,0.2065217391304348,0.19999999999999996,0.18716577540106938,0.17460317460317465,0.1684210526315788,0.19354838709677447,0.3214285714285714,0.3293413173652697,0.2906976744186047,0.3058823529411765,0.31360946745562135,0.4509803921568629,0.4800000000000002
HILS-L,-0.09909909909909909,-0.16541353383458635,-0.21830985915492984,-0.13953488372093048,-0.03478260869565242,-0.16938692448896553,-0.1520824854158188,-0.20195998627371192,-0.22229221592278936,-0.21730690961460197,-0.21730690961460197,-0.19670972302551237,-0.2320747037728168,-0.12158185539480504,-0.1520824854158188,-0.17499917499917517,-0.20714206428492143,-0.12215510705618993,0.1679153793078514,0.23220429926975128,0.2552361553308684,0.22100244200366315,0.3431026862040294,0.1679153793078514,-0.054153037884486555,-0.20993959635057113,-0.24118492304857098,0.07448214896322325,-0.2005341153547444,-0.28627322114064513,-0.29646931798149323,-0.3576458990265807,-0.37131300755793006,-0.37661838302157624,-0.44872595811982674,-0.47422973941677427,-0.5008735026220053,-0.4957629924099438,-0.49229744596602587,-0.45482862279008696,-0.39942502754517706,-0.3309818762845854,-0.22917477050180501,-0.15976396784556968,-0.2155318460859077,-0.22241314568164527,-0.23909955886444256,-0.2763681518996536,-0.3309818762845854
HDT-L,0.0,0.0,0.0,0.11111111111111094,0.15384615384615397,0.19999999999999996,0.19999999999999996,0.19999999999999996,0.19999999999999996,0.23287671232876694,0.2857142857142858,0.3043478260869563,0.25,0.19999999999999996,0.125,0.125,0.125,0.19999999999999996,0.19999999999999996,0.19999999999999996,0.19999999999999996,0.125,0.022727272727272707,0.022727272727272707,0.0,0.0,-0.052631578947368474,-0.052631578947368474,-0.052631578947368474,-0.10000000000000009,-0.14285714285714302,-0.14285714285714302,-0.21739130434782616,-0.2968750000000001,-0.3571428571428571,-0.3571428571428571,-0.36170212765957455,-0.4,-0.4,-0.4,-0.4078947368421053,-0.41176470588235303,-0.391891891891892,-0.3793103448275862,-0.3793103448275862,-0.3793103448275862,-0.38356164383561653,-0.3793103448275862,-0.4
C1Y-L,-0.036231884057971064,-0.061224489795918324,-0.09210526315789469,-0.0036101083032491488,-0.014285714285714235,-0.034965034965035,-0.028169014084507005,-0.021276595744680882,-0.028169014084507005,-0.021276595744680882,0.014705882352941124,0.03759398496240607,0.078125,0.14049586776859502,0.078125,0.06976744186046502,0.03759398496240607,0.1499999999999999,0.2777777777777777,0.14049586776859502,0.14049586776859502,0.1596638655462186,0.22123893805309724,0.18965517241379315,0.09523809523809534,0.08661417322834652,0.1596638655462186,0.22123893805309724,0.1499999999999999,0.045454545454545414,0.06976744186046502,0.25454545454545463,0.25454545454545463,0.2432432432432432,0.045454545454545414,0.007299270072992803,-0.014285714285714235,-0.007194244604316502,-0.10389610389610393,-0.11538461538461542,-0.14814814814814814,-0.0738255033557047,-0.12658227848101267,-0.1428571428571429,-0.15337423312883436,-0.21590909090909094,-0.13749999999999996,-0.04166666666666663,-0.1428571428571429
ATST-L,-0.04147104851330219,-0.020689655172413612,-0.09745762711864381,-0.09681978798586566,-0.01692307692307682,-0.07391304347826078,-0.05960264900662238,-0.030349013657056223,0.010276679841897174,-0.0390977443609023,-0.08057553956834518,-0.08057553956834518,-0.07458363504706722,0.007886435331230457,-0.0214395099540583,0.0,0.010276679841897174,0.039024390243902474,0.23478260869565237,0.24077669902912602,0.2264875239923223,0.24926686217008798,0.3148148148148151,0.2253116011505274,0.097938144329897,0.09324208725406335,0.07911846660474553,0.19405774082033056,0.1685105604827648,0.16181818181818208,0.09643102264927927,0.058122205663189375,0.10831671147341937,0.20282352941176507,0.13137393767705374,0.09352271754941355,0.13761794552252082,0.20282352941176507,0.21900038153376578,0.28960645812310815,0.3121149897330595,0.3175257731958765,0.32572614107883857,0.5472154963680389,0.5797280593325094,0.5000000000000002,0.5490909090909091,0.5416164053075996,0.5250596658711217
ADIG-L,-0.04807692307692313,-0.01577287066246058,-0.08504398826979476,-0.10034602076124566,0.04417670682730912,-0.002557544757033292,-0.025000000000000022,-0.054545454545454564,0.006451612903225712,-0.06586826347305386,-0.1235955056179775,-0.13812154696132595,-0.09302325581395354,-0.03105590062111796,-0.06024096385542166,-0.042944785276073594,-0.06810035842293904,-0.042944785276073594,0.1223021582733812,0.1729323308270676,0.1512915129151291,0.19083969465648853,0.19083969465648853,0.09090909090909083,0.046979865771812124,-0.0031948881789137795,0.019607843137254832,0.1223021582733812,0.1190817790530847,0.1063829787234043,0.010362694300518172,-0.051094890510948954,0.0,0.061224489795918435,-0.04528763769889843,-0.10857142857142854,-0.06586826347305386,0.0038610038610038533,-0.002557544757033292,-0.008894536213468918,-0.018867924528301883,-0.006369426751592355,-0.015151515151515138,0.1223021582733812,0.15555555555555545,0.11428571428571432,0.1729323308270676,0.21875,0.15555555555555545
BATS-L,-0.028225806451612878,0.006765899864682012,-0.08261405672009858,-0.029986962190352018,0.09653647752394989,0.17908082408874804,0.12217194570135748,0.1923076923076923,0.2097560975609758,0.16981132075471694,0.10222222222222221,0.06896551724137923,0.0013458950201883368,0.030470914127423754,0.05382436260623247,0.05832147937411092,0.04788732394366213,0.09411764705882364,0.1961414790996785,0.29166666666666674,0.2761578044596913,0.3381294964028776,0.3405405405405406,0.40909090909090917,0.280550774526678,0.13587786259542,0.13587786259542,0.17174455224514285,0.12105480982522998,0.09971222555390336,0.0711623964815431,0.024188253562553275,0.04280089362609241,0.15083445678565566,0.061972377146611635,0.04405743163504061,0.014712803037733035,0.32913523932185984,0.5257321051486534,0.5840279022192325,0.5071547443275706,0.6138261548033532,0.5814259217264468,0.913144761567499,0.9969192498592314,0.8557791015504825,0.9900396474825914,0.9969192498592314,0.992327575336676
CTID-L,-0.1216216216216216,0.0,-0.07500000000000007,0.05714285714285716,0.05714285714285716,0.0,-0.01333333333333342,0.01928374655647369,-0.07500000000000007,-0.22105263157894728,-0.20430107526881713,-0.22105263157894728,-0.22105263157894728,-0.2570281124497992,-0.2952380952380952,-0.2952380952380952,-0.2525252525252525,-0.18681318681318682,-0.07500000000000007,-0.12941176470588245,-0.12941176470588245,-0.12941176470588245,-0.22105263157894728,-0.2952380952380952,-0.3833333333333333,-0.4307692307692307,-0.5066666666666666,-0.4825174825174825,-0.5225806451612902,-0.5375,-0.5771428571428572,-0.6,-0.6,-0.6205128205128205,-0.6711111111111111,-0.6782608695652174,-0.6782608695652174,-0.6636363636363636,-0.6851063829787234,-0.6711111111111111,-0.6390243902439023,-0.6299999999999999,-0.5888888888888888,-0.5888888888888888,-0.6105263157894736,-0.7403508771929824,-0.6851063829787234,-0.6476190476190475,-0.6
BGFD-L,0.027855153203342642,-0.14523809523809528,-0.25826446280991733,-0.2279569892473119,-0.16705336426914164,-0.3388581952117864,-0.3634751773049646,-0.35663082437275984,-0.32771535580524347,-0.45357686453576873,-0.4381846635367762,-0.36684303350970027,-0.3976510067114094,-0.4133986928104576,-0.39966555183946484,-0.416260162601626,-0.3531531531531532,-0.31619047619047624,-0.21098901098901102,-0.222943722943723,-0.21786492374727673,-0.2673469387755102,-0.17471264367816097,-0.28628230616302186,-0.36795774647887325,-0.3799654576856649,-0.3799654576856649,-0.30560928433268864,-0.2643442622950819,-0.3531531531531532,-0.44341085271317837,-0.49719887955182074,-0.49790209790209794,-0.5,-0.464179104477612,-0.416260162601626,-0.37017543859649127,-0.3135755258126195,-0.29951219512195126,-0.32645403377110693,-0.31749049429657794,-0.32518796992481214,-0.3109404990403072,-0.2703252032520326,-0.23940677966101698,-0.20925110132158586,-0.1986607142857144,-0.20750551876379686,-0.2613168724279836
BOY-L,-0.028368794326241065,-0.025345622119815503,-0.011682242990654346,0.011961722488038617,0.10443864229764976,0.11904761904761907,0.13404825737265424,0.165289256198347,0.165289256198347,0.14945652173913038,0.19154929577464808,0.3733766233766236,0.44368600682593873,0.4586206896551721,0.4586206896551721,0.6083650190114067,0.5962264150943395,0.8391304347826087,1.0047393364928912,0.9583333333333333,1.1149999999999998,1.053398058252427,1.1044776119402977,0.9859154929577463,0.8799999999999997,0.9227272727272733,0.967441860465116,1.2146596858638739,1.158163265306122,0.8716814159292035,0.8716814159292035,0.9140271493212666,0.9054054054054048,1.0047393364928912,0.719512195121951,0.5107142857142857,0.5326086956521738,0.5437956204379562,0.5107142857142857,0.4586206896551721,0.42905405405405395,0.3301886792452833,0.42905405405405395,0.4586206896551721,0.4194630872483218,0.39603960396039617,0.5902255639097744,0.6653543307086613,0.6022727272727268
CRGT-L,0.05022831050228316,0.028169014084507005,-0.124,-0.06808510638297871,-0.004545454545454519,-0.0798319327731093,0.06310679611650483,0.19672131147540983,0.2882352941176469,0.25142857142857133,0.1837837837837839,0.15263157894736823,0.15263157894736823,0.12307692307692308,0.06829268292682933,0.05288461538461542,0.10606060606060619,0.2807017543859649,0.5642857142857143,0.5103448275862068,0.9043478260869566,0.9043478260869566,0.6466165413533835,0.7804878048780486,0.7804878048780486,0.990909090909091,0.990909090909091,0.990909090909091,0.752,0.5642857142857143,0.45999999999999996,0.45999999999999996,0.3687499999999999,0.38607594936708867,0.12307692307692308,0.08415841584158401,0.10606060606060619,-0.17358490566037743,-0.45112781954887216,-0.45925925925925926,-0.47732696897374693,-0.4684466019417476,-0.4455696202531645,-0.3950276243093923,-0.4525,-0.496551724137931,-0.5165562913907285,-0.4483627204030226,-0.4075938675631998
RIICi-L,-0.00917431192660545,-0.05217391304347829,-0.05217391304347829,-0.04385964912280704,0.048076923076922906,-0.00909090909090915,-0.00909090909090915,-0.00909090909090915,-0.00909090909090915,-0.03539823008849563,-0.04385964912280704,-0.03539823008849563,-0.05217391304347829,-0.06034482758620696,-0.04385964912280704,0.05825242718446577,0.08999999999999986,0.15957446808510634,0.11224489795918347,0.11224489795918347,0.11224489795918347,0.08999999999999986,0.11224489795918347,0.08999999999999986,0.07920792079207928,0.05825242718446577,0.03809523809523796,0.028301886792452713,0.0092592592592593,-0.03539823008849563,-0.09917355371900827,-0.11382113821138218,-0.11382113821138218,-0.09917355371900827,-0.128,-0.10655737704918045,-0.10655737704918045,-0.06837606837606847,-0.05217391304347829,-0.018018018018018056,-0.00909090909090915,0.07920792079207928,0.13541666666666674,0.2247191011235954,0.2528735632183907,0.24571428571428555,0.2823529411764705,0.2823529411764705,0.2823529411764705
MKS-L,-0.05396825396825389,-0.03669724770642202,-0.05970149253731338,-0.06666666666666665,0.10139860139860124,-0.015625,0.06060606060606055,0.13718411552346588,0.13718411552346588,0.09375,0.13309352517985595,0.07692307692307687,0.10720562390158173,0.2962962962962963,0.25498007968127534,0.23046875,0.30165289256198347,0.2962962962962963,0.39380530973451333,0.43181818181818166,0.40000000000000013,0.381578947368421,0.43181818181818166,0.3519313304721028,0.290983606557377,0.33192389006342515,0.40625,0.693548387096774,0.6071428571428579,0.529126213592233,0.5555555555555556,0.5441176470588236,0.5632754342431763,0.6666666666666665,0.5989847715736041,0.4285714285714286,0.49289099526066327,0.6237113402061853,0.759776536312849,0.8639053254437872,0.9565217391304348,0.9325153374233126,0.7897727272727271,1.032258064516129,1.1875,0.820809248554913,0.9325153374233126,1.0930232558139532,0.820809248554913
BWY-L,-0.05660377358490565,-0.20895522388059695,-0.2861952861952861,-0.25874125874125875,-0.15369261477045904,-0.229090909090909,-0.12757201646090532,-0.01851851851851838,-0.0535714285714286,-0.06607929515418498,-0.13469387755102047,-0.09012875536480691,-0.07017543859649111,-0.07826086956521727,-0.07017543859649111,-0.013953488372092981,-0.14980845104195217,-0.06583891534239206,0.11275070378332708,0.09135165178749416,0.08612987354927637,0.282492336563835,0.49342857613025504,0.30460427340114227,0.060753007344854115,0.050931220239808894,0.15229006889237962,0.33530084453999276,0.20745289133935518,0.20745289133935518,0.18848766267957462,0.16410842857332697,0.312145338565311,0.5234976078644213,0.2139098586727206,0.26111746428777094,0.12376803748415233,-0.0130385062095707,-0.09199542571280506,-0.07346472011510718,-0.03813074757712398,-0.03403768692851594,-0.06583891534239206,0.046088219224879046,0.10732265156975007,-0.07346472011510718,-0.05020442020167881,0.017942347855599783,-0.09199542571280506
TPK-L,-0.09420289855072461,-0.15853658536585358,-0.326829268292683,-0.34597156398104256,-0.2499999999999999,-0.34905660377358494,-0.29949238578680204,-0.21590909090909083,-0.36986301369863017,-0.41025641025641035,-0.4152542372881356,-0.41276595744680855,-0.3811659192825112,-0.3755656108597285,-0.3640552995391705,-0.36986301369863017,-0.4152542372881356,-0.4201680672268907,-0.29591836734693877,-0.2774869109947643,-0.2849740932642487,-0.27368421052631586,-0.14814814814814814,-0.19767441860465118,-0.352112676056338,-0.35813953488372086,-0.31343283582089543,-0.1929824561403508,-0.22033898305084731,-0.23333333333333317,-0.2540540540540541,-0.17365269461077826,-0.2114285714285713,-0.2114285714285713,-0.31343283582089543,-0.35813953488372086,-0.3727272727272728,-0.3669724770642202,-0.41276595744680855,-0.41276595744680855,-0.47528517110266155,-0.4692307692307691,-0.5018050541516246,-0.4201680672268907,-0.46303501945525305,-0.519163763066202,-0.42500000000000016,-0.3866666666666666,-0.44799999999999995
LPA-L,0.0,-0.11764705882352944,-0.13461538461538458,-0.09999999999999998,-0.0625,-0.04255319148936165,-0.0625,-0.18181818181818177,-0.18181818181818177,-0.1964285714285714,-0.1964285714285714,-0.0625,-0.04255319148936165,-0.0625,-0.2622950819672131,-0.2622950819672131,-0.25,-0.15094339622641506,-0.0625,0.09756097560975618,0.09756097560975618,0.04651162790697683,-0.021739130434782594,-0.021739130434782594,-0.15094339622641506,-0.1964285714285714,-0.22413793103448276,-0.2857142857142857,-0.3076923076923077,-0.3661971830985915,-0.3661971830985915,-0.3571428571428571,-0.296875,-0.34782608695652173,-0.4512195121951219,-0.4512195121951219,-0.430379746835443,-0.4155844155844156,-0.4155844155844156,-0.430379746835443,-0.4444444444444444,-0.3734170949360822,-0.3124993124993124,-0.22656172656172657,-0.2611932910440373,-0.28260797826015216,-0.3124993124993124,-0.3734170949360822,-0.3734170949360822
BRSC-L,-0.06382978723404253,-0.15315315315315314,-0.19658119658119655,-0.17543859649122806,-0.02083333333333337,-0.06930693069306926,-0.0505050505050505,-0.04081632653061229,0.021739130434782705,-0.07843137254901966,-0.06930693069306926,0.04444444444444451,0.03296703296703307,0.06818181818181812,0.06818181818181812,0.05027932960893855,0.0835734870317002,0.23278688524590163,0.4296577946768061,0.3772893772893773,0.38745387453874547,0.34285714285714275,0.3772893772893773,0.24092409240924084,0.07428571428571429,0.1393939393939394,0.19365079365079363,0.16049382716049387,0.12574850299401197,0.0835734870317002,0.04155124653739617,0.053221288515406195,0.062146892655367214,0.05027932960893855,-0.07616707616707619,-0.10262529832935563,-0.1132075471698113,-0.10476190476190472,-0.12558139534883717,-0.1090047393364929,-0.09397590361445785,-0.06234413965087282,-0.04081632653061229,0.0473537604456824,0.016216216216216273,0.010752688172043001,0.02732240437158473,0.013477088948786964,-0.010526315789473717
TW-L,-0.018867924528302105,-0.38372093023255804,-0.543103448275862,-0.6044776119402984,-0.5309734513274336,-0.5181818181818181,-0.5350877192982455,-0.5954198473282442,-0.6293706293706294,-0.7119565217391304,-0.7309644670050761,-0.7644444444444445,-0.7695652173913043,-0.7511737089201878,-0.759090909090909,-0.7757365620554598,-0.7965016951984729,-0.8092203392485683,-0.7757365620554598,-0.7444439893190125,-0.7621448385436695,-0.7491116790118159,-0.7306640083509199,-0.7611106856677725,-0.8085556017546609,-0.8118337592588619,-0.8030661566436834,-0.790288006502243,-0.7793391875646091,-0.7926621045418403,-0.8124759648586609,-0.8282983053237114,-0.7870366577658436,-0.79799800626319,-0.8143765462959043,-0.80721213229329,-0.8162389889752096,-0.825572881598691,-0.8272184204515336,-0.8233294459922433,-0.8263995504062801,-0.8105360610468539,-0.8121554109524365,-0.8137473142494497,-0.8165457686263361,-0.8201487977204178,-0.8131138017128832,-0.8061920906652122,-0.8068733135451236
CGT-L,-0.05970149253731338,-0.014705882352941124,-0.1475826972010179,-0.15189873417721522,0.021341463414634054,0.030769230769230882,0.046875,0.030769230769230882,0.08064516129032251,-0.0821917808219178,-0.1298701298701299,0.030769230769230882,0.030769230769230882,0.030769230769230882,0.030769230769230882,0.030769230769230882,-0.07713498622589543,-0.09459459459459463,0.09836065573770525,0.2641509433962266,0.21818181818181825,0.42553191489361697,0.4888888888888887,0.21818181818181825,-0.19277108433734946,-0.3232323232323232,-0.2471910112359551,-0.20238095238095244,-0.3738317757009344,-0.3738317757009344,-0.39639639639639634,-0.3853211009174312,-0.32999999999999996,-0.2637362637362638,-0.4070796460176991,-0.3909090909090909,-0.46825396825396826,-0.35946462715105165,-0.3469785575048733,-0.3135245901639343,-0.35328185328185324,-0.2872340425531914,-0.008875739644970349,0.16319444444444442,0.273764258555133,0.25,0.324110671936759,0.35080645161290325,0.35080645161290325
ABF-L,-0.0347394540942928,-0.051764705882352935,-0.09438202247191019,-0.05841121495327117,-0.0427553444180524,-0.06279069767441858,-0.11233480176211463,-0.15157894736842115,-0.05841121495327117,-0.11428571428571432,-0.18089430894308944,-0.21595330739299612,-0.2578268876611419,-0.23238095238095235,-0.23962264150943402,-0.22200772200772212,-0.15690376569037656,-0.14255319148936174,-0.15157894736842115,-0.05841121495327117,0.010025062656641603,0.04675324675324677,-0.014669926650366705,-0.0427553444180524,-0.0427553444180524,0.02025316455696191,0.00749999999999984,0.04947916666666674,0.04675324675324677,0.015113350125944613,0.010025062656641603,-0.03588516746411485,-0.033573141486810565,0.04134366925064592,0.015113350125944613,0.028061224489795755,0.04947916666666674,0.11944444444444424,0.14002828854313987,0.20298507462686577,0.2249240121580547,0.1923076923076923,0.1923076923076923,0.32131147540983607,0.31699346405228734,0.24,0.2793650793650795,0.3523489932885906,0.27531645569620244
ACRM-L,0.00917431192660545,-0.10655737704918034,-0.13492063492063489,-0.11382113821138207,0.028301886792452935,0.101010101010101,0.29761904761904767,0.29761904761904767,0.29761904761904767,0.2674418604651163,0.2823529411764707,0.2823529411764707,0.2823529411764707,0.2823529411764707,0.2823529411764707,0.2823529411764707,0.23863636363636354,0.23863636363636354,0.1473684210526316,0.09000000000000008,0.058252427184465994,0.03809523809523818,0.09000000000000008,-0.03539823008849563,-0.11382113821138207,-0.11382113821138207,-0.11382113821138207,-0.009090909090909038,-0.03539823008849563,-0.03539823008849563,-0.24827586206896557,-0.24827586206896557,-0.24827586206896557,-0.24827586206896557,-0.2967741935483871,-0.23776223776223782,-0.24827586206896557,-0.2733333333333333,-0.24827586206896557,-0.24827586206896557,-0.1417322834645669,-0.1417322834645669,-0.1484375,-0.19259259259259254,-0.2781456953642384,-0.2967741935483871,-0.3012820512820513,-0.29220779220779225,-0.3771428571428571
CKT-L,0.0,0.0,0.022727272727272707,0.022727272727272707,-0.06249999999999989,-0.06249999999999989,-0.08163265306122447,-0.08163265306122447,-0.06249999999999989,-0.06249999999999989,-0.021739130434782594,-0.021739130434782594,-0.021739130434782594,-0.13461538461538458,-0.375,-0.375,-0.430379746835443,-0.4,-0.3661971830985915,-0.5263157894736843,-0.5161290322580645,-0.5263157894736843,-0.5263157894736843,-0.5263157894736843,-0.5263157894736843,-0.5263157894736843,-0.5263157894736843,-0.5,-0.5,-0.423076923076923,-0.4375,-0.5161290322580645,-0.55,-0.5714285714285714,-0.64,-0.6538461538461539,-0.6590909090909091,-0.6666666666666667,-0.625,-0.625,-0.5631067961165048,-0.5833333333333333,-0.5794392523364487,-0.5588235294117647,-0.6153846153846154,-0.6086956521739131,-0.6017699115044248,-0.6017699115044248,-0.5982142857142857
BIOM-L,0.5,0.0,0.0,0.0,0.0,0.0,0.0,-0.2857142857142858,-0.5,-0.5,-0.5,-0.5,-0.2857142857142858,-0.2857142857142858,-0.33333333333333337,-0.875,-0.888888888888889,-0.875,-0.8571428571428572,-0.875,-0.9,-0.9166666666666666,-0.9166666666666666,-0.9166666666666666,-0.9583333333333334,-0.9583333333333334,-0.9642857142857143,-0.9666666666666667,-0.9722222222222222,-0.98,-0.98,-0.9807692307692307,-0.9821428571428571,-0.9861111111111112,-0.9888888888888889,-0.9916666666666667,-0.9923076923076923,-0.9929577464788732,-0.9933333333333333,-0.9939759036144579,-0.9938271604938271,-0.9929577464788732,-0.9913793103448276,-0.9926470588235294,-0.9931506849315068,-0.9938271604938271,-0.993421052631579,-0.9931506849315068,-0.9931506849315068
RNWH-L,0.0,-0.2222222222222222,-0.6818181818181819,-0.6956521739130435,-0.631578947368421,-0.7083333333333334,-0.5625,-0.5,-0.7083333333333334,-0.9391304347826087,-0.9477611940298507,-0.9530201342281879,-0.9461538461538461,-0.9536423841059603,-0.9461538461538461,-0.9478414986597873,-0.965827188777102,-0.9603595389814383,-0.9412111806928111,-0.951488946305956,-0.9500929447608036,-0.9417052043844681,-0.935167470296745,-0.947446358498119,-0.9663248510764646,-0.9686104946685598,-0.9675837351483725,-0.9644252272910344,-0.9702271215525825,-0.9709745578315971,-0.9716853849867417,-0.96983877965979,-0.9699693477132109,-0.9706055903464056,-0.975224711863399,-0.9746821873056631,-0.9734211468266349,-0.9718004850477712,-0.9727957620460852,-0.9740184244260364,-0.9744960269182048,-0.9742115959916421,-0.9716853849867417,-0.9675837351483725,-0.966966282484532,-0.9680318862753535,-0.9661605820573255,-0.9674315461115104,-0.9702271215525825
VIP-L,-0.022900763358778664,0.0,-0.02238805970149249,0.015503875968992276,0.11016949152542366,0.015503875968992276,-0.007575757575757569,0.0234375,-0.029629629629629672,-0.06428571428571428,-0.09027777777777779,-0.029629629629629672,-0.02238805970149249,0.03149606299212593,0.0234375,0.007692307692307665,-0.04379562043795615,-0.015037593984962405,0.13913043478260878,0.1696428571428572,0.1696428571428572,0.13913043478260878,0.1696428571428572,0.11016949152542366,0.07377049180327866,0.10084033613445387,0.11965811965811968,0.15929203539823011,0.15929203539823011,0.10084033613445387,0.0826446280991735,0.11016949152542366,0.11965811965811968,0.10084033613445387,-0.007575757575757569,-0.02238805970149249,-0.03676470588235292,0.0,0.007692307692307665,0.0234375,0.0234375,0.1293103448275863,0.11016949152542366,0.23584905660377364,0.23584905660377364,0.21296296296296302,0.21296296296296302,0.22429906542056077,0.23584905660377364
GFRD-L,-0.09615384615384603,-0.22388059701492535,-0.32467532467532456,-0.25714285714285723,-0.21212121212121227,-0.2972972972972976,-0.2777777777777779,-0.3333333333333335,-0.38095238095238104,-0.4285714285714285,-0.44680851063829796,-0.4526315789473684,-0.37349397590361444,-0.36585365853658525,-0.4222222222222223,-0.4157303370786517,-0.4639175257731959,-0.4222222222222223,-0.3333333333333335,-0.30666666666666664,-0.32467532467532456,-0.2972972972972976,-0.17460317460317465,-0.23529411764705888,-0.3157894736842106,-0.36585365853658525,-0.24637681159420288,-0.13333333333333353,-0.2876712328767125,-0.3157894736842106,-0.3580246913580246,-0.3333333333333335,-0.24637681159420288,-0.24637681159420288,-0.3882352941176471,-0.4222222222222223,-0.4526315789473684,-0.4526315789473684,-0.4693877551020408,-0.44680851063829796,-0.48514851485148514,-0.38095238095238104,-0.2972972972972976,-0.23529411764705888,-0.23529411764705888,-0.25714285714285723,-0.25714285714285723,-0.22388059701492535,-0.24637681159420288
DLN-L,-0.028169014084507116,-0.1234567901234569,-0.15476190476190477,-0.008379888268156499,0.04411764705882382,-0.1839080459770117,-0.303921568627451,-0.34259259259259256,-0.3749999999999999,-0.41803278688524603,-0.4255663430420712,-0.4033613445378149,-0.43199999999999983,-0.4645550527903468,-0.49502133712660024,-0.49502133712660024,-0.49140401146131807,-0.4496124031007752,-0.4435736677115987,-0.4496124031007752,-0.4496124031007752,-0.4580152671755725,-0.46616541353383456,-0.48920863309352514,-0.5103448275862069,-0.5170068027210883,-0.5170068027210883,-0.5103448275862069,-0.5170068027210883,-0.519621109607578,-0.5170068027210883,-0.5034965034965035,-0.48920863309352514,-0.5,-0.5670731707317074,-0.5644171779141105,-0.5644171779141105,-0.5590062111801242,-0.5590062111801242,-0.5477707006369427,-0.5448717948717949,-0.5034965034965035,-0.46212121212121204,-0.4409448818897639,-0.4453125,-0.4409448818897639,-0.4132231404958677,-0.4132231404958677,-0.42741935483870963
CML-L,-0.05957446808510647,-0.07114624505928846,-0.13602941176470584,-0.15467625899280568,-0.012605042016806678,-0.024896265560165887,-0.21666666666666656,-0.11320754716981118,-0.1454545454545454,-0.07114624505928846,0.04444444444444451,0.14077669902912637,0.1691542288557215,0.0981308411214954,0.1298076923076923,0.008583690987124637,0.28415300546448097,0.46875000000000044,0.7938931297709926,0.766917293233083,0.7279411764705883,0.6785714285714288,0.6785714285714288,0.4873417721518989,0.36627906976744207,0.36627906976744207,0.44171779141104306,0.4596273291925468,0.3202247191011236,0.28415300546448097,0.28415300546448097,0.28415300546448097,0.35838150289017356,0.3742690058479534,0.14634146341463428,0.0779816513761471,0.09302325581395343,0.18686868686868685,0.39880952380952395,0.46875000000000044,0.5064102564102566,0.556291390728477,0.6433566433566436,0.766917293233083,0.766917293233083,0.766917293233083,0.7028985507246379,0.7028985507246379,0.6206896551724139
C3U-L,-0.03448275862068961,-0.1470588235294118,-0.19444444444444442,-0.17142857142857137,-0.1470588235294118,-0.21621621621621623,-0.21621621621621623,-0.2564102564102564,-0.17142857142857137,-0.2564102564102564,-0.34090909090909094,-0.30952380952380953,-0.275,-0.40816326530612246,-0.42000000000000004,-0.4528301886792453,-0.5084745762711864,-0.3829787234042553,-0.3829787234042553,-0.40816326530612246,-0.29268292682926833,-0.34090909090909094,-0.34090909090909094,-0.42000000000000004,-0.5797101449275363,-0.5972222222222222,-0.6081081081081081,-0.5797101449275363,-0.6375,-0.5915492957746479,-0.6463414634146342,-0.6914893617021276,-0.6081081081081081,-0.6666666666666667,-0.7603305785123967,-0.8066666666666666,-0.8209876543209876,-0.8198757763975155,-0.8557213930348259,-0.8644859813084113,-0.8722466960352423,-0.8449197860962567,-0.8457446808510638,-0.8313953488372093,-0.8415300546448088,-0.8432432432432433,-0.8253012048192772,-0.8242424242424242,-0.8220858895705522
RFGR-L,0.0,-0.01904761904761909,-0.06363636363636349,-0.06363636363636349,-0.10434782608695647,-0.08849557522123885,-0.08849557522123885,-0.08849557522123885,-0.12711864406779638,-0.16260162601626005,-0.1953124999999999,-0.1953124999999999,-0.1953124999999999,-0.16260162601626005,-0.08849557522123885,-0.12711864406779638,0.08421052631578951,0.08421052631578951,0.08421052631578951,0.08421052631578951,0.08421052631578951,-0.06363636363636349,-0.1416666666666666,-0.20769230769230773,-0.23703703703703694,-0.2642857142857141,-0.289655172413793,-0.31333333333333335,-0.45789473684210524,-0.44919786096256686,-0.5024154589371982,-0.5095238095238095,-0.45789473684210524,-0.44324324324324316,-0.4717948717948717,-0.4975609756097561,-0.4975609756097561,-0.45789473684210524,-0.4849999999999999,-0.4717948717948717,-0.516431924882629,-0.5209302325581394,-0.44324324324324316,-0.4277777777777777,-0.4926108374384236,-0.5422222222222222,-0.5672268907563025,-0.5579399141630901,-0.588
BAES-L,-0.059633027522935866,-0.12449799196787137,-0.37356321839080453,-0.3550295857988166,-0.26101694915254237,-0.3292307692307692,-0.21863799283154117,-0.2875816993464052,-0.33939393939393925,-0.3859154929577465,-0.45984684824600375,-0.5951320069119955,-0.6114687855804588,-0.6161823358420477,-0.6259074455757796,-0.6333397479815589,-0.6495841895266796,-0.6416459672829475,-0.586823148844891,-0.5773610835512626,-0.5837165559790629,-0.5883591222692593,-0.6066380244775516,-0.5928992790089367,-0.6038232697332049,-0.5813557803040861,-0.5973403777833847,-0.5724656520866053,-0.5605896979778999,-0.5561867891400031,-0.6045307281801099,-0.6333397479815589,-0.580562893524359,-0.5951320069119955,-0.6501377690061003,-0.690261829064142,-0.6762239879837157,-0.6709319580696309,-0.6629181244761972,-0.618167599622175,-0.6031132755929418,-0.5813557803040861,-0.5773610835512626,-0.48135177466243917,-0.4861652152688203,-0.5516947525928371,-0.5257756055264702,-0.5386191828767949,-0.531791136957424
NAIT-L,-0.05555555555555547,-0.029940119760479056,-0.08988764044943831,-0.13829787234042556,-0.14058355437665793,-0.11475409836065587,-0.06896551724137945,-0.07428571428571429,0.05882352941176472,-0.04705882352941182,-0.07428571428571429,-0.1473684210526316,-0.10000000000000009,-0.04705882352941182,-0.06896551724137945,-0.0795454545454547,-0.04705882352941182,0.051948051948051965,0.20895522388059695,0.24615384615384617,0.2656249999999998,0.3278688524590163,0.2806324110671936,0.19999999999999996,0.07999999999999985,0.03514376996805102,0.006211180124223503,0.08724832214765099,0.08724832214765099,0.06578947368421062,-0.00613496932515345,-0.09243697478991608,-0.0847457627118644,-0.00613496932515345,-0.07163323782234954,-0.0779738190096756,0.0,0.031847133757961776,0.07999999999999985,0.17391304347826075,0.2272727272727273,0.23193916349809873,0.2272727272727273,0.3012048192771084,0.3043478260869563,0.195571955719557,0.2636505460218408,0.34439834024896254,0.2806324110671936
AIEA-L,-0.028169014084507005,-0.11250000000000004,-0.21111111111111114,-0.17441860465116277,-0.11250000000000004,-0.1839080459770115,-0.21111111111111114,-0.21111111111111114,-0.17441860465116277,-0.16470588235294115,-0.15476190476190477,0.05970149253731338,0.20338983050847448,0.2678571428571428,0.290909090909091,0.41999999999999993,0.3396226415094339,0.5777777777777777,0.7317073170731707,0.6136363636363635,0.47916666666666674,0.41999999999999993,0.392156862745098,0.3396226415094339,0.0923076923076922,0.0,0.014285714285714235,0.14516129032258074,0.0923076923076922,-0.06578947368421051,-0.12345679012345678,-0.1839080459770115,-0.2282608695652174,-0.2680412371134021,-0.29702970297029707,-0.29702970297029707,-0.29702970297029707,-0.3106796116504854,-0.3173076923076923,-0.32380952380952377,-0.33644859813084116,-0.3486238532110092,-0.34259259259259256,-0.33644859813084116,-0.36036036036036034,-0.39830508474576276,-0.33644859813084116,-0.3545454545454545,-0.3660714285714286
CNE-L,-0.039999999999999813,-0.21875000000000022,-0.3750000000000002,-0.21875000000000022,-0.21875000000000022,-0.5283018867924529,-0.6093750000000001,-0.6621621621621621,-0.736842105263158,-0.75,-0.7572815533980582,-0.7727272727272728,-0.7767857142857143,-0.7899159663865547,-0.8417721518987342,-0.8546511627906976,-0.8730964467005076,-0.8792270531400966,-0.8768472906403941,-0.9063670411985019,-0.9174917491749175,-0.9201277955271565,-0.9206349206349207,-0.9206349206349207,-0.9226006191950464,-0.9237804878048781,-0.9193548387096775,-0.911660777385159,-0.9186482647739957,-0.9198998299313189,-0.9218241583413773,-0.9211134688717535,-0.9160240152505763,-0.9102325680264781,-0.9194038536460639,-0.9146473597628808,-0.9146473597628808,-0.907026588313138,-0.8816702033076302,-0.8842997543452384,-0.876035451084184,-0.8882243225748332,-0.8777814306463786,-0.8729499498666601,-0.8800343075008232,-0.8729499498666601,-0.8772049279607483,-0.8946050393833145,-0.893744672357872
NICL-L,-0.04761904761904756,-0.004123711340206282,0.038709677419354716,0.18092909535452306,0.3232876712328767,0.47706422018348604,0.5093749999999999,0.5093749999999999,0.5784313725490196,0.5940594059405939,0.5888157894736843,0.8941176470588235,0.909090909090909,0.8226415094339621,0.7249999999999999,0.775735294117647,0.9714285714285713,1.415,1.841176470588235,1.6108108108108108,1.5828877005347595,1.439393939393939,1.2465116279069766,1.215596330275229,1.0379746835443036,1.0729613733905579,1.081896551724138,1.1184210526315788,1.0729613733905579,1.05531914893617,1.05531914893617,1.1,1.1466666666666665,1.1954545454545453,0.8365019011406842,0.8089887640449438,0.8941176470588235,0.9319999999999999,0.9319999999999999,0.8226415094339621,0.7888888888888888,0.8941176470588235,1.05531914893617,1.081896551724138,1.1,1.1,1.1,0.9319999999999999,0.8576923076923075
DPLM-L,0.040740740740740744,-0.12337662337662336,-0.20353982300884954,-0.25619834710743816,-0.06574394463667821,-0.08163265306122458,-0.039145907473309705,0.022727272727272707,-0.007352941176470673,-0.06574394463667821,-0.10596026490066235,-0.02527075812274371,0.034482758620689724,0.125,0.10655737704918034,0.07569721115537842,0.034482758620689724,0.134453781512605,0.3705583756345179,0.3043478260869563,0.37755102040816313,0.4285714285714286,0.5168539325842698,0.4516129032258063,0.26168224299065423,0.3366336633663365,0.37755102040816313,0.5697674418604652,0.5789473684210524,0.6167664670658681,0.6167664670658681,0.5340909090909092,0.5606936416184971,0.6770186335403725,0.4516129032258063,0.413612565445026,0.2857142857142858,0.25,0.23853211009174302,0.08870967741935476,0.14406779661016955,0.18942731277533031,0.2735849056603772,0.45945945945945943,0.3500000000000001,0.267605633802817,0.24423963133640525,0.3106796116504853,0.15384615384615374
MRCH-L,-0.05820105820105825,-0.05970149253731338,-0.15625,-0.1330275229357798,-0.015625,-0.052631578947368474,-0.05970149253731338,-0.09134615384615385,-0.08695652173913049,-0.14479638009049778,-0.18181818181818177,-0.18181818181818177,-0.125,-0.05500000000000005,-0.08695652173913049,-0.07804878048780484,-0.09134615384615385,-0.0643564356435643,0.11834319526627213,0.09248554913294793,0.07386363636363646,0.125,0.18867924528301883,0.04419889502762442,-0.02577319587628868,-0.05500000000000005,-0.010471204188481686,0.0862068965517242,0.032786885245901676,0.05882352941176472,-0.015625,-0.045454545454545414,0.0,0.061797752808988804,-0.010471204188481686,-0.0643564356435643,-0.03816793893129766,0.03846153846153855,0.061797752808988804,0.05882352941176472,0.07082152974504252,0.061797752808988804,0.06779661016949157,0.26,0.2516556291390728,0.20612635609444818,0.28135593220338984,0.32167832167832167,0.277027027027027
CMH-L,0.0,0.0,-0.03937007874015752,0.2978723404255319,0.28421052631578947,0.28421052631578947,0.28421052631578947,0.28421052631578947,0.28421052631578947,0.28421052631578947,0.34065934065934056,0.34065934065934056,0.2978723404255319,0.28421052631578947,0.20792079207920788,0.14018691588785037,0.14018691588785037,0.31182795698924726,0.3555555555555556,0.43529411764705883,0.43529411764705883,0.326086956521739,0.38636363636363646,0.14018691588785037,0.0608695652173914,0.0608695652173914,0.07964601769911495,0.10909090909090913,-0.008130081300813052,-0.046875,-0.0757575757575758,-0.06153846153846154,-0.046875,-0.02400000000000002,-0.17567567567567566,-0.22784810126582278,-0.24691358024691357,-0.2129032258064516,-0.23510971786833856,-0.1586206896551724,-0.12857142857142856,0.07017543859649122,0.08444444444444454,0.08444444444444454,0.047210300429184615,0.20792079207920788,0.19024390243902434,0.19024390243902434,0.1348837209302325
BARC-L,-0.09779179810725558,-0.027607361963190025,-0.14784946236559127,-0.0811594202898549,0.06020066889632125,-0.12430939226519333,-0.1723237597911227,-0.14324324324324333,-0.1267217630853995,-0.23798076923076927,-0.3226495726495727,-0.3354297693920335,-0.3182795698924732,-0.2695852534562212,-0.29082774049216986,-0.29398663697104677,-0.30634573304157553,-0.2610722610722611,-0.1291208791208791,-0.09943181818181812,-0.16137566137566128,-0.036474164133738496,-0.012461059190031154,-0.1095505617977528,-0.18717948717948718,-0.1892583120204604,-0.2172839506172839,-0.12809343064745793,-0.2335052784102869,-0.23482682103371744,-0.2426613587023143,-0.22412509825097227,-0.18866463656225985,-0.04353352629214691,-0.13992162054177537,-0.18117999298811105,-0.13320225820225817,-0.011580303339768783,0.0018068708813632206,-0.011580303339768783,0.008637372273736066,-0.013776791554569345,-0.04353352629214691,0.0931045413804037,0.06939865976010573,0.08244010683035086,0.06939865976010573,0.13503949821085381,0.10673427381656819
BWNG-L,-0.06451612903225812,-0.03125,-0.07920792079207917,-0.037931034482758696,0.04887218045112762,0.025735294117646967,0.018248175182481674,0.05283018867924527,-0.02447552447552448,-0.007117437722419795,0.07722007722007707,0.13877551020408174,0.1923076923076923,0.2798165137614679,0.20779220779220786,0.19742489270386265,0.24987526446453434,0.4061096725226012,0.5201185648892985,0.4958613537474481,0.5798985084523607,0.7252879417455227,0.900148206111623,0.5367318825383618,0.6069824828829729,0.6445727164007033,0.8380518595066675,0.9804361584825367,0.7359378673118533,0.5710722598017888,0.5710722598017888,0.67394008633643,0.8261164578215598,0.9261776335926044,0.7467200900901878,0.664035115411362,0.5710722598017888,0.704375360633456,0.664035115411362,0.6445727164007033,0.6542466735560013,0.4495976005387641,0.3991141020125384,0.6542466735560013,0.714767893320245,0.33915206906914386,0.33915206906914386,0.29595361522820385,0.10283111570400094
IMI-L,0.022026431718061845,-0.08097165991902844,-0.233108108108108,-0.19217081850533801,-0.0340425531914893,-0.05809128630705396,-0.07346938775510192,0.008888888888888724,0.06572769953051649,-0.054166666666666696,-0.10629921259842523,-0.12015503875968991,-0.07723577235772361,-0.004385964912280715,-0.04621848739495804,-0.07346938775510192,-0.08097165991902844,-0.05020920502092052,0.10194174757281549,0.12376237623762387,0.08095238095238111,0.213903743315508,0.15816326530612246,0.04608294930875578,-0.08467741935483875,-0.13026819923371658,-0.07346938775510192,0.008888888888888724,0.008888888888888724,0.07582938388625582,0.022522522522522515,0.0,0.15228426395939088,0.0365296803652968,0.008888888888888724,-0.04621848739495804,-0.03813559322033888,-0.008733624454148381,-0.008733624454148381,-0.01089324618736387,0.02714932126696845,-0.01943844492440605,-0.01089324618736387,0.23369565217391308,0.213903743315508,0.07582938388625582,0.135,0.28248587570621475,0.09661835748792269
LOOK-L,-0.08988764044943809,-0.1010101010101011,-0.22608695652173916,-0.1603773584905661,0.04705882352941182,-0.1010101010101011,-0.04301075268817223,0.15584415584415567,-0.021978021978022233,-0.1100000000000001,-0.16822429906542058,0.02298850574712641,0.04705882352941182,0.04705882352941182,-0.05319148936170215,-0.1100000000000001,-0.1010101010101011,0.05952380952380931,0.28985507246376785,0.23611111111111116,0.15584415584415567,0.12658227848101244,0.43548387096774155,0.3484848484848484,0.011363636363636243,-0.09183673469387754,-0.1523809523809525,-0.19090909090909092,-0.2644628099173554,-0.2457627118644069,-0.3153846153846154,-0.3153846153846154,-0.20535714285714302,-0.2457627118644069,-0.4606060606060607,-0.5240641711229946,-0.5658536585365854,-0.5801886792452831,-0.5594059405940595,-0.5435897435897437,-0.4971751412429378,-0.5364583333333333,-0.48554913294797697,-0.38620689655172424,-0.3642857142857143,-0.4606060606060607,-0.4764705882352941,-0.49142857142857155,-0.5136612021857924
CEPS-L,-0.050000000000000044,0.11111111111111116,0.05263157894736836,0.33333333333333326,1.0,1.0,0.8181818181818181,0.8181818181818181,0.6666666666666667,0.5384615384615385,0.4285714285714286,0.4285714285714286,0.4285714285714286,0.4285714285714286,0.33333333333333326,0.25,0.17647058823529416,0.17647058823529416,0.5384615384615385,0.5384615384615385,0.5384615384615385,0.33333333333333326,0.25,0.11111111111111116,0.05263157894736836,0.0,-0.09090909090909094,-0.13043478260869568,-0.19999999999999996,-0.23076923076923073,-0.19999999999999996,-0.13043478260869568,-0.13043478260869568,-0.13043478260869568,-0.2592592592592593,-0.33333333333333337,-0.3548387096774194,-0.2592592592592593,-0.3548387096774194,-0.31034482758620685,-0.2592592592592593,-0.2592592592592593,-0.19999999999999996,-0.19609100860753403,-0.25351307942128143,-0.25351307942128143,-0.25351307942128143,-0.19609100860753403,-0.25351307942128143
DGE-L,-0.040441176470588314,-0.0018348623853210455,-0.0978441127694859,-0.10378912685337716,-0.01449275362318836,-0.07796610169491525,-0.04895104895104907,0.048169556840077066,0.09898989898989896,0.03816793893129766,0.05344694035631292,0.058262814901274274,0.10681586978636837,0.12280701754385959,0.12280701754385959,0.19823788546255527,0.19823788546255527,0.35155279503105596,0.4391534391534393,0.44873501997336884,0.47027027027027035,0.538896746817539,0.6070901033973413,0.5280898876404494,0.34820322180916996,0.3702770780856426,0.4020618556701032,0.626307922272048,0.6238805970149253,0.6636085626911314,0.6360902255639098,0.5906432748538013,0.6725595695618756,0.8224455611390287,0.9188712522045857,0.8316498316498318,1.0110905730129391,1.1587301587301586,1.2295081967213117,1.3600867678958783,1.486857142857143,1.7405541561712852,1.7969151670951162,2.2771084337349397,2.3120243531202433,2.2,2.389408099688474,2.5789473684210527,2.327217125382263
REDD-L,-0.04166666666666663,-0.15294117647058825,-0.25,-0.16279069767441867,-0.052631578947368474,-0.013698630136986245,0.0,-0.027027027027026973,-0.1428571428571429,-0.1910112359550562,-0.2421052631578947,-0.22580645161290325,-0.09999999999999998,-0.16279069767441867,-0.2421052631578947,-0.26530612244897966,-0.3142857142857143,-0.22580645161290325,-0.027027027027026973,-0.1325301204819278,-0.1724137931034483,-0.20879120879120883,-0.18181818181818177,-0.3793103448275862,-0.45038167938931306,-0.4418604651162791,-0.4,-0.37391304347826093,-0.368421052631579,-0.33333333333333337,-0.368421052631579,-0.33333333333333337,-0.3571428571428571,-0.36283185840707965,-0.4193548387096775,-0.4049586776859504,-0.4375,-0.4626865671641792,-0.4375,-0.4285714285714286,-0.4586466165413534,-0.4,-0.3846153846153847,-0.36283185840707965,-0.4,-0.4461538461538461,-0.4330708661417324,-0.42399999999999993,-0.42399999999999993
LSC-L,0.0,0.0,0.0,-0.25,-0.4,-0.5,-0.625,-0.625,-0.625,-0.6666666666666667,-0.75,-0.8125,-0.8333333333333334,-0.875,-0.90625,-0.9189189189189189,-0.9,-0.9,-0.8928571428571429,-0.9210526315789473,-0.9210526315789473,-0.9347826086956522,-0.9347826086956522,-0.9482758620689655,-0.9605263157894737,-0.9634146341463414,-0.9545454545454546,-0.9545454545454546,-0.9552238805970149,-0.9594594594594594,-0.9666666666666667,-0.9680851063829787,-0.9659090909090909,-0.9680851063829787,-0.9651162790697675,-0.97,-0.9732142857142857,-0.9741379310344828,-0.975,-0.9716981132075472,-0.9727272727272728,-0.9705882352941176,-0.9659090909090909,-0.9666666666666667,-0.96875,-0.967391304347826,-0.9716981132075472,-0.967391304347826,-0.9705882352941176
RTN-L,0.015873015873015817,0.0,-0.09999999999999998,-0.05970149253731338,0.11504424778761058,0.050000000000000044,0.21153846153846168,0.1454545454545455,0.16666666666666652,0.17757009345794406,0.18867924528301883,0.17757009345794406,0.3125000000000002,0.3125000000000002,0.2857142857142856,0.21153846153846168,0.3548387096774197,0.5365853658536586,0.75,0.5555555555555558,0.5180722891566267,0.5750000000000002,0.6153846153846152,0.4651162790697676,0.3263157894736841,0.3125000000000002,0.2857142857142856,0.7260273972602738,0.8,0.7027027027027031,0.8529411764705883,0.7027027027027031,0.7260273972602738,0.6578947368421053,0.3125000000000002,0.16666666666666652,0.21153846153846168,0.2989690721649485,0.21153846153846168,0.23529411764705888,0.3125000000000002,0.23529411764705888,0.3125000000000002,0.21153846153846168,0.1454545454545455,0.23529411764705888,0.16666666666666652,0.2857142857142856,0.10526315789473695
BNZL-L,0.09999999999999987,-0.19999999999999984,-0.2920353982300884,-0.2727272727272727,-0.10112359550561789,-0.024390243902438935,-0.05882352941176472,-0.024390243902438935,0.012658227848101333,-0.12087912087912078,-0.17525773195876282,-0.24528301886792436,-0.13043478260869545,-0.10112359550561789,-0.09090909090909083,-0.14893617021276584,-0.17525773195876282,0.012658227848101333,0.25,0.19402985074626855,0.12676056338028174,0.4035087719298247,0.21212121212121215,0.052631578947368585,-0.012345679012345512,-0.13043478260869545,-0.19191919191919182,-0.012345679012345512,-0.18367346938775497,-0.2233009708737863,-0.2592592592592592,-0.2660550458715596,-0.23076923076923073,-0.2660550458715596,-0.375,-0.48051948051948046,-0.4444444444444444,-0.40740740740740733,-0.4482758620689654,-0.4701986754966887,-0.5031055900621118,-0.5151515151515151,-0.4871794871794871,-0.43262411347517715,-0.43262411347517715,-0.4285714285714285,-0.3939393939393939,-0.37984496124031,-0.4594594594594593
MNKS-L,-0.050156739811912154,-0.047761194029850795,-0.12841530054644812,-0.11878453038674042,-0.046337817638266166,-0.06725146198830423,-0.06451612903225812,-0.03039513677811545,-0.009316770186335588,-0.08069164265129691,-0.13079019073569498,-0.1355013550135501,-0.11878453038674042,-0.06725146198830423,-0.09887005649717517,-0.08069164265129691,-0.07267441860465118,-0.019969278033794335,0.15370705244122962,0.11929824561403501,0.111498257839721,0.14336917562724016,0.15999999999999992,0.029032258064516148,-0.08857142857142863,-0.09375000000000011,-0.09375000000000011,-0.012383900928792713,-0.01846153846153853,0.04590163934426217,-0.033333333333333326,-0.08333333333333348,-0.03479576399394868,0.05280528052805278,0.029032258064516148,0.024077046548956593,0.07770270270270263,0.13523131672597843,0.17279411764705865,0.2175572519083968,0.24609374999999978,0.276,0.3403361344537814,0.5263157894736843,0.5410628019323669,0.487179487179487,0.533653846153846,0.6030150753768844,0.49765258215962427
KMR-L,0.0,-0.2666666666666667,-0.2666666666666667,-0.2666666666666667,-0.38888888888888895,-0.5,-0.5217391304347826,-0.45000000000000007,-0.5769230769230769,-0.6333333333333333,-0.7267079794760674,-0.7391303440453372,-0.7792641372691314,-0.7792641372691314,-0.7950309846070506,-0.8206521115311692,-0.8804347410207796,-0.7391303440453372,-0.6811593093887454,-0.760869482041559,-0.8020988816895661,-0.8724637237554981,-0.8937197697962485,-0.9074333478870551,-0.9059158617868429,-0.9103260557655846,-0.9202898273471863,-0.9089026598253558,-0.9264213790897105,-0.9300105801097246,-0.9376181257499719,-0.9316769948690169,-0.9332659019650862,-0.9332659019650862,-0.9376181257499719,-0.9402173705103898,-0.9389453996701853,-0.9437339957744845,-0.9408336862783239,-0.8975154923035252,-0.8804347410207796,-0.8804347410207796,-0.8405796546943727,-0.8086955856332472,-0.8206521115311692,-0.8312019873234534,-0.8695651720226685,-0.8852173513799483,-0.9103260557655846
GHT-L,-0.275,0.11111111111111116,1.1052631578947367,2.076923076923077,1.8571428571428572,1.8571428571428572,4.0,3.4444444444444446,3.4444444444444446,4.714285714285714,3.4444444444444446,2.6363636363636362,2.076923076923077,1.6666666666666665,1.6666666666666665,1.6666666666666665,2.6363636363636362,2.6363636363636362,1.8571428571428572,1.0,0.7391304347826086,1.0,0.9047619047619047,0.6000000000000001,0.08108108108108114,0.02564102564102555,0.0,0.08108108108108114,-0.06976744186046513,-0.23076923076923073,-0.4117647058823529,-0.6190476190476191,-0.6261682242990654,-0.5698924731182795,-0.5789473684210527,-0.4871794871794872,-0.452054794520548,-0.5180722891566265,-0.5555555555555556,-0.5698924731182795,-0.5698924731182795,-0.5698924731182795,-0.5918367346938775,-0.6363636363636364,-0.6610169491525424,-0.6460176991150443,-0.6460176991150443,-0.6296296296296297,-0.6610169491525424
CTY-L,-0.04872389791183296,-0.07510729613733902,-0.14653465346534655,-0.09832635983263593,0.07213930348258701,0.007009345794392496,-0.00691244239631339,-0.029279279279279313,-0.01598173515981738,-0.07510729613733902,-0.10580912863070535,-0.08686440677966101,-0.058951965065502154,-0.020454545454545503,-0.06467013888888895,-0.054824561403508776,-0.0506607929515418,-0.0023148148148147696,0.14627659574468077,0.14021164021164023,0.12239583333333326,0.19060773480662974,0.24566473988439297,0.13421052631578956,0.04106280193236711,0.04106280193236711,0.07213930348258701,0.19060773480662974,0.17759562841530063,0.1499466382070438,0.12827225130890052,0.056372549019607865,0.14021164021164023,0.23850574712643668,0.08838383838383845,0.05430528375733856,0.09169199594731503,0.2106741573033708,0.1972222222222222,0.2039106145251397,0.2039106145251397,0.23850574712643668,0.24566473988439297,0.41776315789473695,0.4271523178807948,0.39032258064516134,0.476027397260274,0.5729927007299269,0.45608108108108114
BUT-L,-0.020689655172413834,-0.033333333333333326,-0.13432835820895528,-0.11314984709480125,-0.006849315068493178,-0.08805031446540879,-0.06148867313915862,-0.046052631578947345,-0.02684563758389258,-0.0993788819875776,-0.12650602409638556,-0.12121212121212122,-0.1049382716049383,-0.07643312101910826,-0.0993788819875776,-0.09375,-0.08227848101265822,-0.02684563758389258,0.102661596958175,0.06617647058823528,0.06617647058823528,0.06617647058823528,0.1328125,0.00694444444444442,-0.1238670694864048,-0.161849710982659,-0.13690476190476186,-0.05228758169934644,-0.06451612903225812,-0.08227848101265822,-0.14201183431952658,-0.161849710982659,-0.08805031446540879,-0.010238907849829393,-0.0993788819875776,-0.13173652694610782,-0.0993788819875776,-0.039735099337748325,-0.006849315068493178,0.00694444444444442,0.05454545454545445,0.0984848484848484,0.08208955223880587,0.2831858407079646,0.26086956521739135,0.22881355932203395,0.25,0.38095238095238093,0.3063063063063063
KPCK-L,-0.02325581395348819,-0.07774798927613968,-0.16908212560386482,-0.1547911547911548,-0.10182767624020894,-0.14851485148514876,-0.15892420537897323,-0.12911392405063282,-0.133501259445844,-0.17108433734939754,-0.18867924528301894,-0.18289786223277926,-0.19248826291079824,-0.12468193384223958,-0.14640198511166258,-0.13784461152882221,-0.13567839195979903,-0.09473684210526312,0.02686567164179121,-0.008645533141210415,-0.019943019943019835,-0.04972375690607733,-0.028248587570621653,-0.08021390374331516,-0.16301703163017023,-0.16908212560386482,-0.12690355329949254,-0.03370786516853941,-0.0626702997275208,-0.10416666666666685,-0.133501259445844,-0.17899761336515518,-0.12244897959183676,-0.025495750708215525,-0.15686274509803932,-0.16707021791767562,-0.13131313131313138,-0.047091412742382155,-0.060109289617486406,-0.052341597796143446,-0.03910614525139677,0.005847953216373991,0.014749262536873253,0.1700680272108841,0.16216216216216228,0.15050167224080235,0.2374100719424459,0.22857142857142843,0.2070175438596491
N4P-L,-0.07272727272727275,-0.19117647058823528,-0.03508771929824561,-0.16666666666666663,-0.12698412698412698,0.07843137254901955,0.5714285714285714,0.896551724137931,0.6176470588235294,0.5277777777777777,0.6176470588235294,1.619047619047619,1.1153846153846154,0.896551724137931,0.6176470588235294,0.5277777777777777,0.42105195980892995,0.6363628628102831,0.7419346604109465,0.6874992022731046,0.5882345433158631,0.5882345433158631,0.5882345433158631,0.28571367792236546,0.03846104755267965,-0.03571474155822607,-0.10000042545434429,-0.12903266979452677,-0.06896595736656319,-4.7272704928325027e-07,-0.03571474155822607,-0.10000042545434429,-0.18181856859485845,-0.14285754805175654,-0.22857179324658083,-0.289474020095535,-0.289474020095535,-0.289474020095535,-0.3250003190907582,-0.35714316103881727,-0.3414637259422031,-0.289474020095535,-0.3720933200844263,-0.3720933200844263,-0.42553218646021984,-0.3720933200844263,-0.3720933200844263,-0.3076926349648803,-0.22857179324658083
CFX-L,-0.18918918918918914,-0.30188679245283023,-0.3392857142857143,-0.3392857142857143,-0.3620689655172413,-0.46376811594202894,-0.31481481481481477,-0.3833333333333333,-0.3833333333333333,-0.4126984126984127,-0.421875,-0.4307692307692308,-0.4714285714285714,-0.13953488372093026,-0.3620689655172413,-0.4477611940298507,-0.5647058823529412,-0.4558823529411765,-0.31481481481481477,-0.48611111111111116,-0.48611111111111116,-0.5934065934065934,-0.6372549019607843,-0.6991869918699187,-0.7628205128205128,-0.7716049382716049,-0.7628205128205128,-0.7628205128205128,-0.7797619047619048,-0.7823529411764706,-0.7836257309941521,-0.7672955974842768,-0.7533333333333333,-0.7612903225806451,-0.7797619047619048,-0.7920757552766706,-0.7998176154525392,-0.7909206205837631,-0.7861688165061215,-0.7759863791968891,-0.7786218335592787,-0.7474208839266938,-0.7602911573571807,-0.7170354263539652,-0.7368231587767649,-0.7232772919490984,-0.7290547998925656,-0.7191471022766968,-0.733090153936719
DIG-L,-0.05882352941176472,-0.06077348066298338,-0.1442953020134229,-0.11149825783972123,0.047227926078028615,-0.011627906976744207,0.003937007874015741,-0.037735849056603765,0.0,-0.10052910052910058,-0.12969283276450516,-0.13559322033898302,-0.08438061041292644,0.007905138339920903,-0.05555555555555558,-0.040451552210724384,-0.009708737864077666,-0.03591682419659736,0.1512415349887133,0.13082039911308208,0.11597374179431075,0.18055555555555558,0.24390243902439024,0.11111111111111116,0.0,-0.009708737864077666,0.042944785276073594,0.1333333333333333,0.10151187904967607,0.0714285714285714,0.030303030303030276,0.026156941649899235,0.10869565217391308,0.15646258503401356,0.04081632653061229,-0.03041825095057038,0.05371900826446274,0.1358574610244987,0.1258278145695364,0.11842105263157898,0.10629067245119295,0.11111111111111116,0.1643835616438356,0.3600000000000001,0.317829457364341,0.27182044887780554,0.3246753246753247,0.3281249999999998,0.30434782608695654
RS1R-L,-0.046762589928057596,-0.05442176870748294,-0.024561403508771895,-0.08552631578947367,0.13008130081300817,0.07335907335907343,0.08171206225680927,0.17796610169491522,0.22466960352422904,0.04511278195488733,0.007246376811594235,-0.024561403508771895,0.057034220532319324,0.10756972111553775,0.15352697095435675,0.16317991631799167,0.18297872340425525,0.18803418803418803,0.4183673469387754,0.36274509803921573,0.33653846153846145,0.4256410256410257,0.41116751269035534,0.3495145631067962,0.18803418803418803,0.23008849557522115,0.36274509803921573,0.5274725274725274,0.404040404040404,0.3899999999999999,0.33653846153846145,0.27522935779816504,0.44041450777202074,0.4946236559139785,0.35609756097560985,0.2930232558139534,0.30516431924882625,0.31753554502369674,0.3830845771144278,0.35609756097560985,0.35609756097560985,0.287037037037037,0.36945812807881784,0.4631578947368422,0.47872340425531923,0.3899999999999999,0.45549738219895297,0.5274725274725274,0.28110599078341014
BMT-L,0.0,0.0,0.0,0.0,0.0,-0.15384615384615385,-0.15384615384615385,-0.15384615384615385,-0.15384615384615385,-0.15384615384615385,-0.15384615384615385,-0.15384615384615385,0.0,0.0,0.0,0.0,0.0,0.0,-0.08333333333333337,-0.08333333333333337,-0.08333333333333337,-0.15384615384615385,-0.15384615384615385,-0.2142857142857143,-0.2142857142857143,-0.08333333333333337,-0.08333333333333337,-0.15384615384615385,-0.15384615384615385,-0.08333333333333337,-0.08333333333333337,-0.08333333333333337,-0.08333333333333337,-0.15384615384615385,-0.11290322580645162,-0.08333333333333337,-0.08333333333333337,-0.08333333333333337,-0.09836065573770492,-0.08333333333333337,-0.051724137931034475,0.05769230769230771,0.19565217391304346,0.25,0.2790697674418605,0.3414634146341464,0.17021276595744683,0.17021276595744683,0.3414634146341464
BKGH-L,-0.14285714285714302,-0.2056737588652483,-0.29780564263322895,-0.3411764705882354,-0.04680851063829783,-0.26557377049180353,-0.16417910447761197,-0.10756972111553798,-0.16417910447761197,-0.2380952380952378,-0.3372781065088759,-0.31707317073170727,-0.288888888888889,-0.2727272727272727,-0.3544668587896256,-0.2843450479233228,-0.27333903632428946,-0.1925989292492104,0.016727274278772075,-0.027304221851411015,0.038087090965301273,0.09806545622107388,0.22309271113733464,0.24780165479667504,0.12302148931700696,0.1385471320264593,0.3072207812155643,0.7277253681800115,0.4883417328297688,0.32120175213765556,0.22309271113733464,0.293532605496029,0.6043164133100105,0.7903241134039245,0.7157272753454276,0.41179844371280905,0.25413567334894194,0.22917774950120218,0.18781119062375806,0.05583216944334035,0.016727274278772075,0.042467205273171604,0.17092287985659538,0.32120175213765556,0.06493417090405851,-0.09830391368707425,-0.12697976095497676,-0.12388394450446238,-0.24213273727073115
CHG-L,-0.00595238095238082,-0.023255813953488302,-0.04869762174405445,0.04999999999999982,0.030674846625766694,0.03703703703703698,0.03703703703703698,0.18309859154929575,0.25937031484257855,0.3770491803278688,0.3999999999999999,0.5135135135135136,0.5135135135135136,0.5189873417721518,0.47368421052631593,0.5026833631484791,0.5135135135135136,0.5999999999999996,0.6153846153846154,0.8666666666666665,0.8666666666666665,0.7684210526315787,0.8666666666666665,0.8666666666666665,0.8876404494382022,1.1538461538461537,0.9534883720930234,0.9534883720930234,0.909090909090909,0.75,0.46086956521739175,0.41176470588235303,0.3999999999999999,0.3228346456692912,0.14597544338335644,0.14597544338335644,0.16182572614107893,0.16991643454039007,0.21212121212121193,0.22093023255813948,0.23893805309734506,0.2574850299401197,0.24814264487369964,0.2765957446808509,0.2574850299401197,0.3063763608087089,0.3063763608087089,0.3063763608087089,0.3770491803278688
CGS-L,0.006250000000000089,-0.07514450867052025,-0.1351351351351351,0.24031007751937983,0.3793103448275863,0.25,0.25,0.28,0.26984126984126977,0.25,0.22137404580152675,0.34453781512605053,0.3913043478260869,0.4545454545454546,0.415929203539823,0.4545454545454546,0.49532710280373826,0.7582417582417582,1.0,1.0,1.1052631578947367,0.7777777777777777,0.8181818181818181,0.6842105263157894,0.6000000000000001,0.6580310880829014,0.7021276595744681,0.8497109826589595,0.6580310880829014,0.4678899082568808,0.4678899082568808,0.592039800995025,0.6000000000000001,0.6243654822335025,0.4545454545454546,0.4222222222222223,0.415929203539823,0.3973799126637554,0.3223140495867769,0.3793103448275863,0.44796380090497734,0.46118721461187207,0.592039800995025,0.6666666666666667,0.6666666666666667,0.7582417582417582,0.8390804597701149,0.871345029239766,0.9161676646706587
JGGI-L,-0.005882352941176228,0.0,-0.09090909090909094,-0.09574468085106402,-0.08602150537634423,-0.11688311688311692,-0.09574468085106402,-0.08108108108108114,-0.039548022598870136,-0.15000000000000002,-0.1542288557213931,-0.16049382716049387,-0.15841584158415867,-0.16049382716049387,-0.16666666666666685,-0.15841584158415867,-0.1457286432160806,-0.09574468085106402,0.10032362459546906,0.11475409836065564,0.0793650793650793,0.09324758842443726,0.12211221122112192,-0.017341040462427904,-0.1457286432160806,-0.1807228915662651,-0.17274939172749404,-0.1457286432160806,-0.17874396135265724,-0.1457286432160806,-0.21658986175115225,-0.29166666666666674,-0.27350427350427364,-0.19811320754717,-0.18854415274463032,-0.20819748486259904,-0.1487230846269405,-0.11458333333333359,-0.1029023746701847,-0.08602150537634423,-0.05027932960893877,-0.04494382022471921,-0.02857142857142858,0.0828025477707004,0.11111111111111116,0.0828025477707004,0.10749185667752426,0.16040955631399312,0.0691823899371069
CRPR-L,-0.15243902439024393,-0.12765957446808507,-0.2038834951456311,-0.08379888268156421,-0.052023121387283267,-0.029585798816568087,0.10067114093959728,0.01863354037267073,-0.05747126436781613,-0.08379888268156421,-0.13684210526315788,-0.023809523809523836,0.0,0.03144654088050314,0.05128205128205132,0.07189542483660127,0.07894736842105265,0.2615384615384615,0.32258064516129026,0.32258064516129026,0.31200000000000006,0.6399999999999999,0.6399999999999999,0.3666666666666667,0.17142857142857149,0.17142857142857149,0.3666666666666667,0.31200000000000006,0.31200000000000006,0.2615384615384615,0.197080291970803,0.17142857142857149,0.13103448275862073,-0.06285714285714283,-0.18000000000000005,-0.19999999999999996,-0.2300469483568075,-0.23720930232558135,-0.2545454545454545,-0.2545454545454545,-0.2545454545454545,-0.2545454545454545,-0.2300469483568075,-0.23720930232558135,-0.24770642201834858,-0.2645739910313901,-0.24770642201834858,-0.2807017543859649,-0.2807017543859649
ELM-L,-0.12213740458015254,0.03968253968253954,-0.09027777777777812,-0.07746478873239449,0.03968253968253954,0.201834862385321,0.19090909090909092,0.06504065040650375,0.023437499999999778,-0.12080536912751727,-0.18125000000000002,-0.18125000000000002,-0.191358024691358,-0.015037593984962516,-0.09027777777777812,-0.1761006289308178,-0.16560509554140135,-0.16560509554140135,-0.007575757575757791,-0.036764705882353144,-0.10273972602739734,0.12931034482758585,-0.015037593984962516,-0.16025641025641046,-0.23837209302325602,-0.24712643678160917,-0.20121951219512224,-0.14226805592527525,-0.10197192432444968,-0.08975385526763935,-0.13673430144737386,-0.208247436238716,-0.09590416705637161,-0.07079039391904851,-0.18410863856306692,-0.24403286284939474,-0.22205707397873808,-0.16371135452714325,-0.22205707397873808,-0.2920307763192751,-0.28636702252982893,-0.2576633382765213,-0.22989247035593052,-0.17147874132720098,-0.18658855151576292,-0.1753085776538854,-0.17657733368826423,-0.1153310196650772,-0.16240260860308553
BT-L,0.019202363367799125,0.016516516516516422,-0.04781997187060483,-0.013119533527696903,0.09369951534733434,0.013473053892215425,0.03201219512195097,0.028875379939209633,-0.03285714285714292,-0.0763983628922239,-0.18038740920096863,-0.15269086357947448,-0.11503267973856224,-0.051820728291316565,-0.11271297509829625,-0.0636237897648686,-0.03008595988538687,0.08319999999999972,0.15924657534246567,0.20892857142857135,0.15924657534246567,0.304431599229287,0.2630597014925373,0.18980667838312826,0.15924657534246567,0.12086092715231778,0.16523235800344205,0.35943775100401587,0.24907749077490782,0.1416526138279932,0.10801963993453345,0.08319999999999972,0.23540145985401462,0.33005893909626716,0.2537037037037033,0.2654205607476636,0.322265625,0.34325396825396814,0.3379446640316204,0.2919847328244274,0.22202166064981954,0.23765996343692875,0.18150087260034908,0.31712062256809337,0.3326771653543308,0.3567134268537069,0.4074844074844073,0.49118942731277526,0.38729508196721296
TITN-L,0.0,-0.1470588235294118,-0.1470588235294118,0.11538461538461542,0.15999999999999992,0.22881355932203395,0.5263157894736843,0.6477272727272727,1.0714285714285716,1.0714285714285716,1.0714285714285716,1.265625,1.1323529411764706,1.2307692307692308,1.1323529411764706,1.4166666666666665,1.6363636363636362,1.9,2.625,2.2222222222222223,2.2222222222222223,2.2222222222222223,1.9,1.2307692307692308,0.9333333333333333,0.9333333333333333,0.858974358974359,0.6666666666666667,0.6111111111111112,0.5263157894736843,0.576086956521739,0.6477272727272727,1.1969696969696968,1.1014492753623188,0.6860465116279071,0.6477272727272727,0.576086956521739,0.6111111111111112,0.6111111111111112,0.5934065934065933,0.576086956521739,0.5934065934065933,0.7058823529411764,0.8125,0.7261904761904763,0.6292134831460674,0.6477272727272727,0.6477272727272727,0.6292134831460674
CLDN-L,-0.019943019943019835,-0.01126760563380258,0.044642857142857206,0.09006211180124235,0.13225806451612931,0.050898203592814495,0.005730659025788176,0.03539823008849563,0.08668730650154788,0.05405405405405417,0.02034883720930236,-0.01126760563380258,0.01739130434782643,0.06363636363636394,0.02034883720930236,-0.04878048780487787,-0.058981233243967646,-0.02499999999999969,-0.005665722379603388,0.01739130434782643,0.08000000000000007,0.07339449541284426,0.08000000000000007,0.01739130434782643,-0.03571428571428581,-0.04878048780487787,-0.019553072625698276,0.026315789473684292,-0.01126760563380258,-0.01126760563380258,-0.038356164383561486,-0.038356164383561486,0.0,0.029325513196481356,-0.06896551724137912,-0.10913705583756328,-0.09768637532133662,-0.03571428571428581,-0.04878048780487787,-0.0664893617021276,-0.08115183246073288,-0.08115183246073288,-0.12249999999999994,-0.01680672268907557,-0.019553072625698276,-0.019553072625698276,-0.03305785123966909,0.0028571428571431134,-0.09302325581395332
NWG-L,-0.17241379310344862,-0.06951871657753983,-0.12562814070351735,-0.04395604395604358,0.1523178807947021,0.005780346820809745,0.0807453416149071,0.07407407407407418,0.0545454545454549,0.005780346820809745,-0.04918032786885218,-0.07936507936507897,-0.0744680851063827,0.005780346820809745,-0.04918032786885218,-0.07936507936507897,-0.10769230769230709,-0.10309278350515427,0.02958579881656842,0.10828025477707004,0.08750000000000036,0.2794117647058829,0.30827067669173003,0.16000000000000014,0.023529411764706243,-0.005714285714285117,-0.04395604395604358,0.09433962264150964,-0.04395604395604358,-0.07936507936507897,-0.15121951219512142,-0.19069767441860452,-0.06451612903225767,0.07407407407407418,-0.005714285714285117,-0.048140043763675866,0.03571428571428581,0.15079365079365115,0.1447368421052635,0.1328125,0.1328125,0.1357702349869454,0.09848484848484862,0.24285714285714333,0.22191011235955105,0.2253521126760567,0.24641833810888314,0.3023952095808391,0.17886178861788626
HTG-L,-0.06593406593406592,-0.0714285714285714,-0.06666666666666654,0.011111111111111072,0.11656441717791433,0.07058823529411762,0.06432748538011679,0.07058823529411762,0.040000000000000036,0.016759776536312998,0.011111111111111072,0.016759776536312998,0.09638554216867479,0.08982035928143728,0.040000000000000036,0.04597701149425282,-0.03703703703703709,-0.021505376344086113,-0.005464480874316946,0.011111111111111072,0.040000000000000036,0.07058823529411762,0.14465408805031443,0.13749999999999996,0.1895424836601305,0.12345679012345667,0.07058823529411762,0.14465408805031443,-0.04210526315789476,-0.0714285714285714,-0.11219512195121961,-0.12077294685990336,-0.14553990610328638,-0.26016260162601634,-0.35460992907801414,-0.35,-0.35,-0.3476702508960574,-0.22881355932203395,-0.17272727272727273,-0.15740740740740744,-0.05699481865284972,0.10303030303030303,0.09638554216867479,0.07058823529411762,0.02824858757062132,0.22972972972972983,0.17419354838709689,0.13749999999999996
HAN-L,-0.13186813186813184,-0.09000000000000008,-0.13333333333333341,-0.07142857142857151,0.08333333333333326,0.0,0.011111111111111072,0.022471910112359383,-0.05208333333333348,-0.1250000000000001,-0.10784313725490191,-0.061855670103092786,-0.09900990099009921,-0.1250000000000001,-0.14953271028037385,-0.1250000000000001,-0.03703703703703698,0.03409090909090895,0.045977011494252595,-0.021505376344086113,-0.05208333333333348,-0.07142857142857151,-0.061855670103092786,-0.1250000000000001,-0.19469026548672574,-0.1875,-0.14953271028037385,-0.14150943396226434,-0.20869565217391306,-0.22881355932203395,-0.2416666666666667,-0.2416666666666667,-0.23529411764705888,-0.23529411764705888,-0.31060606060606055,-0.31060606060606055,-0.30000000000000004,-0.2661290322580646,-0.25409836065573765,-0.2222222222222222,-0.20175438596491235,-0.1651376146788991,-0.1651376146788991,-0.10784313725490191,-0.17272727272727273,-0.1875,-0.18018018018018034,-0.1651376146788991,-0.1875
