Date,Open,High,Low,Close,Volume,Dividends,Stock Splits,Capital Gains
2017-11-03 00:00:00-04:00,13.634,13.692,13.293,13.39,144812746,0.0,0.0,0.0
2017-11-06 00:00:00-05:00,13.39,13.439,12.855,13.001,1211657,0.0,0.0,0.0
2017-11-07 00:00:00-05:00,13.001,13.634,12.562,12.66,1164092,0.0,0.0,0.0
2017-11-08 00:00:00-05:00,13.049,13.049,12.66,12.66,414753,0.0,0.0,0.0
2017-11-09 00:00:00-05:00,12.709,12.757,12.562,12.66,311944,0.0,0.0,0.0
2017-11-10 00:00:00-05:00,12.66,12.66,12.562,12.66,149294,0.0,0.0,0.0
2017-11-13 00:00:00-05:00,12.66,12.66,12.416,12.465,57871,0.0,0.0,0.0
2017-11-14 00:00:00-05:00,12.757,12.757,12.416,12.66,250064,0.0,0.0,0.0
2017-11-15 00:00:00-05:00,12.66,12.66,12.416,12.66,295438,0.0,0.0,0.0
2017-11-16 00:00:00-05:00,12.66,12.66,12.416,12.465,526720,0.0,0.0,0.0
2017-11-17 00:00:00-05:00,12.562,12.903,12.562,12.66,708372,0.0,0.0,0.0
2017-11-20 00:00:00-05:00,12.806,12.806,12.611,12.66,653968,0.0,0.0,0.0
2017-11-21 00:00:00-05:00,12.757,12.757,12.514,12.66,833936,0.0,0.0,0.0
2017-11-22 00:00:00-05:00,12.66,12.708,12.66,12.708,133362,0.0,0.0,0.0
2017-11-24 00:00:00-05:00,12.708,12.806,12.708,12.708,44667,0.0,0.0,0.0
2017-11-27 00:00:00-05:00,12.66,12.66,12.368,12.368,904186,0.0,0.0,0.0
2017-11-28 00:00:00-05:00,12.416,12.562,12.173,12.562,968604,0.0,0.0,0.0
2017-11-29 00:00:00-05:00,12.68,12.73,12.581,12.68,422314,0.219,0.0,0.0
2017-11-30 00:00:00-05:00,12.68,12.68,12.482,12.68,275806,0.0,0.0,0.0
2017-12-01 00:00:00-05:00,12.631,12.68,12.631,12.68,71578,0.0,0.0,0.0
2017-12-04 00:00:00-05:00,12.68,12.928,12.68,12.878,270766,0.0,0.0,0.0
2017-12-05 00:00:00-05:00,12.878,12.878,12.631,12.878,1389813,0.0,0.0,0.0
2017-12-06 00:00:00-05:00,12.829,12.977,12.779,12.928,643762,0.0,0.0,0.0
2017-12-07 00:00:00-05:00,12.928,12.977,12.878,12.977,18807,0.0,0.0,0.0
2017-12-08 00:00:00-05:00,12.928,13.027,12.878,13.027,181154,0.0,0.0,0.0
2017-12-11 00:00:00-05:00,12.928,13.175,12.928,13.175,85613,0.0,0.0,0.0
2017-12-12 00:00:00-05:00,13.175,13.175,13.126,13.175,184075,0.0,0.0,0.0
2017-12-13 00:00:00-05:00,13.175,13.374,13.126,13.374,1413518,0.0,0.0,0.0
2017-12-14 00:00:00-05:00,13.671,13.671,13.423,13.671,1588386,0.0,0.0,0.0
2017-12-15 00:00:00-05:00,13.621,13.77,13.621,13.77,817615,0.0,0.0,0.0
2017-12-18 00:00:00-05:00,13.77,13.918,13.72,13.869,9166857,0.0,0.0,0.0
2017-12-19 00:00:00-05:00,13.968,13.968,13.819,13.869,31697,0.0,0.0,0.0
2017-12-20 00:00:00-05:00,13.869,13.869,13.77,13.819,2260869,0.0,0.0,0.0
2017-12-21 00:00:00-05:00,13.374,13.869,13.374,13.671,228681,0.0,0.0,0.0
2017-12-22 00:00:00-05:00,13.72,13.819,13.72,13.819,79605,0.0,0.0,0.0
2017-12-26 00:00:00-05:00,13.819,13.819,13.819,13.819,0,0.0,0.0,0.0
2017-12-27 00:00:00-05:00,13.423,13.869,13.423,13.869,54469,0.0,0.0,0.0
2017-12-28 00:00:00-05:00,13.77,13.77,13.671,13.72,22561,0.0,0.0,0.0
2017-12-29 00:00:00-05:00,13.77,13.77,13.621,13.671,24912,0.0,0.0,0.0
2018-01-02 00:00:00-05:00,13.72,13.869,13.671,13.77,51589,0.0,0.0,0.0
2018-01-03 00:00:00-05:00,13.72,13.819,13.72,13.72,320122,0.0,0.0,0.0
2018-01-04 00:00:00-05:00,13.72,13.77,13.621,13.72,163802,0.0,0.0,0.0
2018-01-05 00:00:00-05:00,13.72,13.72,13.631,13.641,70380,0.0,0.0,0.0
2018-01-08 00:00:00-05:00,13.572,13.671,13.473,13.492,17335,0.0,0.0,0.0
2018-01-09 00:00:00-05:00,13.572,13.621,13.473,13.473,5197,0.0,0.0,0.0
2018-01-10 00:00:00-05:00,13.522,13.522,13.403,13.473,17421,0.0,0.0,0.0
2018-01-11 00:00:00-05:00,13.473,13.522,13.423,13.423,48828,0.0,0.0,0.0
2018-01-12 00:00:00-05:00,13.473,13.473,13.344,13.374,9686,0.0,0.0,0.0
2018-01-16 00:00:00-05:00,13.423,13.473,13.374,13.473,8541,0.0,0.0,0.0
2018-01-17 00:00:00-05:00,13.473,13.473,12.878,13.344,13064,0.0,0.0,0.0
2018-01-18 00:00:00-05:00,13.374,13.374,13.334,13.334,16093,0.0,0.0,0.0
2018-01-19 00:00:00-05:00,13.374,13.611,13.334,13.522,112886,0.0,0.0,0.0
2018-01-22 00:00:00-05:00,13.572,13.869,13.572,13.819,87359,0.0,0.0,0.0
2018-01-23 00:00:00-05:00,13.869,13.869,13.671,13.819,816312,0.0,0.0,0.0
2018-01-24 00:00:00-05:00,13.819,13.819,13.681,13.819,98177,0.0,0.0,0.0
2018-01-25 00:00:00-05:00,13.77,13.77,13.621,13.641,20968,0.0,0.0,0.0
2018-01-26 00:00:00-05:00,13.671,13.77,13.463,13.572,84157,0.0,0.0,0.0
2018-01-29 00:00:00-05:00,13.582,13.681,13.522,13.621,58932,0.0,0.0,0.0
2018-01-30 00:00:00-05:00,13.572,13.671,13.374,13.522,42538,0.0,0.0,0.0
2018-01-31 00:00:00-05:00,13.522,13.522,13.274,13.374,46886,0.0,0.0,0.0
2018-02-01 00:00:00-05:00,13.423,13.522,13.423,13.473,30883,0.0,0.0,0.0
2018-02-02 00:00:00-05:00,13.473,13.473,13.374,13.374,5994,0.0,0.0,0.0
2018-02-05 00:00:00-05:00,13.304,13.374,13.225,13.374,5942,0.0,0.0,0.0
2018-02-06 00:00:00-05:00,13.374,13.77,12.977,13.473,209923,0.0,0.0,0.0
2018-02-07 00:00:00-05:00,13.374,13.453,13.274,13.374,45403,0.0,0.0,0.0
2018-02-08 00:00:00-05:00,13.473,13.473,13.274,13.374,82338,0.0,0.0,0.0
2018-02-09 00:00:00-05:00,13.175,13.374,13.175,13.374,28775,0.0,0.0,0.0
2018-02-12 00:00:00-05:00,13.374,13.374,12.878,13.274,45994,0.0,0.0,0.0
2018-02-13 00:00:00-05:00,13.274,13.274,13.175,13.175,7968,0.0,0.0,0.0
2018-02-14 00:00:00-05:00,13.274,13.274,13.076,13.076,58011,0.0,0.0,0.0
2018-02-15 00:00:00-05:00,13.175,13.274,13.076,13.175,46219,0.0,0.0,0.0
2018-02-16 00:00:00-05:00,13.274,13.274,12.977,12.977,25367,0.0,0.0,0.0
2018-02-20 00:00:00-05:00,12.977,13.076,12.779,12.779,251923,0.0,0.0,0.0
2018-02-21 00:00:00-05:00,12.878,12.928,12.779,12.779,24296,0.0,0.0,0.0
2018-02-22 00:00:00-05:00,12.779,12.878,12.779,12.878,10086,0.0,0.0,0.0
2018-02-23 00:00:00-05:00,12.779,12.779,12.68,12.68,92816,0.0,0.0,0.0
2018-02-26 00:00:00-05:00,12.779,12.878,12.68,12.779,12908,0.0,0.0,0.0
2018-02-27 00:00:00-05:00,12.779,12.779,12.68,12.779,59601,0.0,0.0,0.0
2018-02-28 00:00:00-05:00,12.779,12.779,12.68,12.779,108282,0.0,0.0,0.0
2018-03-01 00:00:00-05:00,12.779,12.779,12.68,12.779,3731,0.0,0.0,0.0
2018-03-02 00:00:00-05:00,12.383,12.779,12.383,12.581,22524,0.0,0.0,0.0
2018-03-05 00:00:00-05:00,12.383,12.68,12.383,12.482,59855,0.0,0.0,0.0
2018-03-06 00:00:00-05:00,12.581,12.779,12.284,12.284,122935,0.0,0.0,0.0
2018-03-07 00:00:00-05:00,12.284,12.284,12.086,12.284,31319,0.0,0.0,0.0
2018-03-08 00:00:00-05:00,12.185,12.383,12.185,12.284,8758,0.0,0.0,0.0
2018-03-09 00:00:00-05:00,12.185,12.383,12.185,12.284,11353,0.0,0.0,0.0
2018-03-12 00:00:00-04:00,12.284,12.383,12.185,12.284,121817,0.0,0.0,0.0
2018-03-13 00:00:00-04:00,12.383,12.581,12.284,12.284,8536,0.0,0.0,0.0
2018-03-14 00:00:00-04:00,12.383,12.482,12.086,12.383,4755,0.0,0.0,0.0
2018-03-15 00:00:00-04:00,12.482,12.482,12.383,12.383,4690,0.0,0.0,0.0
2018-03-16 00:00:00-04:00,12.482,12.779,12.284,12.68,64722,0.0,0.0,0.0
2018-03-19 00:00:00-04:00,12.68,12.68,12.482,12.581,10547,0.0,0.0,0.0
2018-03-20 00:00:00-04:00,12.7,12.8,12.6,12.7,3565,0.119,0.0,0.0
2018-03-21 00:00:00-04:00,12.7,12.8,12.5,12.7,13198,0.0,0.0,0.0
2018-03-22 00:00:00-04:00,12.7,12.7,12.5,12.5,4606,0.0,0.0,0.0
2018-03-23 00:00:00-04:00,12.5,12.7,12.3,12.7,78914,0.0,0.0,0.0
2018-03-26 00:00:00-04:00,12.5,12.5,12.4,12.4,9875,0.0,0.0,0.0
2018-03-27 00:00:00-04:00,12.3,12.4,12.2,12.4,15828,0.0,0.0,0.0
2018-03-28 00:00:00-04:00,12.2,12.3,12.2,12.3,7517,0.0,0.0,0.0
2018-03-29 00:00:00-04:00,12.3,12.3,12.1,12.2,42657,0.0,0.0,0.0
2018-04-02 00:00:00-04:00,12.2,12.2,12.2,12.2,0,0.0,0.0,0.0
2018-04-03 00:00:00-04:00,12.3,12.4,12.1,12.3,244982,0.0,0.0,0.0
2018-04-04 00:00:00-04:00,12.3,12.3,12.1,12.3,21866,0.0,0.0,0.0
2018-04-05 00:00:00-04:00,12.4,12.4,12.1,12.2,23987,0.0,0.0,0.0
2018-04-06 00:00:00-04:00,12.3,12.4,9.5,9.65,917590,0.0,0.0,0.0
2018-04-09 00:00:00-04:00,9.5,9.5,5.6,5.6,45968,0.0,0.0,0.0
2018-04-10 00:00:00-04:00,6.0,6.0,6.0,6.0,246,0.0,0.0,0.0
2018-04-11 00:00:00-04:00,6.0,6.0,6.0,6.0,37611,0.0,0.0,0.0
2018-04-12 00:00:00-04:00,7.597,7.598,7.597,6.0,16200,0.0,0.0,0.0
2018-04-13 00:00:00-04:00,6.0,6.0,6.0,6.0,0,0.0,0.0,0.0
2018-04-16 00:00:00-04:00,6.0,6.0,6.0,6.0,0,0.0,0.0,0.0
2018-04-17 00:00:00-04:00,6.0,6.0,6.0,6.0,0,0.0,0.0,0.0
2018-04-18 00:00:00-04:00,6.0,6.0,6.0,6.0,0,0.0,0.0,0.0
2018-04-19 00:00:00-04:00,6.93,6.93,6.86,6.0,13206,0.0,0.0,0.0
2018-04-20 00:00:00-04:00,6.19,6.19,5.69,6.0,97346,0.0,0.0,0.0
2018-04-23 00:00:00-04:00,5.99,5.99,5.99,6.0,97346,0.0,0.0,0.0
2018-04-24 00:00:00-04:00,6.0,6.0,6.0,6.0,0,0.0,0.0,0.0
2018-04-25 00:00:00-04:00,6.0,6.0,6.0,6.0,0,0.0,0.0,0.0
2018-04-26 00:00:00-04:00,6.0,6.0,6.0,6.0,0,0.0,0.0,0.0
2018-04-27 00:00:00-04:00,6.0,6.0,6.0,6.0,0,0.0,0.0,0.0
2018-04-30 00:00:00-04:00,5.438,5.438,5.438,6.0,17463,0.0,0.0,0.0
2018-05-01 00:00:00-04:00,6.0,6.0,6.0,6.0,0,0.0,0.0,0.0
2018-05-02 00:00:00-04:00,6.0,6.0,6.0,6.0,0,0.0,0.0,0.0
2018-05-03 00:00:00-04:00,6.0,6.0,6.0,6.0,0,0.0,0.0,0.0
2018-05-04 00:00:00-04:00,6.0,6.0,6.0,6.0,0,0.0,0.0,0.0
2018-05-07 00:00:00-04:00,6.0,6.0,6.0,6.0,0,0.0,0.0,0.0
2018-05-08 00:00:00-04:00,6.0,6.0,6.0,6.0,0,0.0,0.0,0.0
2018-05-09 00:00:00-04:00,6.0,6.0,6.0,6.0,0,0.0,0.0,0.0
2018-05-10 00:00:00-04:00,6.0,6.0,6.0,6.0,0,0.0,0.0,0.0
2018-05-11 00:00:00-04:00,6.0,6.0,6.0,6.0,0,0.0,0.0,0.0
2018-05-14 00:00:00-04:00,6.0,6.0,6.0,6.0,0,0.0,0.0,0.0
2018-05-15 00:00:00-04:00,6.0,6.0,6.0,6.0,0,0.0,0.0,0.0
2018-05-16 00:00:00-04:00,3.32,4.75,3.32,6.0,32632,0.0,0.0,0.0
2018-05-17 00:00:00-04:00,6.0,6.0,6.0,6.0,0,0.0,0.0,0.0
2018-05-18 00:00:00-04:00,5.4,5.4,5.4,5.4,5668,0.0,0.0,0.0
2018-05-21 00:00:00-04:00,5.4,5.4,5.4,5.4,0,0.0,0.0,0.0
2018-05-22 00:00:00-04:00,5.4,5.4,5.4,5.4,0,0.0,0.0,0.0
2018-05-23 00:00:00-04:00,5.4,5.4,5.4,5.4,0,0.0,0.0,0.0
2018-05-24 00:00:00-04:00,5.4,5.4,5.4,5.4,0,0.0,0.0,0.0
2018-05-25 00:00:00-04:00,4.861,4.861,4.861,5.4,1777,0.0,0.0,0.0
2018-05-29 00:00:00-04:00,5.4,5.4,5.4,5.4,0,0.0,0.0,0.0
2018-05-30 00:00:00-04:00,5.4,5.4,5.4,5.4,0,0.0,0.0,0.0
2018-05-31 00:00:00-04:00,5.4,5.4,5.4,5.4,0,0.0,0.0,0.0
2018-06-01 00:00:00-04:00,5.4,5.4,5.4,5.4,0,0.0,0.0,0.0
2018-06-04 00:00:00-04:00,5.4,5.4,5.4,5.4,0,0.0,0.0,0.0
2018-06-05 00:00:00-04:00,5.4,5.4,5.4,5.4,0,0.0,0.0,0.0
2018-06-06 00:00:00-04:00,5.4,5.4,5.4,5.4,0,0.0,0.0,0.0
2018-06-07 00:00:00-04:00,5.4,5.4,5.4,5.4,0,0.0,0.0,0.0
2018-06-08 00:00:00-04:00,5.4,5.4,5.4,5.4,0,0.0,0.0,0.0
2018-06-11 00:00:00-04:00,5.4,5.4,5.4,5.4,0,0.0,0.0,0.0
2018-06-12 00:00:00-04:00,5.4,5.4,5.4,5.4,0,0.0,0.0,0.0
2018-06-13 00:00:00-04:00,5.4,5.4,5.4,5.4,0,0.0,0.0,0.0
2018-06-14 00:00:00-04:00,5.4,5.4,5.4,5.4,0,0.0,0.0,0.0
2018-06-15 00:00:00-04:00,5.4,5.4,5.4,5.4,0,0.0,0.0,0.0
2018-06-18 00:00:00-04:00,5.4,5.4,5.4,5.4,0,0.0,0.0,0.0
2018-06-19 00:00:00-04:00,5.4,5.4,5.4,5.4,0,0.0,0.0,0.0
2018-06-20 00:00:00-04:00,5.4,5.4,5.4,5.4,0,0.0,0.0,0.0
2018-06-21 00:00:00-04:00,5.4,5.4,5.4,5.4,0,0.0,0.0,0.0
2018-06-22 00:00:00-04:00,5.4,5.4,5.4,5.4,0,0.0,0.0,0.0
2018-06-25 00:00:00-04:00,5.4,5.4,5.4,5.4,0,0.0,0.0,0.0
2018-06-26 00:00:00-04:00,5.4,5.4,5.4,5.4,0,0.0,0.0,0.0
2018-06-27 00:00:00-04:00,5.4,5.4,5.4,5.4,0,0.0,0.0,0.0
2018-06-28 00:00:00-04:00,5.4,5.4,5.4,5.4,0,0.0,0.0,0.0
2018-06-29 00:00:00-04:00,5.4,5.4,5.4,5.4,0,0.0,0.0,0.0
2018-07-02 00:00:00-04:00,5.4,5.4,5.4,5.4,0,0.0,0.0,0.0
2018-07-03 00:00:00-04:00,5.4,5.4,5.4,5.4,0,0.0,0.0,0.0
2018-07-05 00:00:00-04:00,5.4,5.4,5.4,5.4,0,0.0,0.0,0.0
2018-07-06 00:00:00-04:00,5.4,5.4,5.4,5.4,0,0.0,0.0,0.0
2018-07-09 00:00:00-04:00,5.4,5.4,5.4,5.4,0,0.0,0.0,0.0
2018-07-10 00:00:00-04:00,5.4,5.4,5.4,5.4,0,0.0,0.0,0.0
2018-07-11 00:00:00-04:00,5.4,5.4,5.4,5.4,0,0.0,0.0,0.0
2018-07-12 00:00:00-04:00,5.4,5.4,5.4,5.4,0,0.0,0.0,0.0
2018-07-13 00:00:00-04:00,5.4,5.4,5.4,5.4,0,0.0,0.0,0.0
2018-07-16 00:00:00-04:00,5.4,5.4,5.4,5.4,0,0.0,0.0,0.0
2018-07-17 00:00:00-04:00,5.4,5.4,5.4,5.4,0,0.0,0.0,0.0
2018-07-18 00:00:00-04:00,5.4,5.4,5.4,5.4,0,0.0,0.0,0.0
2018-07-19 00:00:00-04:00,5.4,5.4,5.4,5.4,0,0.0,0.0,0.0
2018-07-20 00:00:00-04:00,5.4,5.4,5.4,5.4,0,0.0,0.0,0.0
2018-07-23 00:00:00-04:00,5.4,5.4,5.4,5.4,0,0.0,0.0,0.0
2018-07-24 00:00:00-04:00,5.4,5.4,5.4,5.4,0,0.0,0.0,0.0
2018-07-25 00:00:00-04:00,5.4,5.4,5.4,5.4,0,0.0,0.0,0.0
2018-07-26 00:00:00-04:00,5.4,5.4,5.4,5.4,0,0.0,0.0,0.0
2018-07-27 00:00:00-04:00,5.4,5.4,5.4,5.4,0,0.0,0.0,0.0
2018-07-30 00:00:00-04:00,5.4,5.4,5.4,5.4,0,0.0,0.0,0.0
2018-07-31 00:00:00-04:00,5.4,5.4,5.4,5.4,0,0.0,0.0,0.0
2018-08-01 00:00:00-04:00,5.4,5.4,5.4,5.4,0,0.0,0.0,0.0
2018-08-02 00:00:00-04:00,5.4,5.4,5.4,5.4,0,0.0,0.0,0.0
2018-08-03 00:00:00-04:00,5.4,5.4,5.4,5.4,0,0.0,0.0,0.0
2018-08-06 00:00:00-04:00,5.4,5.4,5.4,5.4,0,0.0,0.0,0.0
2018-08-07 00:00:00-04:00,5.4,5.4,5.4,5.4,0,0.0,0.0,0.0
2018-08-08 00:00:00-04:00,5.4,5.4,5.4,5.4,0,0.0,0.0,0.0
2018-08-09 00:00:00-04:00,5.4,5.4,5.4,5.4,0,0.0,0.0,0.0
2018-08-10 00:00:00-04:00,5.4,5.4,5.4,5.4,0,0.0,0.0,0.0
2018-08-13 00:00:00-04:00,5.4,5.4,5.4,5.4,0,0.0,0.0,0.0
2018-08-14 00:00:00-04:00,4.0,4.0,4.0,5.4,60000,0.0,0.0,0.0
2018-08-15 00:00:00-04:00,5.4,5.4,5.4,5.4,0,0.0,0.0,0.0
2018-08-16 00:00:00-04:00,5.4,5.4,5.4,5.4,0,0.0,0.0,0.0
2018-08-17 00:00:00-04:00,5.4,5.4,5.4,5.4,0,0.0,0.0,0.0
2018-08-20 00:00:00-04:00,5.4,5.4,5.4,5.4,0,0.0,0.0,0.0
2018-08-21 00:00:00-04:00,5.4,5.4,5.4,5.4,0,0.0,0.0,0.0
2018-08-22 00:00:00-04:00,5.4,5.4,5.4,5.4,0,0.0,0.0,0.0
2018-08-23 00:00:00-04:00,5.4,5.4,5.4,5.4,0,0.0,0.0,0.0
2018-08-24 00:00:00-04:00,5.4,5.4,5.4,5.4,0,0.0,0.0,0.0
2018-08-27 00:00:00-04:00,5.4,5.4,5.4,5.4,0,0.0,0.0,0.0
2018-08-28 00:00:00-04:00,5.4,5.4,5.4,5.4,0,0.0,0.0,0.0
2018-08-29 00:00:00-04:00,5.4,5.4,5.4,5.4,0,0.0,0.0,0.0
2018-08-30 00:00:00-04:00,5.4,5.4,5.4,5.4,0,0.0,0.0,0.0
2018-08-31 00:00:00-04:00,5.4,5.4,5.4,5.4,0,0.0,0.0,0.0
2018-09-04 00:00:00-04:00,5.4,5.4,5.4,5.4,0,0.0,0.0,0.0
2018-09-05 00:00:00-04:00,5.4,5.4,5.4,5.4,0,0.0,0.0,0.0
2018-09-06 00:00:00-04:00,5.4,5.4,5.4,5.4,0,0.0,0.0,0.0
2018-09-07 00:00:00-04:00,5.4,5.4,5.4,5.4,0,0.0,0.0,0.0
2018-09-10 00:00:00-04:00,5.4,5.4,5.4,5.4,0,0.0,0.0,0.0
2018-09-11 00:00:00-04:00,5.4,5.4,5.4,5.4,0,0.0,0.0,0.0
2018-09-12 00:00:00-04:00,5.4,5.4,5.4,5.4,0,0.0,0.0,0.0
2018-09-13 00:00:00-04:00,5.4,5.4,5.4,5.4,0,0.0,0.0,0.0
2018-09-14 00:00:00-04:00,5.4,5.4,5.4,5.4,0,0.0,0.0,0.0
2018-09-17 00:00:00-04:00,5.4,5.4,5.4,5.4,0,0.0,0.0,0.0
2018-09-18 00:00:00-04:00,5.4,5.4,5.4,5.4,0,0.0,0.0,0.0
2018-09-19 00:00:00-04:00,5.4,5.4,5.4,5.4,0,0.0,0.0,0.0
2018-09-20 00:00:00-04:00,5.4,5.4,5.4,5.4,0,0.0,0.0,0.0
2018-09-21 00:00:00-04:00,5.4,5.4,5.4,5.4,0,0.0,0.0,0.0
2018-09-24 00:00:00-04:00,5.4,5.4,5.4,5.4,0,0.0,0.0,0.0
2018-09-25 00:00:00-04:00,5.4,5.4,5.4,5.4,0,0.0,0.0,0.0
2018-09-26 00:00:00-04:00,5.4,5.4,5.4,5.4,0,0.0,0.0,0.0
2018-09-27 00:00:00-04:00,5.4,5.4,5.4,5.4,0,0.0,0.0,0.0
2018-09-28 00:00:00-04:00,5.4,5.4,5.4,5.4,0,0.0,0.0,0.0
2018-10-01 00:00:00-04:00,5.4,5.4,5.4,5.4,0,0.0,0.0,0.0
2018-10-02 00:00:00-04:00,5.4,5.4,5.4,5.4,0,0.0,0.0,0.0
2018-10-03 00:00:00-04:00,5.4,5.4,5.4,5.4,0,0.0,0.0,0.0
2018-10-04 00:00:00-04:00,5.4,5.4,5.4,5.4,0,0.0,0.0,0.0
2018-10-05 00:00:00-04:00,5.4,5.4,5.4,5.4,0,0.0,0.0,0.0
2018-10-08 00:00:00-04:00,5.4,5.4,5.4,5.4,0,0.0,0.0,0.0
2018-10-09 00:00:00-04:00,5.4,5.4,5.4,5.4,0,0.0,0.0,0.0
2018-10-10 00:00:00-04:00,5.4,5.4,5.4,5.4,0,0.0,0.0,0.0
2018-10-11 00:00:00-04:00,5.4,5.4,5.4,5.4,0,0.0,0.0,0.0
2018-10-12 00:00:00-04:00,5.4,5.4,5.4,5.4,0,0.0,0.0,0.0
2018-10-15 00:00:00-04:00,5.4,5.4,5.4,5.4,0,0.0,0.0,0.0
2018-10-16 00:00:00-04:00,5.4,5.4,5.4,5.4,0,0.0,0.0,0.0
2018-10-17 00:00:00-04:00,5.4,5.4,5.4,5.4,0,0.0,0.0,0.0
2018-10-18 00:00:00-04:00,5.4,5.4,5.4,5.4,0,0.0,0.0,0.0
2018-10-19 00:00:00-04:00,5.4,5.4,5.4,5.4,0,0.0,0.0,0.0
2018-10-22 00:00:00-04:00,5.4,5.4,5.4,5.4,0,0.0,0.0,0.0
2018-10-23 00:00:00-04:00,5.4,5.4,5.4,5.4,0,0.0,0.0,0.0
2018-10-24 00:00:00-04:00,5.4,5.4,5.4,5.4,0,0.0,0.0,0.0
2018-10-25 00:00:00-04:00,5.4,5.4,5.4,5.4,0,0.0,0.0,0.0
2018-10-26 00:00:00-04:00,5.4,5.4,5.4,5.4,0,0.0,0.0,0.0
2018-10-29 00:00:00-04:00,5.4,5.4,5.4,5.4,0,0.0,0.0,0.0
2018-10-30 00:00:00-04:00,5.4,5.4,5.4,5.4,0,0.0,0.0,0.0
2018-10-31 00:00:00-04:00,5.4,5.4,5.4,5.4,0,0.0,0.0,0.0
2018-11-01 00:00:00-04:00,5.4,5.4,5.4,5.4,0,0.0,0.0,0.0
2018-11-02 00:00:00-04:00,5.4,5.4,5.4,5.4,0,0.0,0.0,0.0
2018-11-05 00:00:00-05:00,5.4,5.4,5.4,5.4,0,0.0,0.0,0.0
2018-11-06 00:00:00-05:00,5.4,5.4,5.4,5.4,0,0.0,0.0,0.0
2018-11-07 00:00:00-05:00,5.4,5.4,5.4,5.4,0,0.0,0.0,0.0
2018-11-08 00:00:00-05:00,5.4,5.4,5.4,5.4,0,0.0,0.0,0.0
2018-11-09 00:00:00-05:00,5.4,5.4,5.4,5.4,0,0.0,0.0,0.0
2018-11-12 00:00:00-05:00,5.4,5.4,5.4,5.4,0,0.0,0.0,0.0
2018-11-13 00:00:00-05:00,5.4,5.4,5.4,5.4,0,0.0,0.0,0.0
2018-11-14 00:00:00-05:00,5.4,5.4,5.4,5.4,0,0.0,0.0,0.0
2018-11-15 00:00:00-05:00,5.4,5.4,5.4,5.4,0,0.0,0.0,0.0
2018-11-16 00:00:00-05:00,5.4,5.4,5.4,5.4,0,0.0,0.0,0.0
2018-11-19 00:00:00-05:00,5.4,5.4,5.4,5.4,0,0.0,0.0,0.0
2018-11-20 00:00:00-05:00,5.4,5.4,5.4,5.4,0,0.0,0.0,0.0
2018-11-21 00:00:00-05:00,5.4,5.4,5.4,5.4,0,0.0,0.0,0.0
2018-11-23 00:00:00-05:00,5.4,5.4,5.4,5.4,0,0.0,0.0,0.0
2018-11-26 00:00:00-05:00,5.4,5.4,5.4,5.4,0,0.0,0.0,0.0
2018-11-27 00:00:00-05:00,5.4,5.4,5.4,5.4,0,0.0,0.0,0.0
2018-11-28 00:00:00-05:00,5.4,5.4,5.4,5.4,0,0.0,0.0,0.0
2018-11-29 00:00:00-05:00,5.4,5.4,5.4,5.4,0,0.0,0.0,0.0
2018-11-30 00:00:00-05:00,5.4,5.4,5.4,5.4,0,0.0,0.0,0.0
2018-12-03 00:00:00-05:00,5.4,5.4,5.4,5.4,0,0.0,0.0,0.0
2018-12-04 00:00:00-05:00,5.4,5.4,5.4,5.4,0,0.0,0.0,0.0
2018-12-06 00:00:00-05:00,5.4,5.4,5.4,5.4,0,0.0,0.0,0.0
2018-12-07 00:00:00-05:00,5.4,5.4,5.4,5.4,0,0.0,0.0,0.0
2018-12-10 00:00:00-05:00,5.4,5.4,5.4,5.4,0,0.0,0.0,0.0
2018-12-11 00:00:00-05:00,5.4,5.4,5.4,5.4,0,0.0,0.0,0.0
2018-12-12 00:00:00-05:00,5.4,5.4,5.4,5.4,0,0.0,0.0,0.0
2018-12-13 00:00:00-05:00,5.4,5.4,5.4,5.4,0,0.0,0.0,0.0
2018-12-14 00:00:00-05:00,5.4,5.4,5.4,5.4,0,0.0,0.0,0.0
2018-12-17 00:00:00-05:00,5.4,5.4,5.4,5.4,0,0.0,0.0,0.0
2018-12-18 00:00:00-05:00,5.4,5.4,5.4,5.4,0,0.0,0.0,0.0
2018-12-19 00:00:00-05:00,5.4,5.4,5.4,5.4,0,0.0,0.0,0.0
2018-12-20 00:00:00-05:00,5.4,5.4,5.4,5.4,0,0.0,0.0,0.0
2018-12-21 00:00:00-05:00,5.4,5.4,5.4,5.4,0,0.0,0.0,0.0
2018-12-24 00:00:00-05:00,5.4,5.4,5.4,5.4,0,0.0,0.0,0.0
2018-12-26 00:00:00-05:00,5.4,5.4,5.4,5.4,0,0.0,0.0,0.0
2018-12-27 00:00:00-05:00,5.4,5.4,5.4,5.4,0,0.0,0.0,0.0
2018-12-28 00:00:00-05:00,5.4,5.4,5.4,5.4,0,0.0,0.0,0.0
2018-12-31 00:00:00-05:00,5.4,5.4,5.4,5.4,0,0.0,0.0,0.0
2019-01-02 00:00:00-05:00,5.4,5.4,5.4,5.4,0,0.0,0.0,0.0
2019-01-03 00:00:00-05:00,5.4,5.4,5.4,5.4,0,0.0,0.0,0.0
2019-01-04 00:00:00-05:00,5.4,5.4,5.4,5.4,0,0.0,0.0,0.0
2019-01-07 00:00:00-05:00,5.4,5.4,5.4,5.4,0,0.0,0.0,0.0
2019-01-08 00:00:00-05:00,5.4,5.4,5.4,5.4,0,0.0,0.0,0.0
2019-01-09 00:00:00-05:00,5.4,5.4,5.4,5.4,0,0.0,0.0,0.0
2019-01-10 00:00:00-05:00,5.4,5.4,5.4,5.4,0,0.0,0.0,0.0
2019-01-11 00:00:00-05:00,5.4,5.4,5.4,5.4,0,0.0,0.0,0.0
2019-01-14 00:00:00-05:00,5.4,5.4,5.4,5.4,0,0.0,0.0,0.0
2019-01-15 00:00:00-05:00,5.4,5.4,5.4,5.4,0,0.0,0.0,0.0
2019-01-16 00:00:00-05:00,5.4,5.4,5.4,5.4,0,0.0,0.0,0.0
2019-01-17 00:00:00-05:00,5.4,5.4,5.4,5.4,0,0.0,0.0,0.0
2019-01-18 00:00:00-05:00,5.4,5.4,5.4,5.4,0,0.0,0.0,0.0
2019-01-22 00:00:00-05:00,5.4,5.4,5.4,5.4,0,0.0,0.0,0.0
2019-01-23 00:00:00-05:00,5.4,5.4,5.4,5.4,0,0.0,0.0,0.0
2019-01-24 00:00:00-05:00,5.4,5.4,5.4,5.4,0,0.0,0.0,0.0
2019-01-25 00:00:00-05:00,5.4,5.4,5.4,5.4,0,0.0,0.0,0.0
2019-01-28 00:00:00-05:00,5.4,5.4,5.4,5.4,0,0.0,0.0,0.0
2019-01-29 00:00:00-05:00,8.619,8.619,8.554,5.4,33287,0.0,0.0,0.0
2019-01-30 00:00:00-05:00,5.4,5.4,5.4,5.4,0,0.0,0.0,0.0
2019-01-31 00:00:00-05:00,8.0,8.25,8.0,8.05,47342,0.0,0.0,0.0
2019-02-01 00:00:00-05:00,9.0,9.0,8.95,8.95,1350,0.0,0.0,0.0
2019-02-04 00:00:00-05:00,8.31,8.75,8.31,8.75,9205,0.0,0.0,0.0
2019-02-05 00:00:00-05:00,8.75,8.75,8.75,8.75,0,0.0,0.0,0.0
2019-02-06 00:00:00-05:00,9.0,9.0,8.6,8.8,22198,0.0,0.0,0.0
2019-02-07 00:00:00-05:00,8.45,8.85,8.41,8.85,8876,0.0,0.0,0.0
2019-02-08 00:00:00-05:00,8.705,8.74,8.705,8.74,1954,0.0,0.0,0.0
2019-02-11 00:00:00-05:00,8.74,8.74,8.74,8.74,0,0.0,0.0,0.0
2019-02-12 00:00:00-05:00,8.74,8.74,8.74,8.74,0,0.0,0.0,0.0
2019-02-13 00:00:00-05:00,8.78,8.8,8.78,8.78,256454,0.0,0.0,0.0
2019-02-14 00:00:00-05:00,8.55,8.55,8.55,8.55,81475,0.0,0.0,0.0
2019-02-15 00:00:00-05:00,8.9,8.9,8.9,8.9,180910,0.0,0.0,0.0
2019-02-19 00:00:00-05:00,8.8,8.8,8.8,8.8,19319,0.0,0.0,0.0
2019-02-20 00:00:00-05:00,8.814,8.814,8.814,8.8,3777,0.0,0.0,0.0
2019-02-21 00:00:00-05:00,8.775,8.83,8.775,8.8,19092,0.0,0.0,0.0
2019-02-22 00:00:00-05:00,8.817,8.817,8.817,8.8,2255,0.0,0.0,0.0
2019-02-25 00:00:00-05:00,8.8,8.8,8.8,8.8,0,0.0,0.0,0.0
2019-02-26 00:00:00-05:00,8.9,9.02,8.8,8.8,509532,0.0,0.0,0.0
2019-02-27 00:00:00-05:00,8.995,9.0,8.95,8.95,310758,0.0,0.0,0.0
2019-02-28 00:00:00-05:00,9.025,9.025,9.025,8.95,6500,0.0,0.0,0.0
2019-03-01 00:00:00-05:00,9.02,9.02,9.02,8.95,2500,0.0,0.0,0.0
2019-03-04 00:00:00-05:00,9.037,9.037,9.037,8.95,5000,0.0,0.0,0.0
2019-03-05 00:00:00-05:00,8.95,9.0,8.95,9.0,22658,0.0,0.0,0.0
2019-03-06 00:00:00-05:00,9.0,9.0,9.0,9.0,0,0.0,0.0,0.0
2019-03-07 00:00:00-05:00,9.0,9.0,8.991,9.0,13150,0.0,0.0,0.0
2019-03-08 00:00:00-05:00,8.95,8.95,8.95,8.95,5000,0.0,0.0,0.0
2019-03-11 00:00:00-04:00,8.965,8.965,8.965,8.95,30000,0.0,0.0,0.0
2019-03-12 00:00:00-04:00,8.986,8.986,8.986,8.95,8423,0.0,0.0,0.0
2019-03-13 00:00:00-04:00,8.993,8.993,8.993,8.95,7613,0.0,0.0,0.0
2019-03-14 00:00:00-04:00,8.3,8.9,8.3,8.9,20607,0.0,0.0,0.0
2019-03-15 00:00:00-04:00,8.8,8.825,8.705,8.825,32930,0.0,0.0,0.0
2019-03-18 00:00:00-04:00,8.7,8.7,8.7,8.7,19732,0.0,0.0,0.0
2019-03-19 00:00:00-04:00,8.966,8.966,8.966,8.7,7842,0.0,0.0,0.0
2019-03-20 00:00:00-04:00,8.876,8.876,8.876,8.7,6731,0.0,0.0,0.0
2019-03-21 00:00:00-04:00,8.904,8.904,8.904,8.7,11167,0.0,0.0,0.0
2019-03-22 00:00:00-04:00,8.7,8.7,8.7,8.7,0,0.0,0.0,0.0
2019-03-25 00:00:00-04:00,8.73,8.73,8.73,8.7,22202,0.0,0.0,0.0
2019-03-26 00:00:00-04:00,8.707,8.707,8.707,8.7,30000,0.0,0.0,0.0
2019-03-27 00:00:00-04:00,8.597,8.597,8.597,8.7,10711,0.0,0.0,0.0
2019-03-28 00:00:00-04:00,8.36,8.36,8.0,8.0,1325,0.0,0.0,0.0
2019-03-29 00:00:00-04:00,8.19,8.19,8.19,8.19,149,0.0,0.0,0.0
2019-04-01 00:00:00-04:00,8.19,8.19,8.19,8.19,0,0.0,0.0,0.0
2019-04-02 00:00:00-04:00,8.19,8.19,8.19,8.19,0,0.0,0.0,0.0
2019-04-03 00:00:00-04:00,8.19,8.19,8.19,8.19,0,0.0,0.0,0.0
2019-04-04 00:00:00-04:00,7.9,7.9,7.9,7.9,1,0.0,0.0,0.0
2019-04-05 00:00:00-04:00,7.9,7.9,7.9,7.9,0,0.0,0.0,0.0
2019-04-08 00:00:00-04:00,7.52,7.52,7.44,7.46,2625,0.0,0.0,0.0
2019-04-09 00:00:00-04:00,7.9,8.0,7.46,7.9,2959,0.0,0.0,0.0
2019-04-10 00:00:00-04:00,7.9,7.9,7.9,7.9,0,0.0,0.0,0.0
2019-04-11 00:00:00-04:00,7.52,7.52,7.26,7.38,2583,0.0,0.0,0.0
2019-04-12 00:00:00-04:00,7.7,7.9,7.12,7.5,4087,0.0,0.0,0.0
2019-04-15 00:00:00-04:00,7.5,7.5,7.5,7.5,0,0.0,0.0,0.0
2019-04-16 00:00:00-04:00,7.5,7.5,7.5,7.5,0,0.0,0.0,0.0
2019-04-17 00:00:00-04:00,7.66,7.68,7.66,7.66,2654,0.0,0.0,0.0
2019-04-18 00:00:00-04:00,8.0,8.0,8.0,8.0,2635,0.0,0.0,0.0
2019-04-22 00:00:00-04:00,8.0,8.0,8.0,8.0,0,0.0,0.0,0.0
2019-04-23 00:00:00-04:00,8.0,8.0,8.0,8.0,4945,0.0,0.0,0.0
2019-04-24 00:00:00-04:00,8.0,8.0,8.0,8.0,0,0.0,0.0,0.0
2019-04-25 00:00:00-04:00,7.799,7.799,7.799,8.0,64851,0.0,0.0,0.0
2019-04-26 00:00:00-04:00,8.0,8.0,8.0,8.0,39827,0.0,0.0,0.0
2019-04-29 00:00:00-04:00,8.0,8.0,8.0,8.0,0,0.0,0.0,0.0
2019-04-30 00:00:00-04:00,8.0,8.0,8.0,8.0,0,0.0,0.0,0.0
2019-05-01 00:00:00-04:00,7.679,7.679,7.679,8.0,11,0.0,0.0,0.0
2019-05-02 00:00:00-04:00,7.679,7.679,7.679,8.0,11,0.0,0.0,0.0
2019-05-03 00:00:00-04:00,8.0,8.0,8.0,8.0,0,0.0,0.0,0.0
2019-05-06 00:00:00-04:00,8.0,8.0,8.0,8.0,0,0.0,0.0,0.0
2019-05-07 00:00:00-04:00,7.679,7.679,7.679,8.0,12,0.0,0.0,0.0
2019-05-08 00:00:00-04:00,8.0,8.0,8.0,8.0,0,0.0,0.0,0.0
2019-05-09 00:00:00-04:00,8.0,8.0,8.0,8.0,0,0.0,0.0,0.0
2019-05-10 00:00:00-04:00,8.0,8.0,8.0,8.0,0,0.0,0.0,0.0
2019-05-13 00:00:00-04:00,7.6,7.6,7.34,7.4,508,0.0,0.0,0.0
2019-05-14 00:00:00-04:00,7.34,7.34,7.3,7.3,1298,0.0,0.0,0.0
2019-05-15 00:00:00-04:00,7.26,7.3,7.24,7.24,500,0.0,0.0,0.0
2019-05-16 00:00:00-04:00,7.34,7.38,7.34,7.38,750,0.0,0.0,0.0
2019-05-17 00:00:00-04:00,7.2,7.2,7.2,7.2,14,0.0,0.0,0.0
2019-05-20 00:00:00-04:00,7.2,7.2,7.2,7.2,0,0.0,0.0,0.0
2019-05-21 00:00:00-04:00,7.2,7.2,7.2,7.2,1,0.0,0.0,0.0
2019-05-22 00:00:00-04:00,7.2,7.2,7.2,7.2,8,0.0,0.0,0.0
2019-05-23 00:00:00-04:00,7.2,7.2,7.1,7.1,726,0.0,0.0,0.0
2019-05-24 00:00:00-04:00,7.1,7.1,7.1,7.1,0,0.0,0.0,0.0
2019-05-28 00:00:00-04:00,7.38,7.38,7.38,7.38,250,0.0,0.0,0.0
2019-05-29 00:00:00-04:00,7.099,7.099,7.099,7.38,2,0.0,0.0,0.0
2019-05-30 00:00:00-04:00,7.099,7.099,7.099,7.38,2,0.0,0.0,0.0
2019-05-31 00:00:00-04:00,7.1,7.12,7.1,7.12,485,0.0,0.0,0.0
2019-06-03 00:00:00-04:00,7.1,7.1,7.02,7.02,285,0.0,0.0,0.0
2019-06-04 00:00:00-04:00,7.02,7.1,7.02,7.1,4404,0.0,0.0,0.0
2019-06-05 00:00:00-04:00,7.0,7.0,7.0,7.0,10,0.0,0.0,0.0
2019-06-06 00:00:00-04:00,7.1,7.1,6.82,6.82,5304,0.0,0.0,0.0
2019-06-07 00:00:00-04:00,7.1,7.1,6.9,6.94,290,0.0,0.0,0.0
2019-06-10 00:00:00-04:00,7.1,7.1,6.9,6.9,81,0.0,0.0,0.0
2019-06-11 00:00:00-04:00,6.9,7.0,6.9,7.0,68,0.0,0.0,0.0
2019-06-12 00:00:00-04:00,6.82,6.9,6.82,6.9,2486,0.0,0.0,0.0
2019-06-13 00:00:00-04:00,7.36,7.38,7.36,7.38,1258,0.0,0.0,0.0
2019-06-14 00:00:00-04:00,7.38,7.38,7.38,7.38,0,0.0,0.0,0.0
2019-06-17 00:00:00-04:00,7.38,7.38,7.38,7.38,0,0.0,0.0,0.0
2019-06-18 00:00:00-04:00,7.38,7.38,7.38,7.38,0,0.0,0.0,0.0
2019-06-19 00:00:00-04:00,7.3,7.3,7.3,7.3,2331,0.0,0.0,0.0
2019-06-20 00:00:00-04:00,7.3,7.3,7.3,7.3,0,0.0,0.0,0.0
2019-06-21 00:00:00-04:00,7.3,7.3,7.3,7.3,0,0.0,0.0,0.0
2019-06-24 00:00:00-04:00,7.3,7.3,7.3,7.3,0,0.0,0.0,0.0
2019-06-25 00:00:00-04:00,7.3,7.3,7.3,7.3,0,0.0,0.0,0.0
2019-06-26 00:00:00-04:00,7.58,7.58,7.56,7.56,17,0.0,0.0,0.0
2019-06-27 00:00:00-04:00,7.56,7.56,7.56,7.56,0,0.0,0.0,0.0
2019-06-28 00:00:00-04:00,7.56,7.56,7.56,7.56,0,0.0,0.0,0.0
2019-07-01 00:00:00-04:00,7.56,7.56,7.56,7.56,0,0.0,0.0,0.0
2019-07-02 00:00:00-04:00,7.56,7.56,7.56,7.56,0,0.0,0.0,0.0
2019-07-03 00:00:00-04:00,6.82,6.82,6.82,6.82,1,0.0,0.0,0.0
2019-07-05 00:00:00-04:00,6.98,6.98,6.82,6.82,21,0.0,0.0,0.0
2019-07-08 00:00:00-04:00,7.2,7.2,7.2,7.2,6,0.0,0.0,0.0
2019-07-09 00:00:00-04:00,7.2,7.2,7.2,7.2,0,0.0,0.0,0.0
2019-07-10 00:00:00-04:00,7.1,7.1,7.1,7.1,6,0.0,0.0,0.0
2019-07-11 00:00:00-04:00,7.56,7.56,7.56,7.56,247,0.0,0.0,0.0
2019-07-12 00:00:00-04:00,7.56,7.56,7.56,7.56,0,0.0,0.0,0.0
2019-07-15 00:00:00-04:00,7.56,7.56,7.56,7.56,0,0.0,0.0,0.0
2019-07-16 00:00:00-04:00,7.1,7.1,6.82,6.82,2,0.0,0.0,0.0
2019-07-17 00:00:00-04:00,6.82,6.82,6.82,6.82,0,0.0,0.0,0.0
2019-07-18 00:00:00-04:00,6.82,6.82,6.82,6.82,0,0.0,0.0,0.0
2019-07-19 00:00:00-04:00,6.82,6.82,6.82,6.82,0,0.0,0.0,0.0
2019-07-22 00:00:00-04:00,7.8,7.8,6.82,6.82,1182,0.0,0.0,0.0
2019-07-23 00:00:00-04:00,6.82,6.82,6.82,6.82,2,0.0,0.0,0.0
2019-07-24 00:00:00-04:00,6.82,6.82,6.82,6.82,0,0.0,0.0,0.0
2019-07-25 00:00:00-04:00,6.82,6.82,6.82,6.82,0,0.0,0.0,0.0
2019-07-26 00:00:00-04:00,6.82,6.82,6.82,6.82,0,0.0,0.0,0.0
2019-07-29 00:00:00-04:00,6.82,6.82,6.82,6.82,0,0.0,0.0,0.0
2019-07-30 00:00:00-04:00,7.74,7.74,7.72,7.72,5002,0.0,0.0,0.0
2019-07-31 00:00:00-04:00,7.72,7.72,7.72,7.72,206,0.0,0.0,0.0
2019-08-01 00:00:00-04:00,7.72,7.72,7.72,7.72,0,0.0,0.0,0.0
2019-08-02 00:00:00-04:00,7.72,7.72,7.14,7.14,2197,0.0,0.0,0.0
2019-08-05 00:00:00-04:00,7.02,7.5,6.98,7.4,1498,0.0,0.0,0.0
2019-08-06 00:00:00-04:00,7.44,7.44,7.44,7.44,261,0.0,0.0,0.0
2019-08-07 00:00:00-04:00,7.44,7.44,7.44,7.44,0,0.0,0.0,0.0
2019-08-08 00:00:00-04:00,7.44,7.44,7.44,7.44,0,0.0,0.0,0.0
2019-08-09 00:00:00-04:00,7.44,7.44,7.44,7.44,0,0.0,0.0,0.0
2019-08-12 00:00:00-04:00,7.44,7.44,7.44,7.44,0,0.0,0.0,0.0
2019-08-13 00:00:00-04:00,7.26,7.26,7.26,7.26,143,0.0,0.0,0.0
2019-08-14 00:00:00-04:00,7.24,7.24,7.24,7.24,500,0.0,0.0,0.0
2019-08-15 00:00:00-04:00,7.24,7.24,7.24,7.24,0,0.0,0.0,0.0
2019-08-16 00:00:00-04:00,7.24,7.24,7.24,7.24,0,0.0,0.0,0.0
2019-08-19 00:00:00-04:00,7.24,7.24,7.24,7.24,0,0.0,0.0,0.0
2019-08-20 00:00:00-04:00,7.24,7.24,7.24,7.24,0,0.0,0.0,0.0
2019-08-21 00:00:00-04:00,7.24,7.24,7.24,7.24,0,0.0,0.0,0.0
2019-08-22 00:00:00-04:00,7.24,7.24,7.24,7.24,0,0.0,0.0,0.0
2019-08-23 00:00:00-04:00,7.24,7.24,7.24,7.24,0,0.0,0.0,0.0
2019-08-26 00:00:00-04:00,7.24,7.24,7.24,7.24,0,0.0,0.0,0.0
2019-08-27 00:00:00-04:00,7.24,7.24,7.24,7.24,0,0.0,0.0,0.0
2019-08-28 00:00:00-04:00,6.939,6.939,6.939,7.24,5,0.0,0.0,0.0
2019-08-29 00:00:00-04:00,7.12,7.16,7.12,7.16,1510,0.0,0.0,0.0
2019-08-30 00:00:00-04:00,7.16,7.16,7.16,7.16,0,0.0,0.0,0.0
2019-09-03 00:00:00-04:00,7.05,7.05,7.05,7.16,61877,0.0,0.0,0.0
2019-09-04 00:00:00-04:00,7.16,7.16,7.16,7.16,0,0.0,0.0,0.0
2019-09-05 00:00:00-04:00,7.16,7.16,7.16,7.16,0,0.0,0.0,0.0
2019-09-06 00:00:00-04:00,7.493,7.493,7.493,7.16,2786,0.0,0.0,0.0
2019-09-09 00:00:00-04:00,7.16,7.16,7.16,7.16,0,0.0,0.0,0.0
2019-09-10 00:00:00-04:00,7.16,7.16,7.16,7.16,0,0.0,0.0,0.0
2019-09-11 00:00:00-04:00,7.16,7.16,7.16,7.16,0,0.0,0.0,0.0
2019-09-12 00:00:00-04:00,7.16,7.16,7.16,7.16,0,0.0,0.0,0.0
2019-09-13 00:00:00-04:00,8.005,8.005,8.0,7.16,42505,0.0,0.0,0.0
2019-09-16 00:00:00-04:00,7.16,7.16,7.16,7.16,0,0.0,0.0,0.0
2019-09-17 00:00:00-04:00,7.16,7.16,7.16,7.16,0,0.0,0.0,0.0
2019-09-18 00:00:00-04:00,7.7,8.3,7.7,8.3,4100,0.0,0.0,0.0
2019-09-19 00:00:00-04:00,8.0,8.0,8.0,8.0,350,0.0,0.0,0.0
2019-09-20 00:00:00-04:00,8.2,8.2,8.2,8.2,1479,0.0,0.0,0.0
2019-09-23 00:00:00-04:00,8.2,8.2,8.2,8.2,0,0.0,0.0,0.0
2019-09-24 00:00:00-04:00,8.2,8.2,8.2,8.2,0,0.0,0.0,0.0
2019-09-25 00:00:00-04:00,8.2,8.2,8.2,8.2,0,0.0,0.0,0.0
2019-09-26 00:00:00-04:00,8.2,8.2,8.2,8.2,0,0.0,0.0,0.0
2019-09-27 00:00:00-04:00,8.2,8.2,8.2,8.2,0,0.0,0.0,0.0
2019-09-30 00:00:00-04:00,8.2,8.2,8.2,8.2,0,0.0,0.0,0.0
2019-10-01 00:00:00-04:00,8.0,8.0,8.0,8.0,50271,0.0,0.0,0.0
2019-10-02 00:00:00-04:00,8.0,8.0,8.0,8.0,0,0.0,0.0,0.0
2019-10-03 00:00:00-04:00,8.0,8.0,8.0,8.0,0,0.0,0.0,0.0
2019-10-04 00:00:00-04:00,8.2,8.2,8.2,8.2,518,0.0,0.0,0.0
2019-10-07 00:00:00-04:00,8.3,8.3,7.999,8.3,40053,0.0,0.0,0.0
2019-10-08 00:00:00-04:00,8.3,8.3,8.3,8.3,0,0.0,0.0,0.0
2019-10-09 00:00:00-04:00,8.3,8.3,8.3,8.3,0,0.0,0.0,0.0
2019-10-10 00:00:00-04:00,8.039,8.039,8.039,8.3,3,0.0,0.0,0.0
2019-10-11 00:00:00-04:00,8.3,8.3,8.3,8.3,0,0.0,0.0,0.0
2019-10-14 00:00:00-04:00,8.3,8.3,8.3,8.3,0,0.0,0.0,0.0
2019-10-15 00:00:00-04:00,8.3,8.3,8.3,8.3,0,0.0,0.0,0.0
2019-10-16 00:00:00-04:00,8.3,8.3,8.3,8.3,57100,0.0,0.0,0.0
2019-10-17 00:00:00-04:00,8.3,8.3,8.3,8.3,0,0.0,0.0,0.0
2019-10-18 00:00:00-04:00,8.3,8.74,8.3,8.7,88145,0.0,0.0,0.0
2019-10-21 00:00:00-04:00,8.7,8.7,8.7,8.7,0,0.0,0.0,0.0
2019-10-22 00:00:00-04:00,8.7,8.7,8.7,8.7,0,0.0,0.0,0.0
2019-10-23 00:00:00-04:00,8.7,8.7,8.7,8.7,0,0.0,0.0,0.0
2019-10-24 00:00:00-04:00,8.94,8.94,8.94,8.94,22000,0.0,0.0,0.0
2019-10-25 00:00:00-04:00,8.9,8.9,8.22,8.7,10060,0.0,0.0,0.0
2019-10-28 00:00:00-04:00,8.8,8.8,8.7,8.7,1250,0.0,0.0,0.0
2019-10-29 00:00:00-04:00,9.0,9.0,9.0,9.0,100,0.0,0.0,0.0
2019-10-30 00:00:00-04:00,9.18,9.2,9.1,9.1,1250,0.0,0.0,0.0
2019-10-31 00:00:00-04:00,9.1,9.1,9.1,9.1,0,0.0,0.0,0.0
2019-11-01 00:00:00-04:00,9.0,9.2,9.0,9.2,10000,0.0,0.0,0.0
2019-11-04 00:00:00-05:00,9.3,9.3,9.299,9.3,1578,0.0,0.0,0.0
2019-11-05 00:00:00-05:00,9.44,9.44,9.44,9.44,200,0.0,0.0,0.0
2019-11-06 00:00:00-05:00,9.44,9.44,9.44,9.44,0,0.0,0.0,0.0
2019-11-07 00:00:00-05:00,9.34,9.5,9.34,9.5,22000,0.0,0.0,0.0
2019-11-08 00:00:00-05:00,9.5,9.5,9.44,9.5,60000,0.0,0.0,0.0
2019-11-11 00:00:00-05:00,9.5,9.5,9.439,9.44,1783,0.0,0.0,0.0
2019-11-12 00:00:00-05:00,9.2,9.2,9.199,9.2,488,0.0,0.0,0.0
2019-11-13 00:00:00-05:00,9.5,9.5,9.2,9.5,513,0.0,0.0,0.0
2019-11-14 00:00:00-05:00,9.0,9.0,9.0,9.0,40289,0.0,0.0,0.0
2019-11-15 00:00:00-05:00,9.2,9.2,9.1,9.1,27319,0.0,0.0,0.0
2019-11-18 00:00:00-05:00,9.1,9.1,9.1,9.1,0,0.0,0.0,0.0
2019-11-19 00:00:00-05:00,9.229,9.229,9.229,9.1,16000,0.0,0.0,0.0
2019-11-20 00:00:00-05:00,9.174,9.174,9.132,9.1,5700,0.0,0.0,0.0
2019-11-21 00:00:00-05:00,9.18,9.18,9.158,9.18,11900,0.0,0.0,0.0
2019-11-22 00:00:00-05:00,9.18,9.3,9.18,9.3,18410,0.0,0.0,0.0
2019-11-25 00:00:00-05:00,9.32,9.32,9.18,9.2,1676,0.0,0.0,0.0
2019-11-26 00:00:00-05:00,9.2,9.2,9.2,9.2,0,0.0,0.0,0.0
2019-11-27 00:00:00-05:00,9.32,9.32,9.179,9.18,12927,0.0,0.0,0.0
2019-11-29 00:00:00-05:00,9.18,9.18,9.18,9.18,0,0.0,0.0,0.0
2019-12-02 00:00:00-05:00,9.18,9.18,9.18,9.18,0,0.0,0.0,0.0
2019-12-03 00:00:00-05:00,9.18,9.18,9.18,9.18,0,0.0,0.0,0.0
2019-12-04 00:00:00-05:00,9.18,9.18,9.18,9.18,0,0.0,0.0,0.0
2019-12-05 00:00:00-05:00,9.18,9.18,9.18,9.18,0,0.0,0.0,0.0
2019-12-06 00:00:00-05:00,9.4,9.4,9.0,9.4,52949,0.0,0.0,0.0
2019-12-09 00:00:00-05:00,9.46,9.46,9.459,9.46,1618,0.0,0.0,0.0
2019-12-10 00:00:00-05:00,9.5,9.5,8.999,9.0,3232,0.0,0.0,0.0
2019-12-11 00:00:00-05:00,9.43,9.43,9.43,9.0,27428,0.0,0.0,0.0
2019-12-12 00:00:00-05:00,9.0,9.0,9.0,9.0,0,0.0,0.0,0.0
2019-12-13 00:00:00-05:00,9.7,9.7,9.68,9.7,48449,0.0,0.0,0.0
2019-12-16 00:00:00-05:00,9.6,9.6,9.599,9.6,1962,0.0,0.0,0.0
2019-12-17 00:00:00-05:00,9.8,9.8,9.799,9.8,35199,0.0,0.0,0.0
2019-12-18 00:00:00-05:00,9.8,9.8,9.8,9.8,0,0.0,0.0,0.0
2019-12-19 00:00:00-05:00,9.3,9.8,9.3,9.8,39216,0.0,0.0,0.0
2019-12-20 00:00:00-05:00,9.8,9.8,9.799,9.8,1278,0.0,0.0,0.0
2019-12-23 00:00:00-05:00,9.8,9.8,9.8,9.8,0,0.0,0.0,0.0
2019-12-24 00:00:00-05:00,9.3,9.3,9.3,9.3,2768,0.0,0.0,0.0
2019-12-26 00:00:00-05:00,9.3,9.3,9.3,9.3,0,0.0,0.0,0.0
2019-12-27 00:00:00-05:00,10.15,10.2,9.999,10.0,1022,0.0,0.0,0.0
2019-12-30 00:00:00-05:00,10.0,10.0,10.0,10.0,0,0.0,0.0,0.0
2019-12-31 00:00:00-05:00,10.0,10.0,10.0,10.0,0,0.0,0.0,0.0
2020-01-02 00:00:00-05:00,10.0,10.0,10.0,10.0,0,0.0,0.0,0.0
2020-01-03 00:00:00-05:00,10.0,10.0,10.0,10.0,0,0.0,0.0,0.0
2020-01-06 00:00:00-05:00,10.0,10.0,10.0,10.0,0,0.0,0.0,0.0
2020-01-07 00:00:00-05:00,10.0,10.0,10.0,10.0,0,0.0,0.0,0.0
2020-01-08 00:00:00-05:00,10.0,10.0,10.0,10.0,0,0.0,0.0,0.0
2020-01-09 00:00:00-05:00,10.5,10.5,10.5,10.5,50,0.0,0.0,0.0
2020-01-10 00:00:00-05:00,10.5,10.5,10.5,10.5,0,0.0,0.0,0.0
2020-01-13 00:00:00-05:00,10.5,10.5,10.5,10.5,0,0.0,0.0,0.0
2020-01-14 00:00:00-05:00,11.05,11.05,11.0,11.0,400,0.0,0.0,0.0
2020-01-15 00:00:00-05:00,11.6,11.6,11.6,11.6,9,0.0,0.0,0.0
2020-01-16 00:00:00-05:00,11.6,11.6,11.6,11.6,0,0.0,0.0,0.0
2020-01-17 00:00:00-05:00,11.6,11.6,11.6,11.6,0,0.0,0.0,0.0
2020-01-21 00:00:00-05:00,11.6,11.6,11.6,11.6,0,0.0,0.0,0.0
2020-01-22 00:00:00-05:00,11.6,11.6,11.6,11.6,0,0.0,0.0,0.0
2020-01-23 00:00:00-05:00,11.6,11.6,11.6,11.6,0,0.0,0.0,0.0
2020-01-24 00:00:00-05:00,11.6,11.6,11.6,11.6,0,0.0,0.0,0.0
2020-01-27 00:00:00-05:00,11.6,11.6,11.6,11.6,0,0.0,0.0,0.0
2020-01-28 00:00:00-05:00,11.6,11.6,11.6,11.6,0,0.0,0.0,0.0
2020-01-29 00:00:00-05:00,11.6,11.6,11.6,11.6,0,0.0,0.0,0.0
2020-01-30 00:00:00-05:00,11.6,11.6,11.6,11.6,0,0.0,0.0,0.0
2020-01-31 00:00:00-05:00,11.6,11.6,11.6,11.6,0,0.0,0.0,0.0
2020-02-03 00:00:00-05:00,11.6,11.6,11.6,11.6,0,0.0,0.0,0.0
2020-02-04 00:00:00-05:00,11.3,11.3,11.3,11.3,500,0.0,0.0,0.0
2020-02-05 00:00:00-05:00,11.6,11.6,11.6,11.6,582,0.0,0.0,0.0
2020-02-06 00:00:00-05:00,11.85,11.85,11.55,11.6,5635,0.0,0.0,0.0
2020-02-07 00:00:00-05:00,12.0,12.05,11.5,11.5,1639,0.0,0.0,0.0
2020-02-10 00:00:00-05:00,11.6,11.6,11.6,11.6,100,0.0,0.0,0.0
2020-02-11 00:00:00-05:00,11.6,11.6,11.6,11.6,0,0.0,0.0,0.0
2020-02-12 00:00:00-05:00,11.6,11.6,11.6,11.6,0,0.0,0.0,0.0
2020-02-13 00:00:00-05:00,11.6,11.6,11.6,11.6,0,0.0,0.0,0.0
2020-02-14 00:00:00-05:00,11.6,11.6,11.6,11.6,0,0.0,0.0,0.0
2020-02-18 00:00:00-05:00,12.0,12.0,12.0,12.0,393,0.0,0.0,0.0
2020-02-19 00:00:00-05:00,12.0,12.05,12.0,12.0,10600,0.0,0.0,0.0
2020-02-20 00:00:00-05:00,12.1,12.4,11.9,11.9,7836,0.0,0.0,0.0
2020-02-21 00:00:00-05:00,11.9,11.9,11.9,11.9,0,0.0,0.0,0.0
2020-02-24 00:00:00-05:00,11.9,11.9,11.9,11.9,0,0.0,0.0,0.0
2020-02-25 00:00:00-05:00,11.6,11.6,11.5,11.5,100,0.0,0.0,0.0
2020-02-26 00:00:00-05:00,11.5,11.5,11.5,11.5,0,0.0,0.0,0.0
2020-02-27 00:00:00-05:00,11.5,11.5,11.5,11.5,0,0.0,0.0,0.0
2020-02-28 00:00:00-05:00,10.6,10.6,10.6,10.6,200,0.0,0.0,0.0
2020-03-02 00:00:00-05:00,10.6,10.6,10.6,10.6,0,0.0,0.0,0.0
2020-03-03 00:00:00-05:00,10.6,10.6,10.6,10.6,0,0.0,0.0,0.0
2020-03-04 00:00:00-05:00,10.6,10.85,10.6,10.85,552,0.0,0.0,0.0
2020-03-05 00:00:00-05:00,10.85,10.85,10.85,10.85,0,0.0,0.0,0.0
2020-03-06 00:00:00-05:00,10.85,10.85,10.85,10.85,0,0.0,0.0,0.0
2020-03-09 00:00:00-04:00,10.85,10.85,10.85,10.85,0,0.0,0.0,0.0
2020-03-10 00:00:00-04:00,10.85,10.85,10.85,10.85,0,0.0,0.0,0.0
2020-03-11 00:00:00-04:00,10.85,10.85,10.85,10.85,0,0.0,0.0,0.0
2020-03-12 00:00:00-04:00,6.5,6.5,6.5,10.85,212,0.0,0.0,0.0
2020-03-13 00:00:00-04:00,10.85,10.85,10.85,10.85,0,0.0,0.0,0.0
2020-03-16 00:00:00-04:00,10.85,10.85,10.85,10.85,0,0.0,0.0,0.0
2020-03-17 00:00:00-04:00,7.0,7.48,7.0,7.48,41451,0.0,0.0,0.0
2020-03-18 00:00:00-04:00,7.0,7.0,6.82,6.82,34000,0.0,0.0,0.0
2020-03-19 00:00:00-04:00,6.82,6.82,6.82,6.82,0,0.0,0.0,0.0
2020-03-20 00:00:00-04:00,7.0,7.1,6.76,7.0,44050,0.0,0.0,0.0
2020-03-23 00:00:00-04:00,7.0,7.0,7.0,7.0,0,0.0,0.0,0.0
2020-03-24 00:00:00-04:00,7.0,7.0,7.0,7.0,0,0.0,0.0,0.0
2020-03-25 00:00:00-04:00,7.0,7.0,7.0,7.0,0,0.0,0.0,0.0
2020-03-26 00:00:00-04:00,7.0,7.0,7.0,7.0,15000,0.0,0.0,0.0
2020-03-27 00:00:00-04:00,7.0,7.0,7.0,7.0,0,0.0,0.0,0.0
2020-03-30 00:00:00-04:00,7.0,7.0,7.0,7.0,0,0.0,0.0,0.0
2020-03-31 00:00:00-04:00,7.0,7.0,7.0,7.0,0,0.0,0.0,0.0
2020-04-01 00:00:00-04:00,7.0,7.0,7.0,7.0,0,0.0,0.0,0.0
2020-04-02 00:00:00-04:00,7.0,7.0,7.0,7.0,0,0.0,0.0,0.0
2020-04-03 00:00:00-04:00,6.95,7.0,6.95,7.0,37192,0.0,0.0,0.0
2020-04-06 00:00:00-04:00,7.0,7.0,7.0,7.0,0,0.0,0.0,0.0
2020-04-07 00:00:00-04:00,7.0,7.0,7.0,7.0,0,0.0,0.0,0.0
2020-04-08 00:00:00-04:00,6.65,6.65,6.65,6.65,39225,0.0,0.0,0.0
2020-04-09 00:00:00-04:00,6.8,6.9,6.8,6.9,10000,0.0,0.0,0.0
2020-04-13 00:00:00-04:00,6.9,6.9,6.9,6.9,0,0.0,0.0,0.0
2020-04-14 00:00:00-04:00,6.6,7.2,6.55,7.2,20123,0.0,0.0,0.0
2020-04-15 00:00:00-04:00,6.7,7.25,6.65,7.15,12650,0.0,0.0,0.0
2020-04-16 00:00:00-04:00,7.15,7.15,7.15,7.15,0,0.0,0.0,0.0
2020-04-17 00:00:00-04:00,7.35,7.35,7.15,7.15,5100,0.0,0.0,0.0
2020-04-20 00:00:00-04:00,7.15,7.15,7.15,7.15,0,0.0,0.0,0.0
2020-04-21 00:00:00-04:00,7.15,7.15,7.15,7.15,0,0.0,0.0,0.0
2020-04-22 00:00:00-04:00,7.3,7.5,7.05,7.4,1585,0.0,0.0,0.0
2020-04-23 00:00:00-04:00,7.5,7.85,7.2,7.75,17240,0.0,0.0,0.0
2020-04-24 00:00:00-04:00,7.8,8.15,7.7,7.8,10120,0.0,0.0,0.0
2020-04-27 00:00:00-04:00,8.3,8.9,8.3,8.55,9560,0.0,0.0,0.0
2020-04-28 00:00:00-04:00,8.55,8.55,8.5,8.55,17875,0.0,0.0,0.0
2020-04-29 00:00:00-04:00,8.5,8.5,8.25,8.25,8126,0.0,0.0,0.0
2020-04-30 00:00:00-04:00,8.3,8.3,8.25,8.25,2686,0.0,0.0,0.0
2020-05-01 00:00:00-04:00,8.25,8.25,8.25,8.25,0,0.0,0.0,0.0
2020-05-04 00:00:00-04:00,8.05,8.8,7.7,8.3,52315,0.0,0.0,0.0
2020-05-05 00:00:00-04:00,8.45,8.5,8.45,8.45,19531,0.0,0.0,0.0
2020-05-06 00:00:00-04:00,8.45,8.45,8.45,8.45,0,0.0,0.0,0.0
2020-05-07 00:00:00-04:00,8.45,8.45,8.45,8.45,0,0.0,0.0,0.0
2020-05-08 00:00:00-04:00,8.45,8.45,8.45,8.45,0,0.0,0.0,0.0
2020-05-11 00:00:00-04:00,8.45,8.45,8.45,8.45,0,0.0,0.0,0.0
2020-05-12 00:00:00-04:00,8.3,8.3,8.249,8.25,1100,0.0,0.0,0.0
2020-05-13 00:00:00-04:00,8.25,8.25,8.25,8.25,0,0.0,0.0,0.0
2020-05-14 00:00:00-04:00,8.25,8.25,8.25,8.25,0,0.0,0.0,0.0
2020-05-15 00:00:00-04:00,8.25,8.25,8.25,8.25,0,0.0,0.0,0.0
2020-05-18 00:00:00-04:00,8.25,8.25,8.25,8.25,0,0.0,0.0,0.0
2020-05-19 00:00:00-04:00,8.1,8.1,7.75,7.75,4547,0.0,0.0,0.0
2020-05-20 00:00:00-04:00,8.45,8.55,8.4,8.4,9403,0.0,0.0,0.0
2020-05-21 00:00:00-04:00,8.45,8.45,8.299,8.3,4126,0.0,0.0,0.0
2020-05-22 00:00:00-04:00,8.25,8.25,8.05,8.1,12152,0.0,0.0,0.0
2020-05-26 00:00:00-04:00,8.1,8.1,8.1,8.1,0,0.0,0.0,0.0
2020-05-27 00:00:00-04:00,8.3,8.3,8.3,8.3,150,0.0,0.0,0.0
2020-05-28 00:00:00-04:00,8.3,8.3,8.3,8.3,0,0.0,0.0,0.0
2020-05-29 00:00:00-04:00,8.3,8.3,8.3,8.3,0,0.0,0.0,0.0
2020-06-01 00:00:00-04:00,8.3,8.3,8.3,8.3,0,0.0,0.0,0.0
2020-06-02 00:00:00-04:00,8.3,8.3,8.3,8.3,0,0.0,0.0,0.0
2020-06-03 00:00:00-04:00,9.1,9.1,9.0,9.0,1174,0.0,0.0,0.0
2020-06-04 00:00:00-04:00,8.8,8.8,8.35,8.55,3902,0.0,0.0,0.0
2020-06-05 00:00:00-04:00,8.55,8.55,8.55,8.55,0,0.0,0.0,0.0
2020-06-08 00:00:00-04:00,8.55,8.55,8.55,8.55,0,0.0,0.0,0.0
2020-06-09 00:00:00-04:00,8.55,8.55,8.55,8.55,0,0.0,0.0,0.0
2020-06-10 00:00:00-04:00,8.55,8.55,8.55,8.55,0,0.0,0.0,0.0
2020-06-11 00:00:00-04:00,8.55,8.55,8.55,8.55,0,0.0,0.0,0.0
2020-06-12 00:00:00-04:00,8.55,8.55,8.55,8.55,0,0.0,0.0,0.0
2020-06-15 00:00:00-04:00,8.55,8.55,8.55,8.55,0,0.0,0.0,0.0
2020-06-16 00:00:00-04:00,8.55,8.55,8.55,8.55,0,0.0,0.0,0.0
2020-06-17 00:00:00-04:00,8.55,8.55,8.55,8.55,0,0.0,0.0,0.0
2020-06-18 00:00:00-04:00,8.55,8.55,8.55,8.55,0,0.0,0.0,0.0
2020-06-19 00:00:00-04:00,8.55,8.55,8.55,8.55,0,0.0,0.0,0.0
2020-06-22 00:00:00-04:00,8.55,8.55,8.55,8.55,0,0.0,0.0,0.0
2020-06-23 00:00:00-04:00,8.55,8.55,8.55,8.55,0,0.0,0.0,0.0
2020-06-24 00:00:00-04:00,8.55,8.55,8.55,8.55,0,0.0,0.0,0.0
2020-06-25 00:00:00-04:00,8.55,8.55,8.55,8.55,0,0.0,0.0,0.0
2020-06-26 00:00:00-04:00,8.55,8.55,8.55,8.55,0,0.0,0.0,0.0
2020-06-29 00:00:00-04:00,8.55,8.55,8.55,8.55,0,0.0,0.0,0.0
2020-06-30 00:00:00-04:00,8.55,8.55,8.55,8.55,0,0.0,0.0,0.0
2020-07-01 00:00:00-04:00,8.55,8.55,8.55,8.55,0,0.0,0.0,0.0
2020-07-02 00:00:00-04:00,8.55,8.55,8.55,8.55,0,0.0,0.0,0.0
2020-07-06 00:00:00-04:00,8.2,8.2,8.2,8.2,0,0.0,0.0,0.0
2020-07-07 00:00:00-04:00,8.2,8.2,8.2,8.2,0,0.0,0.0,0.0
2020-07-08 00:00:00-04:00,8.4,8.4,8.4,8.4,100,0.0,0.0,0.0
2020-07-09 00:00:00-04:00,8.4,8.4,8.4,8.4,0,0.0,0.0,0.0
2020-07-10 00:00:00-04:00,8.4,8.4,8.4,8.4,0,0.0,0.0,0.0
2020-07-13 00:00:00-04:00,8.4,8.4,8.4,8.4,0,0.0,0.0,0.0
2020-07-14 00:00:00-04:00,8.4,8.4,8.4,8.4,0,0.0,0.0,0.0
2020-07-15 00:00:00-04:00,8.4,8.4,8.4,8.4,0,0.0,0.0,0.0
2020-07-16 00:00:00-04:00,8.4,8.4,8.4,8.4,0,0.0,0.0,0.0
2020-07-17 00:00:00-04:00,8.4,8.4,8.4,8.4,0,0.0,0.0,0.0
2020-07-20 00:00:00-04:00,8.15,8.15,8.15,8.15,2,0.0,0.0,0.0
2020-07-21 00:00:00-04:00,8.15,8.15,8.15,8.15,0,0.0,0.0,0.0
2020-07-22 00:00:00-04:00,8.3,8.3,8.3,8.3,2,0.0,0.0,0.0
2020-07-23 00:00:00-04:00,9.05,9.15,9.05,9.15,9357,0.0,0.0,0.0
2020-07-24 00:00:00-04:00,9.15,9.15,9.15,9.15,0,0.0,0.0,0.0
2020-07-27 00:00:00-04:00,10.0,10.0,10.0,10.0,10000,0.0,0.0,0.0
2020-07-28 00:00:00-04:00,10.0,10.0,10.0,10.0,12000,0.0,0.0,0.0
2020-07-29 00:00:00-04:00,10.1,10.1,10.1,10.1,18000,0.0,0.0,0.0
2020-07-30 00:00:00-04:00,10.1,10.1,10.1,10.1,0,0.0,0.0,0.0
2020-07-31 00:00:00-04:00,10.1,10.1,9.949,9.95,6550,0.0,0.0,0.0
2020-08-03 00:00:00-04:00,9.95,9.95,9.95,9.95,0,0.0,0.0,0.0
2020-08-04 00:00:00-04:00,9.95,9.95,9.95,9.95,0,0.0,0.0,0.0
2020-08-05 00:00:00-04:00,9.85,10.1,9.6,9.6,8338,0.0,0.0,0.0
2020-08-06 00:00:00-04:00,9.6,9.6,9.6,9.6,0,0.0,0.0,0.0
2020-08-07 00:00:00-04:00,9.6,9.6,9.6,9.6,0,0.0,0.0,0.0
2020-08-10 00:00:00-04:00,9.6,9.6,9.6,9.6,0,0.0,0.0,0.0
2020-08-11 00:00:00-04:00,9.6,9.6,9.6,9.6,5,0.0,0.0,0.0
2020-08-12 00:00:00-04:00,9.6,9.6,9.6,9.6,0,0.0,0.0,0.0
2020-08-13 00:00:00-04:00,9.6,9.6,9.6,9.6,0,0.0,0.0,0.0
2020-08-14 00:00:00-04:00,9.0,9.0,9.0,9.0,58,0.0,0.0,0.0
2020-08-17 00:00:00-04:00,9.0,9.0,9.0,9.0,0,0.0,0.0,0.0
2020-08-18 00:00:00-04:00,9.2,9.2,8.9,8.9,5064,0.0,0.0,0.0
2020-08-19 00:00:00-04:00,8.9,8.9,8.9,8.9,0,0.0,0.0,0.0
2020-08-20 00:00:00-04:00,8.9,8.9,8.9,8.9,0,0.0,0.0,0.0
2020-08-21 00:00:00-04:00,9.25,9.35,9.25,9.3,2248,0.0,0.0,0.0
2020-08-24 00:00:00-04:00,9.3,9.3,9.3,9.3,0,0.0,0.0,0.0
2020-08-25 00:00:00-04:00,9.15,9.15,9.15,9.15,200,0.0,0.0,0.0
2020-08-26 00:00:00-04:00,9.2,9.2,9.05,9.1,438,0.0,0.0,0.0
2020-08-27 00:00:00-04:00,9.1,9.1,9.1,9.1,0,0.0,0.0,0.0
2020-08-28 00:00:00-04:00,9.1,9.1,9.1,9.1,0,0.0,0.0,0.0
2020-08-31 00:00:00-04:00,9.1,9.1,9.1,9.1,0,0.0,0.0,0.0
2020-09-01 00:00:00-04:00,9.15,9.15,9.1,9.1,6601,0.0,0.0,0.0
2020-09-02 00:00:00-04:00,9.1,9.1,9.1,9.1,0,0.0,0.0,0.0
2020-09-03 00:00:00-04:00,9.1,9.1,9.1,9.1,0,0.0,0.0,0.0
2020-09-04 00:00:00-04:00,8.65,8.65,8.65,8.65,65,0.0,0.0,0.0
2020-09-08 00:00:00-04:00,8.65,8.65,8.65,8.65,0,0.0,0.0,0.0
2020-09-09 00:00:00-04:00,8.65,8.65,8.65,8.65,0,0.0,0.0,0.0
2020-09-10 00:00:00-04:00,8.65,8.65,8.65,8.65,0,0.0,0.0,0.0
2020-09-11 00:00:00-04:00,8.65,8.65,8.65,8.65,0,0.0,0.0,0.0
2020-09-14 00:00:00-04:00,8.6,8.6,8.55,8.55,6421,0.0,0.0,0.0
2020-09-15 00:00:00-04:00,8.55,8.55,8.55,8.55,0,0.0,0.0,0.0
2020-09-16 00:00:00-04:00,8.55,8.55,8.55,8.55,0,0.0,0.0,0.0
2020-09-17 00:00:00-04:00,8.55,8.55,8.55,8.55,0,0.0,0.0,0.0
2020-09-18 00:00:00-04:00,8.55,8.55,8.55,8.55,50,0.0,0.0,0.0
2020-09-21 00:00:00-04:00,8.55,8.55,8.55,8.55,0,0.0,0.0,0.0
2020-09-22 00:00:00-04:00,8.55,8.55,8.55,8.55,0,0.0,0.0,0.0
2020-09-23 00:00:00-04:00,8.85,8.85,8.85,8.85,2010,0.0,0.0,0.0
2020-09-24 00:00:00-04:00,8.95,8.95,8.95,8.95,1908,0.0,0.0,0.0
2020-09-25 00:00:00-04:00,9.0,9.0,8.799,8.8,512,0.0,0.0,0.0
2020-09-28 00:00:00-04:00,8.8,8.8,8.8,8.8,0,0.0,0.0,0.0
2020-09-29 00:00:00-04:00,8.8,8.8,8.8,8.8,0,0.0,0.0,0.0
2020-09-30 00:00:00-04:00,8.8,8.8,8.8,8.8,0,0.0,0.0,0.0
2020-10-01 00:00:00-04:00,9.05,9.1,8.9,8.9,5582,0.0,0.0,0.0
2020-10-02 00:00:00-04:00,8.9,8.9,8.9,8.9,0,0.0,0.0,0.0
2020-10-05 00:00:00-04:00,8.9,8.9,8.9,8.9,0,0.0,0.0,0.0
2020-10-06 00:00:00-04:00,9.0,9.0,8.95,8.95,10016,0.0,0.0,0.0
2020-10-07 00:00:00-04:00,8.85,8.85,8.85,8.85,1826,0.0,0.0,0.0
2020-10-08 00:00:00-04:00,8.85,8.85,8.85,8.85,0,0.0,0.0,0.0
2020-10-09 00:00:00-04:00,8.85,8.85,8.85,8.85,0,0.0,0.0,0.0
2020-10-12 00:00:00-04:00,8.85,8.85,8.85,8.85,0,0.0,0.0,0.0
2020-10-13 00:00:00-04:00,8.85,8.85,8.85,8.85,900,0.0,0.0,0.0
2020-10-14 00:00:00-04:00,8.85,8.85,8.85,8.85,0,0.0,0.0,0.0
2020-10-15 00:00:00-04:00,8.85,8.85,8.85,8.85,0,0.0,0.0,0.0
2020-10-16 00:00:00-04:00,8.85,8.85,8.85,8.85,0,0.0,0.0,0.0
2020-10-19 00:00:00-04:00,9.05,9.1,9.05,9.1,2520,0.0,0.0,0.0
2020-10-20 00:00:00-04:00,9.1,9.1,9.05,9.1,10195,0.0,0.0,0.0
2020-10-21 00:00:00-04:00,9.1,9.1,9.1,9.1,0,0.0,0.0,0.0
2020-10-22 00:00:00-04:00,9.05,9.05,8.95,8.95,9805,0.0,0.0,0.0
2020-10-23 00:00:00-04:00,9.05,9.05,9.0,9.0,4034,0.0,0.0,0.0
2020-10-26 00:00:00-04:00,9.0,9.0,9.0,9.0,0,0.0,0.0,0.0
2020-10-27 00:00:00-04:00,8.9,8.9,8.9,8.9,2000,0.0,0.0,0.0
2020-10-28 00:00:00-04:00,8.9,8.9,8.9,8.9,0,0.0,0.0,0.0
2020-10-29 00:00:00-04:00,8.9,8.9,8.9,8.9,0,0.0,0.0,0.0
2020-10-30 00:00:00-04:00,8.9,8.9,8.9,8.9,0,0.0,0.0,0.0
2020-11-02 00:00:00-05:00,8.9,8.9,8.9,8.9,0,0.0,0.0,0.0
2020-11-03 00:00:00-05:00,8.7,8.7,8.7,8.7,17,0.0,0.0,0.0
2020-11-04 00:00:00-05:00,8.7,8.7,8.7,8.7,0,0.0,0.0,0.0
2020-11-05 00:00:00-05:00,8.7,8.7,8.7,8.7,0,0.0,0.0,0.0
2020-11-06 00:00:00-05:00,8.7,8.7,8.7,8.7,0,0.0,0.0,0.0
2020-11-09 00:00:00-05:00,9.1,9.1,9.1,9.1,1000,0.0,0.0,0.0
2020-11-10 00:00:00-05:00,9.05,9.05,9.05,9.05,1000,0.0,0.0,0.0
2020-11-11 00:00:00-05:00,9.05,9.05,9.05,9.05,0,0.0,0.0,0.0
2020-11-12 00:00:00-05:00,9.05,9.05,9.05,9.05,0,0.0,0.0,0.0
2020-11-13 00:00:00-05:00,9.05,9.05,9.05,9.05,0,0.0,0.0,0.0
2020-11-16 00:00:00-05:00,9.1,9.3,9.099,9.3,330,0.0,0.0,0.0
2020-11-17 00:00:00-05:00,9.3,9.3,9.3,9.3,0,0.0,0.0,0.0
2020-11-18 00:00:00-05:00,9.2,9.2,8.8,8.8,40306,0.0,0.0,0.0
2020-11-19 00:00:00-05:00,8.8,8.8,8.8,8.8,0,0.0,0.0,0.0
2020-11-20 00:00:00-05:00,8.8,8.8,8.8,8.8,0,0.0,0.0,0.0
2020-11-23 00:00:00-05:00,8.8,8.8,8.8,8.8,0,0.0,0.0,0.0
2020-11-24 00:00:00-05:00,9.3,9.3,8.8,8.8,947,0.0,0.0,0.0
2020-11-25 00:00:00-05:00,9.45,9.45,9.449,9.45,228,0.0,0.0,0.0
2020-11-27 00:00:00-05:00,9.6,9.75,9.599,9.75,229,0.0,0.0,0.0
2020-11-30 00:00:00-05:00,9.45,9.45,9.45,9.45,24,0.0,0.0,0.0
2020-12-01 00:00:00-05:00,9.45,9.45,9.45,9.45,0,0.0,0.0,0.0
2020-12-02 00:00:00-05:00,10.1,10.2,10.099,10.1,1396,0.0,0.0,0.0
2020-12-03 00:00:00-05:00,10.1,10.1,10.1,10.1,0,0.0,0.0,0.0
2020-12-04 00:00:00-05:00,10.1,10.1,10.1,10.1,0,0.0,0.0,0.0
2020-12-07 00:00:00-05:00,10.3,10.4,10.3,10.4,150,0.0,0.0,0.0
2020-12-08 00:00:00-05:00,10.45,10.45,10.45,10.4,307848,0.0,0.0,0.0
2020-12-09 00:00:00-05:00,10.0,10.0,10.0,10.0,5,0.0,0.0,0.0
2020-12-10 00:00:00-05:00,10.6,10.6,9.099,9.1,843,0.0,0.0,0.0
2020-12-11 00:00:00-05:00,9.1,9.1,9.1,9.1,0,0.0,0.0,0.0
2020-12-14 00:00:00-05:00,9.1,9.1,9.1,9.1,0,0.0,0.0,0.0
2020-12-15 00:00:00-05:00,9.1,9.1,9.1,9.1,0,0.0,0.0,0.0
2020-12-16 00:00:00-05:00,9.1,9.1,9.1,9.1,0,0.0,0.0,0.0
2020-12-17 00:00:00-05:00,10.0,10.0,9.999,10.0,6968,0.0,0.0,0.0
2020-12-18 00:00:00-05:00,9.65,9.988,9.65,9.65,3257,0.0,0.0,0.0
2020-12-21 00:00:00-05:00,9.373,9.988,9.373,9.65,10045,0.0,0.0,0.0
2020-12-22 00:00:00-05:00,9.4,9.593,9.399,9.4,17151,0.0,0.0,0.0
2020-12-23 00:00:00-05:00,9.0,9.653,9.0,9.35,50351,0.0,0.0,0.0
2020-12-24 00:00:00-05:00,9.05,9.05,9.0,9.0,537,0.0,0.0,0.0
2020-12-28 00:00:00-05:00,9.0,9.0,9.0,9.0,0,0.0,0.0,0.0
2020-12-29 00:00:00-05:00,9.0,9.0,9.0,9.0,130,0.0,0.0,0.0
2020-12-30 00:00:00-05:00,9.0,9.0,9.0,9.0,0,0.0,0.0,0.0
2020-12-31 00:00:00-05:00,10.4,10.4,10.4,10.4,1,0.0,0.0,0.0
2021-01-04 00:00:00-05:00,10.4,10.4,10.4,10.4,0,0.0,0.0,0.0
2021-01-05 00:00:00-05:00,10.3,10.3,10.3,10.3,100,0.0,0.0,0.0
2021-01-06 00:00:00-05:00,10.8,10.8,10.77,10.8,205639,0.0,0.0,0.0
2021-01-07 00:00:00-05:00,10.6,10.6,10.6,10.6,1401,0.0,0.0,0.0
2021-01-08 00:00:00-05:00,10.9,10.9,10.9,10.9,200,0.0,0.0,0.0
2021-01-11 00:00:00-05:00,10.9,10.9,10.9,10.9,0,0.0,0.0,0.0
2021-01-12 00:00:00-05:00,11.2,11.3,11.0,11.0,1295,0.0,0.0,0.0
2021-01-13 00:00:00-05:00,11.0,11.0,10.9,11.0,3855,0.0,0.0,0.0
2021-01-14 00:00:00-05:00,11.0,11.0,11.0,11.0,0,0.0,0.0,0.0
2021-01-15 00:00:00-05:00,11.0,11.0,11.0,11.0,500,0.0,0.0,0.0
2021-01-19 00:00:00-05:00,10.878,10.878,10.878,11.0,10000,0.0,0.0,0.0
2021-01-20 00:00:00-05:00,11.0,11.0,11.0,11.0,0,0.0,0.0,0.0
2021-01-21 00:00:00-05:00,10.4,10.4,10.4,10.4,1380,0.0,0.0,0.0
2021-01-22 00:00:00-05:00,10.3,10.3,10.08,10.3,5505,0.0,0.0,0.0
2021-01-25 00:00:00-05:00,10.3,10.3,10.3,10.3,0,0.0,0.0,0.0
2021-01-26 00:00:00-05:00,10.2,10.2,10.2,10.2,200,0.0,0.0,0.0
2021-01-27 00:00:00-05:00,10.2,10.2,10.1,10.2,4412,0.0,0.0,0.0
2021-01-28 00:00:00-05:00,10.3,10.3,10.2,10.2,3335,0.0,0.0,0.0
2021-01-29 00:00:00-05:00,10.2,10.2,10.2,10.2,0,0.0,0.0,0.0
2021-02-01 00:00:00-05:00,13.0,13.0,9.95,13.0,5002,0.0,0.0,0.0
2021-02-02 00:00:00-05:00,10.0,10.0,9.9,10.0,10650,0.0,0.0,0.0
2021-02-03 00:00:00-05:00,9.55,9.55,9.55,9.55,5,0.0,0.0,0.0
2021-02-04 00:00:00-05:00,9.65,9.65,9.65,9.65,17,0.0,0.0,0.0
2021-02-05 00:00:00-05:00,9.85,10.0,9.85,9.9,25050,0.0,0.0,0.0
2021-02-08 00:00:00-05:00,10.3,10.3,10.3,10.3,500,0.0,0.0,0.0
2021-02-09 00:00:00-05:00,9.95,10.2,9.95,10.2,1254056,0.0,0.0,0.0
2021-02-10 00:00:00-05:00,10.4,10.5,10.4,10.5,22250,0.0,0.0,0.0
2021-02-11 00:00:00-05:00,10.5,10.5,10.5,10.5,157,0.0,0.0,0.0
2021-02-12 00:00:00-05:00,10.4,10.4,10.3,10.4,1603,0.0,0.0,0.0
2021-02-16 00:00:00-05:00,10.2,10.3,10.0,10.3,15790,0.0,0.0,0.0
2021-02-17 00:00:00-05:00,10.0,10.3,9.8,10.0,10108,0.0,0.0,0.0
2021-02-18 00:00:00-05:00,10.0,10.2,9.95,10.0,36212,0.0,0.0,0.0
2021-02-19 00:00:00-05:00,10.0,10.0,10.0,10.0,0,0.0,0.0,0.0
2021-02-22 00:00:00-05:00,10.0,10.0,10.0,10.0,0,0.0,0.0,0.0
2021-02-23 00:00:00-05:00,10.3,10.3,10.1,10.1,635,0.0,0.0,0.0
2021-02-24 00:00:00-05:00,10.1,10.1,10.1,10.1,0,0.0,0.0,0.0
2021-02-25 00:00:00-05:00,10.5,10.5,10.5,10.5,228,0.0,0.0,0.0
2021-02-26 00:00:00-05:00,10.5,10.5,10.5,10.5,0,0.0,0.0,0.0
2021-03-01 00:00:00-05:00,10.5,10.5,10.5,10.5,0,0.0,0.0,0.0
2021-03-02 00:00:00-05:00,10.5,10.5,10.5,10.5,0,0.0,0.0,0.0
2021-03-03 00:00:00-05:00,10.1,10.1,10.1,10.1,3,0.0,0.0,0.0
2021-03-04 00:00:00-05:00,10.1,10.1,10.1,10.1,127,0.0,0.0,0.0
2021-03-05 00:00:00-05:00,10.1,10.1,10.1,10.1,0,0.0,0.0,0.0
2021-03-08 00:00:00-05:00,10.1,10.1,9.55,9.65,207,0.0,0.0,0.0
2021-03-09 00:00:00-05:00,9.65,9.65,9.65,9.65,0,0.0,0.0,0.0
2021-03-10 00:00:00-05:00,9.65,9.65,9.65,9.65,0,0.0,0.0,0.0
2021-03-11 00:00:00-05:00,10.2,10.3,10.2,10.3,1499,0.0,0.0,0.0
2021-03-12 00:00:00-05:00,10.9,10.9,10.9,10.9,10,0.0,0.0,0.0
2021-03-15 00:00:00-04:00,10.9,10.9,10.9,10.9,0,0.0,0.0,0.0
2021-03-16 00:00:00-04:00,10.9,10.9,10.9,10.9,0,0.0,0.0,0.0
2021-03-17 00:00:00-04:00,10.9,10.9,10.9,10.9,0,0.0,0.0,0.0
2021-03-18 00:00:00-04:00,10.8,10.9,10.599,10.6,448,0.0,0.0,0.0
2021-03-19 00:00:00-04:00,10.6,10.6,10.598,10.6,110,0.0,0.0,0.0
2021-03-22 00:00:00-04:00,10.8,10.8,10.699,10.7,173,0.0,0.0,0.0
2021-03-23 00:00:00-04:00,10.6,10.6,10.5,10.5,1501,0.0,0.0,0.0
2021-03-24 00:00:00-04:00,10.7,10.8,10.4,10.4,2944,0.0,0.0,0.0
2021-03-25 00:00:00-04:00,10.6,10.6,10.6,10.6,531,0.0,0.0,0.0
2021-03-26 00:00:00-04:00,10.3,10.3,10.1,10.1,414,0.0,0.0,0.0
2021-03-29 00:00:00-04:00,10.4,10.9,10.1,10.5,6676,0.0,0.0,0.0
2021-03-30 00:00:00-04:00,10.5,10.5,10.5,10.5,0,0.0,0.0,0.0
2021-03-31 00:00:00-04:00,10.8,10.8,10.6,10.6,2061,0.0,0.0,0.0
2021-04-01 00:00:00-04:00,10.6,10.6,10.6,10.6,0,0.0,0.0,0.0
2021-04-05 00:00:00-04:00,10.6,10.6,10.6,10.6,0,0.0,0.0,0.0
2021-04-06 00:00:00-04:00,10.7,10.7,10.5,10.5,9353,0.0,0.0,0.0
2021-04-07 00:00:00-04:00,10.5,10.9,10.4,10.4,1966,0.0,0.0,0.0
2021-04-08 00:00:00-04:00,10.4,10.4,10.4,10.4,0,0.0,0.0,0.0
2021-04-09 00:00:00-04:00,10.9,10.9,10.9,10.9,5,0.0,0.0,0.0
2021-04-12 00:00:00-04:00,10.7,10.8,10.5,10.5,256,0.0,0.0,0.0
2021-04-13 00:00:00-04:00,11.1,11.1,11.1,11.1,1000,0.0,0.0,0.0
2021-04-14 00:00:00-04:00,11.2,11.5,11.2,11.5,1793,0.0,0.0,0.0
2021-04-15 00:00:00-04:00,11.5,11.5,11.5,11.5,183,0.0,0.0,0.0
2021-04-16 00:00:00-04:00,11.5,11.8,11.5,11.8,3790,0.0,0.0,0.0
2021-04-19 00:00:00-04:00,12.0,12.4,12.0,12.4,2040,0.0,0.0,0.0
2021-04-20 00:00:00-04:00,12.4,12.4,12.4,12.4,0,0.0,0.0,0.0
2021-04-21 00:00:00-04:00,12.4,12.4,12.4,12.4,0,0.0,0.0,0.0
2021-04-22 00:00:00-04:00,11.2,11.2,11.0,11.0,11480,0.0,0.0,0.0
2021-04-23 00:00:00-04:00,11.0,11.0,11.0,11.0,0,0.0,0.0,0.0
2021-04-26 00:00:00-04:00,11.6,11.6,11.6,11.6,100,0.0,0.0,0.0
2021-04-27 00:00:00-04:00,12.3,12.3,12.0,12.0,222,0.0,0.0,0.0
2021-04-28 00:00:00-04:00,12.0,12.0,12.0,12.0,0,0.0,0.0,0.0
2021-04-29 00:00:00-04:00,12.0,12.0,12.0,12.0,0,0.0,0.0,0.0
2021-04-30 00:00:00-04:00,12.0,12.0,12.0,12.0,0,0.0,0.0,0.0
2021-05-03 00:00:00-04:00,12.0,12.0,12.0,12.0,0,0.0,0.0,0.0
2021-05-04 00:00:00-04:00,11.9,11.9,11.9,11.9,2,0.0,0.0,0.0
2021-05-05 00:00:00-04:00,11.5,11.9,11.4,11.4,616,0.0,0.0,0.0
2021-05-06 00:00:00-04:00,12.0,12.0,11.9,11.9,5128,0.0,0.0,0.0
2021-05-07 00:00:00-04:00,11.9,11.9,11.9,11.9,0,0.0,0.0,0.0
2021-05-10 00:00:00-04:00,12.5,12.6,11.6,12.5,4562,0.0,0.0,0.0
2021-05-11 00:00:00-04:00,12.5,12.8,12.5,12.8,14367,0.0,0.0,0.0
2021-05-12 00:00:00-04:00,13.0,13.0,13.0,13.0,1813,0.0,0.0,0.0
2021-05-13 00:00:00-04:00,13.0,13.0,13.0,13.0,0,0.0,0.0,0.0
2021-05-14 00:00:00-04:00,13.4,13.4,12.499,12.8,541,0.0,0.0,0.0
2021-05-17 00:00:00-04:00,12.9,13.3,12.1,12.1,19003,0.0,0.0,0.0
2021-05-18 00:00:00-04:00,13.5,13.5,13.5,13.5,1869,0.0,0.0,0.0
2021-05-19 00:00:00-04:00,13.5,13.7,12.5,12.5,8247,0.0,0.0,0.0
2021-05-20 00:00:00-04:00,12.5,12.5,12.0,12.2,2336,0.0,0.0,0.0
2021-05-21 00:00:00-04:00,12.2,12.3,12.2,12.2,16129,0.0,0.0,0.0
2021-05-24 00:00:00-04:00,12.2,12.2,11.999,12.0,115,0.0,0.0,0.0
2021-05-25 00:00:00-04:00,12.1,12.1,12.1,12.1,498,0.0,0.0,0.0
2021-05-26 00:00:00-04:00,12.1,12.1,11.799,11.8,1162,0.0,0.0,0.0
2021-05-27 00:00:00-04:00,11.8,12.1,11.8,11.8,1658,0.0,0.0,0.0
2021-05-28 00:00:00-04:00,11.8,11.8,11.8,11.8,0,0.0,0.0,0.0
2021-06-01 00:00:00-04:00,12.1,12.1,11.999,12.0,1097,0.0,0.0,0.0
2021-06-02 00:00:00-04:00,12.4,13.2,12.0,12.0,8855,0.0,0.0,0.0
2021-06-03 00:00:00-04:00,12.1,13.5,12.1,12.1,18315,0.0,0.0,0.0
2021-06-04 00:00:00-04:00,12.9,12.9,12.1,12.2,11640,0.0,0.0,0.0
2021-06-07 00:00:00-04:00,12.7,12.7,11.8,11.8,13966,0.0,0.0,0.0
2021-06-08 00:00:00-04:00,12.4,12.4,12.1,12.1,14227,0.0,0.0,0.0
2021-06-09 00:00:00-04:00,12.2,12.2,12.0,12.0,12637,0.0,0.0,0.0
2021-06-10 00:00:00-04:00,12.2,13.5,12.2,12.9,10094,0.0,0.0,0.0
2021-06-11 00:00:00-04:00,12.3,13.5,12.3,13.0,10093,0.0,0.0,0.0
2021-06-14 00:00:00-04:00,13.0,13.0,12.2,12.4,1663,0.0,0.0,0.0
2021-06-15 00:00:00-04:00,12.7,12.8,12.1,12.1,4011,0.0,0.0,0.0
2021-06-16 00:00:00-04:00,12.1,12.1,12.1,12.1,0,0.0,0.0,0.0
2021-06-17 00:00:00-04:00,13.3,13.4,11.9,13.0,5861,0.0,0.0,0.0
2021-06-18 00:00:00-04:00,12.9,12.9,12.9,12.9,12,0.0,0.0,0.0
2021-06-21 00:00:00-04:00,12.1,13.2,11.8,11.8,5362,0.0,0.0,0.0
2021-06-22 00:00:00-04:00,11.8,11.8,11.8,11.8,0,0.0,0.0,0.0
2021-06-23 00:00:00-04:00,11.8,11.8,11.8,11.8,0,0.0,0.0,0.0
2021-06-24 00:00:00-04:00,11.9,11.9,11.4,11.4,3205,0.0,0.0,0.0
2021-06-25 00:00:00-04:00,11.8,11.8,11.8,11.8,2043,0.0,0.0,0.0
2021-06-28 00:00:00-04:00,11.9,12.4,11.8,11.8,1065,0.0,0.0,0.0
2021-06-29 00:00:00-04:00,11.9,12.0,10.8,11.1,130036,0.0,0.0,0.0
2021-06-30 00:00:00-04:00,11.1,11.1,10.476,10.8,609725,0.0,0.0,0.0
2021-07-01 00:00:00-04:00,11.1,11.3,10.9,11.3,201820,0.0,0.0,0.0
2021-07-02 00:00:00-04:00,11.0,11.4,11.0,11.3,1171,0.0,0.0,0.0
2021-07-06 00:00:00-04:00,11.4,11.4,11.4,11.4,0,0.0,0.0,0.0
2021-07-07 00:00:00-04:00,11.2,11.2,11.1,11.1,590,0.0,0.0,0.0
2021-07-08 00:00:00-04:00,11.1,11.1,10.7,10.9,5556,0.0,0.0,0.0
2021-07-09 00:00:00-04:00,11.5,11.5,11.5,10.9,9,0.0,0.0,0.0
2021-07-12 00:00:00-04:00,12.5,12.5,12.5,10.9,0,0.0,0.0,0.0
2021-07-13 00:00:00-04:00,10.9,10.9,10.9,10.9,0,0.0,0.0,0.0
2021-07-14 00:00:00-04:00,11.5,11.5,11.5,10.9,1,0.0,0.0,0.0
2021-07-15 00:00:00-04:00,10.9,10.9,10.9,10.9,0,0.0,0.0,0.0
2021-07-16 00:00:00-04:00,12.0,12.0,10.5,10.9,9,0.0,0.0,0.0
2021-07-19 00:00:00-04:00,10.7,10.9,10.5,10.9,2424,0.0,0.0,0.0
2021-07-20 00:00:00-04:00,10.5,10.5,10.2,10.2,581,0.0,0.0,0.0
2021-07-21 00:00:00-04:00,10.9,10.9,10.9,10.2,3,0.0,0.0,0.0
2021-07-22 00:00:00-04:00,10.2,10.2,10.2,10.2,0,0.0,0.0,0.0
2021-07-23 00:00:00-04:00,10.2,10.2,10.2,10.2,0,0.0,0.0,0.0
2021-07-26 00:00:00-04:00,10.9,10.9,10.2,10.2,591,0.0,0.0,0.0
2021-07-27 00:00:00-04:00,10.2,10.3,10.2,10.3,505,0.0,0.0,0.0
2021-07-28 00:00:00-04:00,10.4,11.0,9.9,9.9,594,0.0,0.0,0.0
2021-07-29 00:00:00-04:00,10.0,10.0,10.0,10.0,10600,0.0,0.0,0.0
2021-07-30 00:00:00-04:00,11.0,11.0,10.2,10.2,27035,0.0,0.0,0.0
2021-08-02 00:00:00-04:00,10.5,10.5,10.5,10.5,14,0.0,0.0,0.0
2021-08-03 00:00:00-04:00,10.1,11.0,10.1,10.1,883,0.0,0.0,0.0
2021-08-04 00:00:00-04:00,10.1,10.1,10.1,10.1,905,0.0,0.0,0.0
2021-08-05 00:00:00-04:00,10.1,10.1,10.0,10.0,289,0.0,0.0,0.0
2021-08-06 00:00:00-04:00,10.1,10.2,10.1,10.2,1321,0.0,0.0,0.0
2021-08-09 00:00:00-04:00,10.0,10.0,9.499,9.9,1115,0.0,0.0,0.0
2021-08-10 00:00:00-04:00,10.4,10.4,9.841,10.0,101780,0.0,0.0,0.0
2021-08-11 00:00:00-04:00,9.8,9.8,9.8,9.8,15000,0.0,0.0,0.0
2021-08-12 00:00:00-04:00,10.9,10.9,10.0,10.0,380,0.0,0.0,0.0
2021-08-13 00:00:00-04:00,9.75,9.95,9.45,9.45,45763,0.0,0.0,0.0
2021-08-16 00:00:00-04:00,9.45,9.45,9.45,9.45,0,0.0,0.0,0.0
2021-08-17 00:00:00-04:00,9.45,9.45,9.45,9.45,0,0.0,0.0,0.0
2021-08-18 00:00:00-04:00,9.5,9.5,9.1,9.2,6615,0.0,0.0,0.0
2021-08-19 00:00:00-04:00,9.8,9.8,9.8,9.8,994,0.0,0.0,0.0
2021-08-20 00:00:00-04:00,9.55,9.55,9.2,9.2,717,0.0,0.0,0.0
2021-08-23 00:00:00-04:00,9.2,9.2,9.2,9.2,0,0.0,0.0,0.0
2021-08-24 00:00:00-04:00,10.5,10.5,9.7,9.7,9512,0.0,0.0,0.0
2021-08-25 00:00:00-04:00,9.7,9.7,9.7,9.7,200,0.0,0.0,0.0
2021-08-26 00:00:00-04:00,9.95,10.0,9.95,10.0,322,0.0,0.0,0.0
2021-08-27 00:00:00-04:00,10.1,10.1,10.099,10.1,22,0.0,0.0,0.0
2021-08-30 00:00:00-04:00,10.1,10.1,10.1,10.1,0,0.0,0.0,0.0
2021-08-31 00:00:00-04:00,10.5,10.5,10.2,10.2,14857,0.0,0.0,0.0
2021-09-01 00:00:00-04:00,10.5,10.5,10.5,10.5,8759,0.0,0.0,0.0
2021-09-02 00:00:00-04:00,10.5,10.7,10.3,10.3,866,0.0,0.0,0.0
2021-09-03 00:00:00-04:00,10.8,10.9,10.8,10.9,2622,0.0,0.0,0.0
2021-09-07 00:00:00-04:00,11.0,11.3,11.0,11.1,9590,0.0,0.0,0.0
2021-09-08 00:00:00-04:00,11.6,11.9,11.6,11.9,6343,0.0,0.0,0.0
2021-09-09 00:00:00-04:00,12.5,12.5,11.6,11.6,843,0.0,0.0,0.0
2021-09-10 00:00:00-04:00,11.9,11.9,11.499,11.5,1382,0.0,0.0,0.0
2021-09-13 00:00:00-04:00,11.6,12.1,11.6,11.788,1244,0.0,0.0,0.0
2021-09-14 00:00:00-04:00,12.0,12.0,11.0,11.1,18056,0.0,0.0,0.0
2021-09-15 00:00:00-04:00,12.0,12.0,11.0,11.4,2900,0.0,0.0,0.0
2021-09-16 00:00:00-04:00,11.4,11.4,10.8,10.8,477,0.0,0.0,0.0
2021-09-17 00:00:00-04:00,11.0,11.4,11.0,11.2,835,0.0,0.0,0.0
2021-09-20 00:00:00-04:00,10.7,10.7,10.5,10.5,2397,0.0,0.0,0.0
2021-09-21 00:00:00-04:00,11.0,11.0,10.599,10.6,769,0.0,0.0,0.0
2021-09-22 00:00:00-04:00,11.0,11.3,11.0,11.3,2684,0.0,0.0,0.0
2021-09-23 00:00:00-04:00,11.3,11.3,11.3,11.3,0,0.0,0.0,0.0
2021-09-24 00:00:00-04:00,11.4,11.8,11.4,11.8,2644,0.0,0.0,0.0
2021-09-27 00:00:00-04:00,11.8,11.8,11.8,11.8,0,0.0,0.0,0.0
2021-09-28 00:00:00-04:00,11.0,11.0,11.0,11.0,187,0.0,0.0,0.0
2021-09-29 00:00:00-04:00,11.0,11.0,10.7,11.0,7130,0.0,0.0,0.0
2021-09-30 00:00:00-04:00,11.5,11.5,11.1,11.1,444,0.0,0.0,0.0
2021-10-01 00:00:00-04:00,11.1,11.1,11.1,11.1,0,0.0,0.0,0.0
2021-10-04 00:00:00-04:00,11.3,11.3,11.3,11.3,2000,0.0,0.0,0.0
2021-10-05 00:00:00-04:00,11.8,11.8,11.2,11.5,6167,0.0,0.0,0.0
2021-10-06 00:00:00-04:00,11.5,11.5,11.5,11.5,0,0.0,0.0,0.0
2021-10-07 00:00:00-04:00,11.5,11.5,11.2,11.5,42,0.0,0.0,0.0
2021-10-08 00:00:00-04:00,11.2,11.5,11.2,11.5,5780,0.0,0.0,0.0
2021-10-11 00:00:00-04:00,11.6,11.6,11.5,11.5,2909,0.0,0.0,0.0
2021-10-12 00:00:00-04:00,11.9,11.9,11.8,11.8,1545,0.0,0.0,0.0
2021-10-13 00:00:00-04:00,11.7,11.9,11.7,11.9,575,0.0,0.0,0.0
2021-10-14 00:00:00-04:00,12.5,12.9,12.4,12.9,13919,0.0,0.0,0.0
2021-10-15 00:00:00-04:00,13.0,13.0,13.0,13.0,183,0.0,0.0,0.0
2021-10-18 00:00:00-04:00,13.4,13.5,13.4,13.5,30831,0.0,0.0,0.0
2021-10-19 00:00:00-04:00,13.0,13.5,13.0,13.5,30394,0.0,0.0,0.0
2021-10-20 00:00:00-04:00,13.6,13.8,13.1,13.8,570,0.0,0.0,0.0
2021-10-21 00:00:00-04:00,13.4,13.5,13.4,13.5,287,0.0,0.0,0.0
2021-10-22 00:00:00-04:00,13.5,13.5,13.5,13.5,60,0.0,0.0,0.0
2021-10-25 00:00:00-04:00,13.6,13.8,13.0,13.8,32224,0.0,0.0,0.0
2021-10-26 00:00:00-04:00,13.8,13.8,13.8,13.8,0,0.0,0.0,0.0
2021-10-27 00:00:00-04:00,13.4,13.4,13.3,13.3,870,0.0,0.0,0.0
2021-10-28 00:00:00-04:00,12.7,12.7,12.5,12.6,2344,0.0,0.0,0.0
2021-10-29 00:00:00-04:00,13.9,13.9,13.9,13.9,1000,0.0,0.0,0.0
2021-11-01 00:00:00-04:00,13.9,13.9,12.5,13.9,101,0.0,0.0,0.0
2021-11-02 00:00:00-04:00,13.9,13.9,13.9,13.9,0,0.0,0.0,0.0
2021-11-03 00:00:00-04:00,12.5,12.5,11.8,11.8,838,0.0,0.0,0.0
2021-11-04 00:00:00-04:00,12.8,12.8,12.0,12.0,100,0.0,0.0,0.0
2021-11-05 00:00:00-04:00,11.8,11.8,11.0,11.0,1711,0.0,0.0,0.0
2021-11-08 00:00:00-05:00,11.3,11.4,11.1,11.3,20988,0.0,0.0,0.0
2021-11-09 00:00:00-05:00,11.4,12.3,11.1,11.8,237509,0.0,0.0,0.0
2021-11-10 00:00:00-05:00,11.6,12.3,11.6,11.9,198259,0.0,0.0,0.0
2021-11-11 00:00:00-05:00,11.7,12.3,11.699,12.3,4746,0.0,0.0,0.0
2021-11-12 00:00:00-05:00,12.5,12.5,12.0,12.0,797,0.0,0.0,0.0
2021-11-15 00:00:00-05:00,12.3,12.4,12.2,12.2,1396,0.0,0.0,0.0
2021-11-16 00:00:00-05:00,11.9,12.2,11.6,11.6,13298,0.0,0.0,0.0
2021-11-17 00:00:00-05:00,11.9,12.2,11.6,11.6,1950,0.0,0.0,0.0
2021-11-18 00:00:00-05:00,11.8,12.0,11.0,11.8,3558,0.0,0.0,0.0
2021-11-19 00:00:00-05:00,11.8,11.8,10.8,11.2,47531,0.0,0.0,0.0
2021-11-22 00:00:00-05:00,10.8,10.8,10.5,10.5,3245,0.0,0.0,0.0
2021-11-23 00:00:00-05:00,11.0,11.2,10.7,10.7,4583,0.0,0.0,0.0
2021-11-24 00:00:00-05:00,11.0,11.3,11.0,11.1,2518,0.0,0.0,0.0
2021-11-26 00:00:00-05:00,11.1,11.1,10.499,10.7,1971,0.0,0.0,0.0
2021-11-29 00:00:00-05:00,11.2,11.4,11.2,11.4,104,0.0,0.0,0.0
2021-11-30 00:00:00-05:00,11.5,11.5,11.4,11.4,1519,0.0,0.0,0.0
2021-12-01 00:00:00-05:00,11.7,11.9,11.7,11.8,31,0.0,0.0,0.0
2021-12-02 00:00:00-05:00,11.8,11.8,11.8,11.8,0,0.0,0.0,0.0
2021-12-03 00:00:00-05:00,11.7,11.8,11.5,11.6,2485,0.0,0.0,0.0
2021-12-06 00:00:00-05:00,11.5,11.5,11.3,11.3,3435,0.0,0.0,0.0
2021-12-07 00:00:00-05:00,11.4,11.4,11.0,11.3,1089,0.0,0.0,0.0
2021-12-08 00:00:00-05:00,11.4,12.1,11.2,12.1,2029,0.0,0.0,0.0
2021-12-09 00:00:00-05:00,11.9,11.9,11.3,11.3,383,0.0,0.0,0.0
2021-12-10 00:00:00-05:00,11.1,11.1,10.899,11.1,512,0.0,0.0,0.0
2021-12-13 00:00:00-05:00,11.2,11.2,10.1,10.1,11254,0.0,0.0,0.0
2021-12-14 00:00:00-05:00,10.7,10.9,10.5,10.9,8665,0.0,0.0,0.0
2021-12-15 00:00:00-05:00,10.9,10.9,10.8,10.8,256,0.0,0.0,0.0
2021-12-16 00:00:00-05:00,10.9,11.6,10.9,11.6,36701,0.0,0.0,0.0
2021-12-17 00:00:00-05:00,11.5,12.5,11.0,12.5,5333,0.0,0.0,0.0
2021-12-20 00:00:00-05:00,11.3,11.5,10.6,10.6,2565,0.0,0.0,0.0
2021-12-21 00:00:00-05:00,11.5,11.5,10.8,10.8,4017,0.0,0.0,0.0
2021-12-22 00:00:00-05:00,11.2,11.6,11.1,11.6,2508,0.0,0.0,0.0
2021-12-23 00:00:00-05:00,11.6,11.6,11.6,11.6,0,0.0,0.0,0.0
2021-12-27 00:00:00-05:00,11.6,11.6,11.6,11.6,0,0.0,0.0,0.0
2021-12-28 00:00:00-05:00,11.6,11.6,11.6,11.6,0,0.0,0.0,0.0
2021-12-29 00:00:00-05:00,11.7,11.8,11.2,11.7,546,0.0,0.0,0.0
2021-12-30 00:00:00-05:00,11.8,11.9,11.7,11.7,1663,0.0,0.0,0.0
2021-12-31 00:00:00-05:00,12.4,12.4,12.4,11.7,4,0.0,0.0,0.0
2022-01-03 00:00:00-05:00,11.7,11.7,11.7,11.7,0,0.0,0.0,0.0
2022-01-04 00:00:00-05:00,12.1,12.3,12.0,12.2,890,0.0,0.0,0.0
2022-01-05 00:00:00-05:00,12.2,12.2,12.1,12.1,2579,0.0,0.0,0.0
2022-01-06 00:00:00-05:00,11.7,12.3,11.7,12.3,12217,0.0,0.0,0.0
2022-01-07 00:00:00-05:00,12.1,12.1,12.1,12.1,238,0.0,0.0,0.0
2022-01-10 00:00:00-05:00,12.7,12.7,12.4,12.5,2252,0.0,0.0,0.0
2022-01-11 00:00:00-05:00,12.6,12.7,12.5,12.7,2150,0.0,0.0,0.0
2022-01-12 00:00:00-05:00,12.8,13.1,12.7,13.1,5749,0.0,0.0,0.0
2022-01-13 00:00:00-05:00,13.3,13.3,12.2,12.3,17620,0.0,0.0,0.0
2022-01-14 00:00:00-05:00,12.5,12.6,11.6,12.0,24653,0.0,0.0,0.0
2022-01-18 00:00:00-05:00,11.5,11.8,10.9,11.0,62055,0.0,0.0,0.0
2022-01-19 00:00:00-05:00,11.4,11.9,11.2,11.9,5320,0.0,0.0,0.0
2022-01-20 00:00:00-05:00,12.0,12.2,11.7,12.0,3464,0.0,0.0,0.0
2022-01-21 00:00:00-05:00,11.9,12.0,11.7,11.9,8836,0.0,0.0,0.0
2022-01-24 00:00:00-05:00,11.5,11.5,10.7,10.8,20978,0.0,0.0,0.0
2022-01-25 00:00:00-05:00,10.9,11.0,10.9,11.0,700,0.0,0.0,0.0
2022-01-26 00:00:00-05:00,10.8,11.4,10.8,11.0,804,0.0,0.0,0.0
2022-01-27 00:00:00-05:00,11.4,11.7,11.4,11.6,4443,0.0,0.0,0.0
2022-01-28 00:00:00-05:00,11.7,11.8,11.5,11.5,5704,0.0,0.0,0.0
2022-01-31 00:00:00-05:00,11.9,11.9,11.5,11.7,9248,0.0,0.0,0.0
2022-02-01 00:00:00-05:00,11.7,11.7,11.7,11.7,0,0.0,0.0,0.0
2022-02-02 00:00:00-05:00,11.6,11.7,11.5,11.6,11634,0.0,0.0,0.0
2022-02-03 00:00:00-05:00,11.6,11.6,11.2,11.2,593,0.0,0.0,0.0
2022-02-04 00:00:00-05:00,11.3,11.3,11.3,11.3,195,0.0,0.0,0.0
2022-02-07 00:00:00-05:00,11.6,11.6,11.3,11.5,6316,0.0,0.0,0.0
2022-02-08 00:00:00-05:00,11.6,12.2,11.6,12.1,8022,0.0,0.0,0.0
2022-02-09 00:00:00-05:00,12.4,12.9,12.4,12.6,4389,0.0,0.0,0.0
2022-02-10 00:00:00-05:00,12.8,13.1,12.8,13.0,1586,0.0,0.0,0.0
2022-02-11 00:00:00-05:00,12.6,12.8,12.1,12.1,1952,0.0,0.0,0.0
2022-02-14 00:00:00-05:00,12.3,12.5,11.7,12.3,4233,0.0,0.0,0.0
2022-02-15 00:00:00-05:00,12.6,13.1,12.6,13.0,2770,0.0,0.0,0.0
2022-02-16 00:00:00-05:00,13.2,13.5,13.1,13.1,40200,0.0,0.0,0.0
2022-02-17 00:00:00-05:00,13.1,13.1,12.5,12.6,580,0.0,0.0,0.0
2022-02-18 00:00:00-05:00,12.6,13.0,12.1,12.1,4544,0.0,0.0,0.0
2022-02-22 00:00:00-05:00,10.0,10.8,9.85,10.0,16563,0.0,0.0,0.0
2022-02-23 00:00:00-05:00,10.1,10.1,9.4,9.45,1383,0.0,0.0,0.0
2022-02-24 00:00:00-05:00,9.25,9.4,6.1,9.15,7023,0.0,0.0,0.0
2022-02-25 00:00:00-05:00,9.2,11.5,9.15,9.55,8173,0.0,0.0,0.0
2022-02-28 00:00:00-05:00,9.55,9.55,9.55,9.55,0,0.0,0.0,0.0
2022-03-01 00:00:00-05:00,9.55,9.55,9.55,9.55,0,0.0,0.0,0.0
2022-03-02 00:00:00-05:00,9.3,9.3,9.3,9.3,563,0.0,0.0,0.0
2022-03-03 00:00:00-05:00,9.3,9.3,9.3,9.3,0,0.0,0.0,0.0
2022-03-04 00:00:00-05:00,9.3,9.3,9.3,9.3,0,0.0,0.0,0.0
2022-03-07 00:00:00-05:00,9.3,9.3,9.3,9.3,0,0.0,0.0,0.0
2022-03-08 00:00:00-05:00,9.3,9.3,9.3,9.3,0,0.0,0.0,0.0
2022-03-09 00:00:00-05:00,9.3,9.3,9.3,9.3,0,0.0,0.0,0.0
2022-03-10 00:00:00-05:00,9.3,9.3,9.3,9.3,0,0.0,0.0,0.0
2022-03-11 00:00:00-05:00,9.3,9.3,9.3,9.3,0,0.0,0.0,0.0
2022-03-14 00:00:00-04:00,9.3,9.3,9.3,9.3,0,0.0,0.0,0.0
2022-03-15 00:00:00-04:00,9.3,9.3,9.3,9.3,0,0.0,0.0,0.0
2022-03-16 00:00:00-04:00,9.3,9.3,9.3,9.3,0,0.0,0.0,0.0
2022-03-17 00:00:00-04:00,9.3,9.3,9.3,9.3,0,0.0,0.0,0.0
2022-03-18 00:00:00-04:00,9.3,9.3,9.3,9.3,0,0.0,0.0,0.0
2022-03-21 00:00:00-04:00,9.3,9.3,9.3,9.3,0,0.0,0.0,0.0
2022-03-22 00:00:00-04:00,9.3,9.3,9.3,9.3,0,0.0,0.0,0.0
2022-03-23 00:00:00-04:00,9.3,9.3,9.3,9.3,0,0.0,0.0,0.0
2022-03-24 00:00:00-04:00,9.3,9.3,9.3,9.3,0,0.0,0.0,0.0
2022-03-25 00:00:00-04:00,9.3,9.3,9.3,9.3,0,0.0,0.0,0.0
2022-03-28 00:00:00-04:00,9.3,9.3,9.3,9.3,0,0.0,0.0,0.0
2022-03-29 00:00:00-04:00,9.3,9.3,9.3,9.3,0,0.0,0.0,0.0
2022-03-30 00:00:00-04:00,9.3,9.3,9.3,9.3,0,0.0,0.0,0.0
2022-03-31 00:00:00-04:00,9.3,9.3,9.3,9.3,0,0.0,0.0,0.0
2022-04-01 00:00:00-04:00,9.3,9.3,9.3,9.3,0,0.0,0.0,0.0
2022-04-04 00:00:00-04:00,9.3,9.3,9.3,9.3,0,0.0,0.0,0.0
2022-04-05 00:00:00-04:00,9.3,9.3,9.3,9.3,0,0.0,0.0,0.0
2022-04-06 00:00:00-04:00,9.3,9.3,9.3,9.3,0,0.0,0.0,0.0
2022-04-07 00:00:00-04:00,9.3,9.3,9.3,9.3,0,0.0,0.0,0.0
2022-04-08 00:00:00-04:00,9.3,9.3,9.3,9.3,0,0.0,0.0,0.0
2022-04-11 00:00:00-04:00,9.3,9.3,9.3,9.3,0,0.0,0.0,0.0
2022-04-12 00:00:00-04:00,9.3,9.3,9.3,9.3,0,0.0,0.0,0.0
2022-04-13 00:00:00-04:00,9.3,9.3,9.3,9.3,0,0.0,0.0,0.0
2022-04-14 00:00:00-04:00,9.3,9.3,9.3,9.3,0,0.0,0.0,0.0
2022-04-18 00:00:00-04:00,9.3,9.3,9.3,9.3,0,0.0,0.0,0.0
2022-04-19 00:00:00-04:00,9.3,9.3,9.3,9.3,0,0.0,0.0,0.0
2022-04-20 00:00:00-04:00,9.3,9.3,9.3,9.3,0,0.0,0.0,0.0
2022-04-21 00:00:00-04:00,9.3,9.3,9.3,9.3,0,0.0,0.0,0.0
2022-04-22 00:00:00-04:00,9.3,9.3,9.3,9.3,0,0.0,0.0,0.0
2022-04-25 00:00:00-04:00,9.3,9.3,9.3,9.3,0,0.0,0.0,0.0
2022-04-26 00:00:00-04:00,9.3,9.3,9.3,9.3,0,0.0,0.0,0.0
2022-04-27 00:00:00-04:00,9.3,9.3,9.3,9.3,0,0.0,0.0,0.0
2022-04-28 00:00:00-04:00,9.3,9.3,9.3,9.3,0,0.0,0.0,0.0
2022-04-29 00:00:00-04:00,9.3,9.3,9.3,9.3,0,0.0,0.0,0.0
2022-05-03 00:00:00-04:00,9.3,9.3,9.3,9.3,0,0.0,0.0,0.0
2022-05-04 00:00:00-04:00,9.3,9.3,9.3,9.3,0,0.0,0.0,0.0
2022-05-05 00:00:00-04:00,9.3,9.3,9.3,9.3,0,0.0,0.0,0.0
2022-05-06 00:00:00-04:00,9.3,9.3,9.3,9.3,0,0.0,0.0,0.0
2022-05-09 00:00:00-04:00,9.3,9.3,9.3,9.3,0,0.0,0.0,0.0
2022-05-10 00:00:00-04:00,9.3,9.3,9.3,9.3,0,0.0,0.0,0.0
2022-05-11 00:00:00-04:00,9.3,9.3,9.3,9.3,0,0.0,0.0,0.0
2022-05-12 00:00:00-04:00,9.3,9.3,9.3,9.3,0,0.0,0.0,0.0
2022-05-13 00:00:00-04:00,9.3,9.3,9.3,9.3,0,0.0,0.0,0.0
2022-05-16 00:00:00-04:00,9.3,9.3,9.3,9.3,0,0.0,0.0,0.0
2022-05-17 00:00:00-04:00,9.3,9.3,9.3,9.3,0,0.0,0.0,0.0
2022-05-18 00:00:00-04:00,9.3,9.3,9.3,9.3,0,0.0,0.0,0.0
2022-05-19 00:00:00-04:00,9.3,9.3,9.3,9.3,0,0.0,0.0,0.0
2022-05-20 00:00:00-04:00,9.3,9.3,9.3,9.3,0,0.0,0.0,0.0
2022-05-23 00:00:00-04:00,9.3,9.3,9.3,9.3,0,0.0,0.0,0.0
2022-05-24 00:00:00-04:00,9.3,9.3,9.3,9.3,0,0.0,0.0,0.0
2022-05-25 00:00:00-04:00,9.3,9.3,9.3,9.3,0,0.0,0.0,0.0
2022-05-26 00:00:00-04:00,9.3,9.3,9.3,9.3,0,0.0,0.0,0.0
2022-05-27 00:00:00-04:00,9.3,9.3,9.3,9.3,0,0.0,0.0,0.0
2022-05-31 00:00:00-04:00,9.3,9.3,9.3,9.3,0,0.0,0.0,0.0
2022-06-01 00:00:00-04:00,9.3,9.3,9.3,9.3,0,0.0,0.0,0.0
2022-06-06 00:00:00-04:00,9.3,9.3,9.3,9.3,0,0.0,0.0,0.0
2022-06-07 00:00:00-04:00,9.3,9.3,9.3,9.3,0,0.0,0.0,0.0
2022-06-08 00:00:00-04:00,9.3,9.3,9.3,9.3,0,0.0,0.0,0.0
2022-06-09 00:00:00-04:00,9.3,9.3,9.3,9.3,0,0.0,0.0,0.0
2022-06-10 00:00:00-04:00,9.3,9.3,9.3,9.3,0,0.0,0.0,0.0
2022-06-13 00:00:00-04:00,9.3,9.3,9.3,9.3,0,0.0,0.0,0.0
2022-06-14 00:00:00-04:00,9.3,9.3,9.3,9.3,0,0.0,0.0,0.0
2022-06-15 00:00:00-04:00,9.3,9.3,9.3,9.3,0,0.0,0.0,0.0
2022-06-16 00:00:00-04:00,9.3,9.3,9.3,9.3,0,0.0,0.0,0.0
2022-06-17 00:00:00-04:00,9.3,9.3,9.3,9.3,0,0.0,0.0,0.0
2022-06-21 00:00:00-04:00,9.3,9.3,9.3,9.3,0,0.0,0.0,0.0
2022-06-22 00:00:00-04:00,9.3,9.3,9.3,9.3,0,0.0,0.0,0.0
2022-06-23 00:00:00-04:00,9.3,9.3,9.3,9.3,0,0.0,0.0,0.0
2022-06-24 00:00:00-04:00,9.3,9.3,9.3,9.3,0,0.0,0.0,0.0
2022-06-27 00:00:00-04:00,9.3,9.3,9.3,9.3,0,0.0,0.0,0.0
2022-06-28 00:00:00-04:00,9.3,9.3,9.3,9.3,0,0.0,0.0,0.0
2022-06-29 00:00:00-04:00,9.3,9.3,9.3,9.3,0,0.0,0.0,0.0
2022-06-30 00:00:00-04:00,9.3,9.3,9.3,9.3,0,0.0,0.0,0.0
2022-07-01 00:00:00-04:00,9.3,9.3,9.3,9.3,0,0.0,0.0,0.0
2022-07-05 00:00:00-04:00,9.3,9.3,9.3,9.3,0,0.0,0.0,0.0
2022-07-06 00:00:00-04:00,9.3,9.3,9.3,9.3,0,0.0,0.0,0.0
2022-07-07 00:00:00-04:00,9.3,9.3,9.3,9.3,0,0.0,0.0,0.0
2022-07-08 00:00:00-04:00,9.3,9.3,9.3,9.3,0,0.0,0.0,0.0
2022-07-11 00:00:00-04:00,9.3,9.3,9.3,9.3,0,0.0,0.0,0.0
2022-07-12 00:00:00-04:00,9.3,9.3,9.3,9.3,0,0.0,0.0,0.0
2022-07-13 00:00:00-04:00,9.3,9.3,9.3,9.3,0,0.0,0.0,0.0
2022-07-14 00:00:00-04:00,9.3,9.3,9.3,9.3,0,0.0,0.0,0.0
2022-07-15 00:00:00-04:00,9.3,9.3,9.3,9.3,0,0.0,0.0,0.0
2022-07-18 00:00:00-04:00,9.3,9.3,9.3,9.3,0,0.0,0.0,0.0
2022-07-19 00:00:00-04:00,9.3,9.3,9.3,9.3,0,0.0,0.0,0.0
2022-07-20 00:00:00-04:00,9.3,9.3,9.3,9.3,0,0.0,0.0,0.0
2022-07-21 00:00:00-04:00,9.3,9.3,9.3,9.3,0,0.0,0.0,0.0
2022-07-22 00:00:00-04:00,9.3,9.3,9.3,9.3,0,0.0,0.0,0.0
2022-07-25 00:00:00-04:00,9.3,9.3,9.3,9.3,0,0.0,0.0,0.0
2022-07-26 00:00:00-04:00,9.3,9.3,9.3,9.3,0,0.0,0.0,0.0
2022-07-27 00:00:00-04:00,9.3,9.3,9.3,9.3,0,0.0,0.0,0.0
2022-07-28 00:00:00-04:00,9.3,9.3,9.3,9.3,0,0.0,0.0,0.0
2022-07-29 00:00:00-04:00,9.3,9.3,9.3,9.3,0,0.0,0.0,0.0
2022-08-01 00:00:00-04:00,9.3,9.3,9.3,9.3,0,0.0,0.0,0.0
2022-08-02 00:00:00-04:00,9.3,9.3,9.3,9.3,0,0.0,0.0,0.0
2022-08-03 00:00:00-04:00,9.3,9.3,9.3,9.3,0,0.0,0.0,0.0
2022-08-04 00:00:00-04:00,9.3,9.3,9.3,9.3,0,0.0,0.0,0.0
2022-08-05 00:00:00-04:00,9.3,9.3,9.3,9.3,0,0.0,0.0,0.0
2022-08-08 00:00:00-04:00,9.3,9.3,9.3,9.3,0,0.0,0.0,0.0
2022-08-09 00:00:00-04:00,9.3,9.3,9.3,9.3,0,0.0,0.0,0.0
2022-08-10 00:00:00-04:00,9.3,9.3,9.3,9.3,0,0.0,0.0,0.0
2022-08-11 00:00:00-04:00,9.3,9.3,9.3,9.3,0,0.0,0.0,0.0
2022-08-12 00:00:00-04:00,9.3,9.3,9.3,9.3,0,0.0,0.0,0.0
2022-08-15 00:00:00-04:00,9.3,9.3,9.3,9.3,0,0.0,0.0,0.0
2022-08-16 00:00:00-04:00,9.3,9.3,9.3,9.3,0,0.0,0.0,0.0
2022-08-17 00:00:00-04:00,9.3,9.3,9.3,9.3,0,0.0,0.0,0.0
2022-08-18 00:00:00-04:00,9.3,9.3,9.3,9.3,0,0.0,0.0,0.0
2022-08-19 00:00:00-04:00,9.3,9.3,9.3,9.3,0,0.0,0.0,0.0
2022-08-22 00:00:00-04:00,9.3,9.3,9.3,9.3,0,0.0,0.0,0.0
2022-08-23 00:00:00-04:00,9.3,9.3,9.3,9.3,0,0.0,0.0,0.0
2022-08-24 00:00:00-04:00,9.3,9.3,9.3,9.3,0,0.0,0.0,0.0
2022-08-25 00:00:00-04:00,9.3,9.3,9.3,9.3,0,0.0,0.0,0.0
2022-08-26 00:00:00-04:00,9.3,9.3,9.3,9.3,0,0.0,0.0,0.0
2022-08-29 00:00:00-04:00,9.3,9.3,9.3,9.3,0,0.0,0.0,0.0
2022-08-30 00:00:00-04:00,9.3,9.3,9.3,9.3,0,0.0,0.0,0.0
2022-08-31 00:00:00-04:00,9.3,9.3,9.3,9.3,0,0.0,0.0,0.0
2022-09-01 00:00:00-04:00,9.3,9.3,9.3,9.3,0,0.0,0.0,0.0
2022-09-02 00:00:00-04:00,9.3,9.3,9.3,9.3,0,0.0,0.0,0.0
2022-09-06 00:00:00-04:00,9.3,9.3,9.3,9.3,0,0.0,0.0,0.0
2022-09-07 00:00:00-04:00,9.3,9.3,9.3,9.3,0,0.0,0.0,0.0
2022-09-08 00:00:00-04:00,9.3,9.3,9.3,9.3,0,0.0,0.0,0.0
2022-09-09 00:00:00-04:00,9.3,9.3,9.3,9.3,0,0.0,0.0,0.0
2022-09-12 00:00:00-04:00,9.3,9.3,9.3,9.3,0,0.0,0.0,0.0
2022-09-13 00:00:00-04:00,9.3,9.3,9.3,9.3,0,0.0,0.0,0.0
2022-09-14 00:00:00-04:00,9.3,9.3,9.3,9.3,0,0.0,0.0,0.0
2022-09-15 00:00:00-04:00,9.3,9.3,9.3,9.3,0,0.0,0.0,0.0
2022-09-16 00:00:00-04:00,9.3,9.3,9.3,9.3,0,0.0,0.0,0.0
2022-09-19 00:00:00-04:00,9.3,9.3,9.3,9.3,0,0.0,0.0,0.0
2022-09-20 00:00:00-04:00,9.3,9.3,9.3,9.3,0,0.0,0.0,0.0
2022-09-21 00:00:00-04:00,9.3,9.3,9.3,9.3,0,0.0,0.0,0.0
2022-09-22 00:00:00-04:00,9.3,9.3,9.3,9.3,0,0.0,0.0,0.0
2022-09-23 00:00:00-04:00,9.3,9.3,9.3,9.3,0,0.0,0.0,0.0
2022-09-26 00:00:00-04:00,9.3,9.3,9.3,9.3,0,0.0,0.0,0.0
2022-09-27 00:00:00-04:00,9.3,9.3,9.3,9.3,0,0.0,0.0,0.0
2022-09-28 00:00:00-04:00,9.3,9.3,9.3,9.3,0,0.0,0.0,0.0
2022-09-29 00:00:00-04:00,9.3,9.3,9.3,9.3,0,0.0,0.0,0.0
2022-09-30 00:00:00-04:00,9.3,9.3,9.3,9.3,0,0.0,0.0,0.0
2022-10-03 00:00:00-04:00,9.3,9.3,9.3,9.3,0,0.0,0.0,0.0
2022-10-04 00:00:00-04:00,9.3,9.3,9.3,9.3,0,0.0,0.0,0.0
2022-10-05 00:00:00-04:00,9.3,9.3,9.3,9.3,0,0.0,0.0,0.0
2022-10-06 00:00:00-04:00,9.3,9.3,9.3,9.3,0,0.0,0.0,0.0
2022-10-07 00:00:00-04:00,9.3,9.3,9.3,9.3,0,0.0,0.0,0.0
2022-10-10 00:00:00-04:00,9.3,9.3,9.3,9.3,0,0.0,0.0,0.0
2022-10-11 00:00:00-04:00,9.3,9.3,9.3,9.3,0,0.0,0.0,0.0
2022-10-12 00:00:00-04:00,9.3,9.3,9.3,9.3,0,0.0,0.0,0.0
2022-10-13 00:00:00-04:00,9.3,9.3,9.3,9.3,0,0.0,0.0,0.0
2022-10-14 00:00:00-04:00,9.3,9.3,9.3,9.3,0,0.0,0.0,0.0
2022-10-17 00:00:00-04:00,9.3,9.3,9.3,9.3,0,0.0,0.0,0.0
2022-10-18 00:00:00-04:00,9.3,9.3,9.3,9.3,0,0.0,0.0,0.0
2022-10-19 00:00:00-04:00,9.3,9.3,9.3,9.3,0,0.0,0.0,0.0
2022-10-20 00:00:00-04:00,9.3,9.3,9.3,9.3,0,0.0,0.0,0.0
2022-10-21 00:00:00-04:00,9.3,9.3,9.3,9.3,0,0.0,0.0,0.0
2022-10-24 00:00:00-04:00,9.3,9.3,9.3,9.3,0,0.0,0.0,0.0
2022-10-25 00:00:00-04:00,9.3,9.3,9.3,9.3,0,0.0,0.0,0.0
2022-10-26 00:00:00-04:00,9.3,9.3,9.3,9.3,0,0.0,0.0,0.0
2022-10-27 00:00:00-04:00,9.3,9.3,9.3,9.3,0,0.0,0.0,0.0
2022-10-28 00:00:00-04:00,9.3,9.3,9.3,9.3,0,0.0,0.0,0.0
2022-10-31 00:00:00-04:00,9.3,9.3,9.3,9.3,0,0.0,0.0,0.0
2022-11-01 00:00:00-04:00,9.3,9.3,9.3,9.3,0,0.0,0.0,0.0
2022-11-02 00:00:00-04:00,9.3,9.3,9.3,9.3,0,0.0,0.0,0.0
2022-11-03 00:00:00-04:00,9.3,9.3,9.3,9.3,0,0.0,0.0,0.0
2022-11-04 00:00:00-04:00,9.3,9.3,9.3,9.3,0,0.0,0.0,0.0
2022-11-07 00:00:00-05:00,9.3,9.3,9.3,9.3,0,0.0,0.0,0.0
2022-11-08 00:00:00-05:00,9.3,9.3,9.3,9.3,0,0.0,0.0,0.0
2022-11-09 00:00:00-05:00,9.3,9.3,9.3,9.3,0,0.0,0.0,0.0
2022-11-10 00:00:00-05:00,9.3,9.3,9.3,9.3,0,0.0,0.0,0.0
2022-11-11 00:00:00-05:00,9.3,9.3,9.3,9.3,0,0.0,0.0,0.0
2022-11-14 00:00:00-05:00,9.3,9.3,9.3,9.3,0,0.0,0.0,0.0
2022-11-15 00:00:00-05:00,9.3,9.3,9.3,9.3,0,0.0,0.0,0.0
2022-11-16 00:00:00-05:00,9.3,9.3,9.3,9.3,0,0.0,0.0,0.0
2022-11-17 00:00:00-05:00,9.3,9.3,9.3,9.3,0,0.0,0.0,0.0
2022-11-18 00:00:00-05:00,9.3,9.3,9.3,9.3,0,0.0,0.0,0.0
2022-11-21 00:00:00-05:00,9.3,9.3,9.3,9.3,0,0.0,0.0,0.0
2022-11-22 00:00:00-05:00,9.3,9.3,9.3,9.3,0,0.0,0.0,0.0
2022-11-23 00:00:00-05:00,9.3,9.3,9.3,9.3,0,0.0,0.0,0.0
2022-11-25 00:00:00-05:00,9.3,9.3,9.3,9.3,0,0.0,0.0,0.0
2022-11-28 00:00:00-05:00,9.3,9.3,9.3,9.3,0,0.0,0.0,0.0
2022-11-29 00:00:00-05:00,9.3,9.3,9.3,9.3,0,0.0,0.0,0.0
2022-11-30 00:00:00-05:00,9.3,9.3,9.3,9.3,0,0.0,0.0,0.0
2022-12-01 00:00:00-05:00,9.3,9.3,9.3,9.3,0,0.0,0.0,0.0
2022-12-02 00:00:00-05:00,9.3,9.3,9.3,9.3,0,0.0,0.0,0.0
2022-12-05 00:00:00-05:00,9.3,9.3,9.3,9.3,0,0.0,0.0,0.0
2022-12-06 00:00:00-05:00,9.3,9.3,9.3,9.3,0,0.0,0.0,0.0
2022-12-07 00:00:00-05:00,9.3,9.3,9.3,9.3,0,0.0,0.0,0.0
2022-12-08 00:00:00-05:00,9.3,9.3,9.3,9.3,0,0.0,0.0,0.0
2022-12-09 00:00:00-05:00,9.3,9.3,9.3,9.3,0,0.0,0.0,0.0
2022-12-12 00:00:00-05:00,9.3,9.3,9.3,9.3,0,0.0,0.0,0.0
2022-12-13 00:00:00-05:00,9.3,9.3,9.3,9.3,0,0.0,0.0,0.0
2022-12-14 00:00:00-05:00,9.3,9.3,9.3,9.3,0,0.0,0.0,0.0
2022-12-15 00:00:00-05:00,9.3,9.3,9.3,9.3,0,0.0,0.0,0.0
2022-12-16 00:00:00-05:00,9.3,9.3,9.3,9.3,0,0.0,0.0,0.0
2022-12-19 00:00:00-05:00,9.3,9.3,9.3,9.3,0,0.0,0.0,0.0
2022-12-20 00:00:00-05:00,9.3,9.3,9.3,9.3,0,0.0,0.0,0.0
2022-12-21 00:00:00-05:00,9.3,9.3,9.3,9.3,0,0.0,0.0,0.0
2022-12-22 00:00:00-05:00,9.3,9.3,9.3,9.3,0,0.0,0.0,0.0
2022-12-23 00:00:00-05:00,9.3,9.3,9.3,9.3,0,0.0,0.0,0.0
2022-12-27 00:00:00-05:00,9.3,9.3,9.3,9.3,0,0.0,0.0,0.0
2022-12-28 00:00:00-05:00,9.3,9.3,9.3,9.3,0,0.0,0.0,0.0
2022-12-29 00:00:00-05:00,9.3,9.3,9.3,9.3,0,0.0,0.0,0.0
2022-12-30 00:00:00-05:00,9.3,9.3,9.3,9.3,0,0.0,0.0,0.0
2023-01-03 00:00:00-05:00,9.3,9.3,9.3,9.3,0,0.0,0.0,0.0
2023-01-04 00:00:00-05:00,9.3,9.3,9.3,9.3,0,0.0,0.0,0.0
2023-01-05 00:00:00-05:00,9.3,9.3,9.3,9.3,0,0.0,0.0,0.0
2023-01-06 00:00:00-05:00,9.3,9.3,9.3,9.3,0,0.0,0.0,0.0
2023-01-09 00:00:00-05:00,9.3,9.3,9.3,9.3,0,0.0,0.0,0.0
2023-01-10 00:00:00-05:00,9.3,9.3,9.3,9.3,0,0.0,0.0,0.0
2023-01-11 00:00:00-05:00,9.3,9.3,9.3,9.3,0,0.0,0.0,0.0
2023-01-12 00:00:00-05:00,9.3,9.3,9.3,9.3,0,0.0,0.0,0.0
2023-01-13 00:00:00-05:00,9.3,9.3,9.3,9.3,0,0.0,0.0,0.0
2023-01-17 00:00:00-05:00,9.3,9.3,9.3,9.3,0,0.0,0.0,0.0
2023-01-18 00:00:00-05:00,9.3,9.3,9.3,9.3,0,0.0,0.0,0.0
2023-01-19 00:00:00-05:00,9.3,9.3,9.3,9.3,0,0.0,0.0,0.0
2023-01-20 00:00:00-05:00,9.3,9.3,9.3,9.3,0,0.0,0.0,0.0
2023-01-23 00:00:00-05:00,9.3,9.3,9.3,9.3,0,0.0,0.0,0.0
2023-01-24 00:00:00-05:00,9.3,9.3,9.3,9.3,0,0.0,0.0,0.0
2023-01-25 00:00:00-05:00,9.3,9.3,9.3,9.3,0,0.0,0.0,0.0
2023-01-26 00:00:00-05:00,9.3,9.3,9.3,9.3,0,0.0,0.0,0.0
2023-01-27 00:00:00-05:00,9.3,9.3,9.3,9.3,0,0.0,0.0,0.0
2023-01-30 00:00:00-05:00,9.3,9.3,9.3,9.3,0,0.0,0.0,0.0
2023-01-31 00:00:00-05:00,9.3,9.3,9.3,9.3,0,0.0,0.0,0.0
2023-02-01 00:00:00-05:00,9.3,9.3,9.3,9.3,0,0.0,0.0,0.0
2023-02-02 00:00:00-05:00,9.3,9.3,9.3,9.3,0,0.0,0.0,0.0
2023-02-03 00:00:00-05:00,9.3,9.3,9.3,9.3,0,0.0,0.0,0.0
2023-02-06 00:00:00-05:00,9.3,9.3,9.3,9.3,0,0.0,0.0,0.0
2023-02-07 00:00:00-05:00,9.3,9.3,9.3,9.3,0,0.0,0.0,0.0
2023-02-08 00:00:00-05:00,9.3,9.3,9.3,9.3,0,0.0,0.0,0.0
2023-02-09 00:00:00-05:00,9.3,9.3,9.3,9.3,0,0.0,0.0,0.0
2023-02-10 00:00:00-05:00,9.3,9.3,9.3,9.3,0,0.0,0.0,0.0
2023-02-13 00:00:00-05:00,9.3,9.3,9.3,9.3,0,0.0,0.0,0.0
2023-02-14 00:00:00-05:00,9.3,9.3,9.3,9.3,0,0.0,0.0,0.0
2023-02-15 00:00:00-05:00,9.3,9.3,9.3,9.3,0,0.0,0.0,0.0
2023-02-16 00:00:00-05:00,9.3,9.3,9.3,9.3,0,0.0,0.0,0.0
2023-02-17 00:00:00-05:00,9.3,9.3,9.3,9.3,0,0.0,0.0,0.0
2023-02-21 00:00:00-05:00,9.3,9.3,9.3,9.3,0,0.0,0.0,0.0
2023-02-22 00:00:00-05:00,9.3,9.3,9.3,9.3,0,0.0,0.0,0.0
2023-02-23 00:00:00-05:00,9.3,9.3,9.3,9.3,0,0.0,0.0,0.0
2023-02-24 00:00:00-05:00,9.3,9.3,9.3,9.3,0,0.0,0.0,0.0
2023-02-27 00:00:00-05:00,9.3,9.3,9.3,9.3,0,0.0,0.0,0.0
2023-02-28 00:00:00-05:00,9.3,9.3,9.3,9.3,0,0.0,0.0,0.0
2023-03-01 00:00:00-05:00,9.3,9.3,9.3,9.3,0,0.0,0.0,0.0
2023-03-02 00:00:00-05:00,9.3,9.3,9.3,9.3,0,0.0,0.0,0.0
2023-03-03 00:00:00-05:00,9.3,9.3,9.3,9.3,0,0.0,0.0,0.0
2023-03-06 00:00:00-05:00,9.3,9.3,9.3,9.3,0,0.0,0.0,0.0
2023-03-07 00:00:00-05:00,9.3,9.3,9.3,9.3,0,0.0,0.0,0.0
2023-03-08 00:00:00-05:00,9.3,9.3,9.3,9.3,0,0.0,0.0,0.0
2023-03-09 00:00:00-05:00,9.3,9.3,9.3,9.3,0,0.0,0.0,0.0
2023-03-10 00:00:00-05:00,9.3,9.3,9.3,9.3,0,0.0,0.0,0.0
2023-03-13 00:00:00-04:00,9.3,9.3,9.3,9.3,0,0.0,0.0,0.0
2023-03-14 00:00:00-04:00,9.3,9.3,9.3,9.3,0,0.0,0.0,0.0
2023-03-15 00:00:00-04:00,9.3,9.3,9.3,9.3,0,0.0,0.0,0.0
2023-03-16 00:00:00-04:00,9.3,9.3,9.3,9.3,0,0.0,0.0,0.0
2023-03-17 00:00:00-04:00,9.3,9.3,9.3,9.3,0,0.0,0.0,0.0
2023-03-20 00:00:00-04:00,9.3,9.3,9.3,9.3,0,0.0,0.0,0.0
2023-03-21 00:00:00-04:00,9.3,9.3,9.3,9.3,0,0.0,0.0,0.0
2023-03-22 00:00:00-04:00,9.3,9.3,9.3,9.3,0,0.0,0.0,0.0
2023-03-23 00:00:00-04:00,9.3,9.3,9.3,9.3,0,0.0,0.0,0.0
2023-03-24 00:00:00-04:00,9.3,9.3,9.3,9.3,0,0.0,0.0,0.0
2023-03-27 00:00:00-04:00,9.3,9.3,9.3,9.3,0,0.0,0.0,0.0
2023-03-28 00:00:00-04:00,9.3,9.3,9.3,9.3,0,0.0,0.0,0.0
2023-03-29 00:00:00-04:00,9.3,9.3,9.3,9.3,0,0.0,0.0,0.0
2023-03-30 00:00:00-04:00,9.3,9.3,9.3,9.3,0,0.0,0.0,0.0
2023-03-31 00:00:00-04:00,9.3,9.3,9.3,9.3,0,0.0,0.0,0.0
2023-04-03 00:00:00-04:00,9.3,9.3,9.3,9.3,0,0.0,0.0,0.0
2023-04-04 00:00:00-04:00,9.3,9.3,9.3,9.3,0,0.0,0.0,0.0
2023-04-05 00:00:00-04:00,9.3,9.3,9.3,9.3,0,0.0,0.0,0.0
2023-04-06 00:00:00-04:00,9.3,9.3,9.3,9.3,0,0.0,0.0,0.0
2023-04-11 00:00:00-04:00,9.3,9.3,9.3,9.3,0,0.0,0.0,0.0
2023-04-12 00:00:00-04:00,9.3,9.3,9.3,9.3,0,0.0,0.0,0.0
2023-04-13 00:00:00-04:00,9.3,9.3,9.3,9.3,0,0.0,0.0,0.0
2023-04-14 00:00:00-04:00,9.3,9.3,9.3,9.3,0,0.0,0.0,0.0
2023-04-17 00:00:00-04:00,9.3,9.3,9.3,9.3,0,0.0,0.0,0.0
2023-04-18 00:00:00-04:00,9.3,9.3,9.3,9.3,0,0.0,0.0,0.0
2023-04-19 00:00:00-04:00,9.3,9.3,9.3,9.3,0,0.0,0.0,0.0
2023-04-20 00:00:00-04:00,9.3,9.3,9.3,9.3,0,0.0,0.0,0.0
2023-04-21 00:00:00-04:00,9.3,9.3,9.3,9.3,0,0.0,0.0,0.0
2023-04-24 00:00:00-04:00,9.3,9.3,9.3,9.3,0,0.0,0.0,0.0
2023-04-25 00:00:00-04:00,9.3,9.3,9.3,9.3,0,0.0,0.0,0.0
2023-04-26 00:00:00-04:00,9.3,9.3,9.3,9.3,0,0.0,0.0,0.0
2023-04-27 00:00:00-04:00,9.3,9.3,9.3,9.3,0,0.0,0.0,0.0
2023-04-28 00:00:00-04:00,9.3,9.3,9.3,9.3,0,0.0,0.0,0.0
2023-05-02 00:00:00-04:00,9.3,9.3,9.3,9.3,0,0.0,0.0,0.0
2023-05-03 00:00:00-04:00,9.3,9.3,9.3,9.3,0,0.0,0.0,0.0
2023-05-04 00:00:00-04:00,9.3,9.3,9.3,9.3,0,0.0,0.0,0.0
2023-05-05 00:00:00-04:00,9.3,9.3,9.3,9.3,0,0.0,0.0,0.0
2023-05-08 00:00:00-04:00,9.3,9.3,9.3,9.3,0,0.0,0.0,0.0
2023-05-09 00:00:00-04:00,9.3,9.3,9.3,9.3,0,0.0,0.0,0.0
2023-05-10 00:00:00-04:00,9.3,9.3,9.3,9.3,0,0.0,0.0,0.0
2023-05-11 00:00:00-04:00,9.3,9.3,9.3,9.3,0,0.0,0.0,0.0
2023-05-12 00:00:00-04:00,9.3,9.3,9.3,9.3,0,0.0,0.0,0.0
2023-05-15 00:00:00-04:00,9.3,9.3,9.3,9.3,0,0.0,0.0,0.0
2023-05-16 00:00:00-04:00,9.3,9.3,9.3,9.3,0,0.0,0.0,0.0
2023-05-17 00:00:00-04:00,9.3,9.3,9.3,9.3,0,0.0,0.0,0.0
2023-05-18 00:00:00-04:00,9.3,9.3,9.3,9.3,0,0.0,0.0,0.0
2023-05-19 00:00:00-04:00,9.3,9.3,9.3,9.3,0,0.0,0.0,0.0
2023-05-22 00:00:00-04:00,9.3,9.3,9.3,9.3,0,0.0,0.0,0.0
2023-05-23 00:00:00-04:00,9.3,9.3,9.3,9.3,0,0.0,0.0,0.0
2023-05-24 00:00:00-04:00,9.3,9.3,9.3,9.3,0,0.0,0.0,0.0
2023-05-25 00:00:00-04:00,9.3,9.3,9.3,9.3,0,0.0,0.0,0.0
2023-05-26 00:00:00-04:00,9.3,9.3,9.3,9.3,0,0.0,0.0,0.0
2023-05-30 00:00:00-04:00,9.3,9.3,9.3,9.3,0,0.0,0.0,0.0
2023-05-31 00:00:00-04:00,9.3,9.3,9.3,9.3,0,0.0,0.0,0.0
2023-06-01 00:00:00-04:00,9.3,9.3,9.3,9.3,0,0.0,0.0,0.0
2023-06-02 00:00:00-04:00,9.3,9.3,9.3,9.3,0,0.0,0.0,0.0
2023-06-05 00:00:00-04:00,9.3,9.3,9.3,9.3,0,0.0,0.0,0.0
2023-06-06 00:00:00-04:00,9.3,9.3,9.3,9.3,0,0.0,0.0,0.0
2023-06-07 00:00:00-04:00,9.3,9.3,9.3,9.3,0,0.0,0.0,0.0
2023-06-08 00:00:00-04:00,9.3,9.3,9.3,9.3,0,0.0,0.0,0.0
2023-06-09 00:00:00-04:00,9.3,9.3,9.3,9.3,0,0.0,0.0,0.0
2023-06-12 00:00:00-04:00,9.3,9.3,9.3,9.3,0,0.0,0.0,0.0
2023-06-13 00:00:00-04:00,9.3,9.3,9.3,9.3,0,0.0,0.0,0.0
2023-06-14 00:00:00-04:00,9.3,9.3,9.3,9.3,0,0.0,0.0,0.0
2023-06-15 00:00:00-04:00,9.3,9.3,9.3,9.3,0,0.0,0.0,0.0
2023-06-16 00:00:00-04:00,9.3,9.3,9.3,9.3,0,0.0,0.0,0.0
