Date,Open,High,Low,Close,Volume,Dividends,Stock Splits
2019-10-15 00:00:00+01:00,117.02,126.98,1.15,121.5,20746834,0.0,0.0
2019-10-16 00:00:00+01:00,123.0,123.0,122.0,122.8,4134574,0.0,0.0
2019-10-17 00:00:00+01:00,123.0,123.0,122.24,122.24,151711,0.0,0.0
2019-10-18 00:00:00+01:00,118.0,123.0,118.0,123.0,1287647,0.0,0.0
2019-10-21 00:00:00+01:00,123.02,124.98,121.0,122.7,1971639,0.0,0.0
2019-10-22 00:00:00+01:00,122.02,124.61,117.04,118.0,35186,0.0,0.0
2019-10-23 00:00:00+01:00,117.2,121.7,117.2,120.0,92497,0.0,0.0
2019-10-24 00:00:00+01:00,126.0,126.0,117.1,121.0,130438,0.0,0.0
2019-10-25 00:00:00+01:00,120.8,126.9,120.8,121.0,60794,0.0,0.0
2019-10-28 00:00:00+00:00,124.9,126.67,120.9,121.5,9191,0.0,0.0
2019-10-29 00:00:00+00:00,118.4,122.0,118.4,120.5,24055,0.0,0.0
2019-10-30 00:00:00+00:00,121.0,126.62,119.0,120.0,19815,0.0,0.0
2019-10-31 00:00:00+00:00,120.0,121.0,119.8,120.0,16330,0.0,0.0
2019-11-01 00:00:00+00:00,119.9,122.8,119.0,120.0,30701,0.0,0.0
2019-11-04 00:00:00+00:00,120.0,126.42,119.0,119.0,17959,0.0,0.0
2019-11-05 00:00:00+00:00,120.0,120.0,118.0,118.0,98651,0.0,0.0
2019-11-06 00:00:00+00:00,120.0,121.48,116.0,116.0,244839,0.0,0.0
2019-11-07 00:00:00+00:00,117.8,118.0,113.0,117.0,184079,0.0,0.0
2019-11-08 00:00:00+00:00,120.0,120.0,116.5,116.5,54408,0.0,0.0
2019-11-11 00:00:00+00:00,118.0,120.0,117.0,119.0,238634,0.0,0.0
2019-11-12 00:00:00+00:00,118.0,124.0,118.0,119.0,146298,0.0,0.0
2019-11-13 00:00:00+00:00,120.0,120.0,117.46,120.0,83194,0.0,0.0
2019-11-14 00:00:00+00:00,120.0,123.0,119.5,121.0,543152,0.0,0.0
2019-11-15 00:00:00+00:00,122.0,124.93,120.1,121.0,874368,0.0,0.0
2019-11-18 00:00:00+00:00,122.0,132.0,120.3,121.1,455208,0.0,0.0
2019-11-19 00:00:00+00:00,122.0,127.0,121.0,122.0,447059,0.0,0.0
2019-11-20 00:00:00+00:00,121.3,124.0,115.34,120.0,727682,0.0,0.0
2019-11-21 00:00:00+00:00,121.0,124.41,115.8,120.0,550452,0.0,0.0
2019-11-22 00:00:00+00:00,123.0,124.1,117.1,120.0,483818,0.0,0.0
2019-11-25 00:00:00+00:00,123.0,123.0,118.0,118.0,338779,0.0,0.0
2019-11-26 00:00:00+00:00,118.0,122.58,116.0,116.4,169633,0.0,0.0
2019-11-27 00:00:00+00:00,118.2,121.58,118.2,118.2,112160,0.0,0.0
2019-11-28 00:00:00+00:00,125.0,125.0,121.0,122.1,130273,0.0,0.0
2019-11-29 00:00:00+00:00,123.0,126.0,123.0,125.0,900227,0.0,0.0
2019-12-02 00:00:00+00:00,126.0,132.0,123.0,127.3,576283,0.0,0.0
2019-12-03 00:00:00+00:00,126.0,130.3,126.0,130.0,106537,0.0,0.0
2019-12-04 00:00:00+00:00,129.0,138.9,129.0,136.0,1388506,0.0,0.0
2019-12-05 00:00:00+00:00,134.0,140.12,133.2,138.0,682757,0.0,0.0
2019-12-06 00:00:00+00:00,138.0,139.5,129.8,136.0,176278,0.0,0.0
2019-12-09 00:00:00+00:00,136.0,138.0,130.0,137.0,433990,0.0,0.0
2019-12-10 00:00:00+00:00,138.0,138.0,134.6,137.5,215218,0.0,0.0
2019-12-11 00:00:00+00:00,136.0,141.5,131.8,138.3,233579,0.0,0.0
2019-12-12 00:00:00+00:00,134.9,143.0,131.9,140.0,1972956,0.0,0.0
2019-12-13 00:00:00+00:00,143.0,143.0,133.0,134.1,81453,0.0,0.0
2019-12-16 00:00:00+00:00,135.1,139.8,135.0,137.1,121169,0.0,0.0
2019-12-17 00:00:00+00:00,138.0,140.0,132.64,137.5,725087,0.0,0.0
2019-12-18 00:00:00+00:00,135.1,137.9,130.2,137.5,359561,0.0,0.0
2019-12-19 00:00:00+00:00,139.9,139.9,134.9,139.6,329347,0.0,0.0
2019-12-20 00:00:00+00:00,139.0,140.0,132.0,139.1,19287380,0.0,0.0
2019-12-23 00:00:00+00:00,140.1,145.6,136.0,141.0,480403,0.0,0.0
2019-12-24 00:00:00+00:00,136.1,144.736,135.8,142.0,67053,0.0,0.0
2019-12-27 00:00:00+00:00,142.0,154.9,142.0,153.6,827841,0.0,0.0
2019-12-30 00:00:00+00:00,155.0,155.0,148.1,153.5,469548,0.0,0.0
2019-12-31 00:00:00+00:00,153.6,160.1,149.2,158.0,492940,0.0,0.0
2020-01-02 00:00:00+00:00,150.0,159.8,147.0,149.3,481880,0.0,0.0
2020-01-03 00:00:00+00:00,151.0,153.4,148.1,150.0,253318,0.0,0.0
2020-01-06 00:00:00+00:00,152.0,152.0,144.7,144.7,112287,0.0,0.0
2020-01-07 00:00:00+00:00,145.0,152.8,145.0,152.8,1030370,0.0,0.0
2020-01-08 00:00:00+00:00,149.3,154.22,147.3,148.8,253094,0.0,0.0
2020-01-09 00:00:00+00:00,150.0,153.0,145.0,149.5,287066,0.0,0.0
2020-01-10 00:00:00+00:00,145.2,153.297,145.2,146.9,169800,0.0,0.0
2020-01-13 00:00:00+00:00,149.2,153.297,146.496,152.0,407597,0.0,0.0
2020-01-14 00:00:00+00:00,150.0,152.0,146.2,148.1,203459,0.0,0.0
2020-01-15 00:00:00+00:00,146.1,152.9,146.0,147.0,220680,0.0,0.0
2020-01-16 00:00:00+00:00,147.0,152.5,147.0,152.5,879978,0.0,0.0
2020-01-17 00:00:00+00:00,152.0,154.9,149.1,153.0,284613,0.0,0.0
2020-01-20 00:00:00+00:00,153.0,154.9,148.556,153.0,317548,0.0,0.0
2020-01-21 00:00:00+00:00,155.0,155.0,149.6,152.0,314661,0.0,0.0
2020-01-22 00:00:00+00:00,151.0,152.0,150.0,150.9,217000,0.0,0.0
2020-01-23 00:00:00+00:00,151.0,152.0,147.1,148.4,117528,0.0,0.0
2020-01-24 00:00:00+00:00,147.0,152.0,146.8,152.0,134844,0.0,0.0
2020-01-27 00:00:00+00:00,150.0,151.9,145.1,151.0,122029,0.0,0.0
2020-01-28 00:00:00+00:00,145.0,152.0,145.0,146.5,116128,0.0,0.0
2020-01-29 00:00:00+00:00,145.0,149.7,142.1,145.8,114321,0.0,0.0
2020-01-30 00:00:00+00:00,152.0,152.0,142.0,143.1,108803,0.0,0.0
2020-01-31 00:00:00+00:00,150.0,150.0,142.0,147.1,142809,0.0,0.0
2020-02-03 00:00:00+00:00,143.1,148.2,135.1,140.6,202160,0.0,0.0
2020-02-04 00:00:00+00:00,143.1,146.0,136.408,139.2,183141,0.0,0.0
2020-02-05 00:00:00+00:00,136.3,143.4,136.0,140.9,195059,0.0,0.0
2020-02-06 00:00:00+00:00,141.5,146.5,140.0,146.5,127971,0.0,0.0
2020-02-07 00:00:00+00:00,138.3,145.9,137.3,142.0,194028,0.0,0.0
2020-02-10 00:00:00+00:00,145.3,145.3,138.7,144.0,103108,0.0,0.0
2020-02-11 00:00:00+00:00,143.8,146.0,142.0,143.0,211649,0.0,0.0
2020-02-12 00:00:00+00:00,143.4,143.4,139.406,139.6,203706,0.0,0.0
2020-02-13 00:00:00+00:00,145.9,145.9,139.3,143.0,190214,0.0,0.0
2020-02-14 00:00:00+00:00,143.5,145.5,139.8,142.0,271301,0.0,0.0
2020-02-17 00:00:00+00:00,145.3,145.9,143.5,144.1,52653,0.0,0.0
2020-02-18 00:00:00+00:00,140.6,145.0,140.6,143.5,343018,0.0,0.0
2020-02-19 00:00:00+00:00,143.8,146.0,142.7,145.0,273064,0.0,0.0
2020-02-20 00:00:00+00:00,143.1,145.9,143.1,144.4,97743,0.0,0.0
2020-02-21 00:00:00+00:00,145.8,146.0,144.0,145.1,128993,0.0,0.0
2020-02-24 00:00:00+00:00,143.2,145.9,136.0,139.1,136898,0.0,0.0
2020-02-25 00:00:00+00:00,136.0,141.0,136.0,136.2,94165,0.0,0.0
2020-02-26 00:00:00+00:00,144.0,144.0,129.6,129.6,260156,0.0,0.0
2020-02-27 00:00:00+00:00,127.1,133.8,122.1,123.2,208895,0.0,0.0
2020-02-28 00:00:00+00:00,122.0,129.0,116.664,122.3,526542,0.0,0.0
2020-03-02 00:00:00+00:00,125.9,127.9,111.5,115.0,466305,0.0,0.0
2020-03-03 00:00:00+00:00,116.4,122.9,116.1,118.0,436206,0.0,0.0
2020-03-04 00:00:00+00:00,118.5,124.0,116.1,121.3,347401,0.0,0.0
2020-03-05 00:00:00+00:00,124.0,124.0,117.6,117.6,188609,0.0,0.0
2020-03-06 00:00:00+00:00,115.3,119.9,109.0,116.7,298138,0.0,0.0
2020-03-09 00:00:00+00:00,118.6,118.6,105.1,109.0,258838,0.0,0.0
2020-03-10 00:00:00+00:00,112.0,115.7,104.2,106.5,439701,0.0,0.0
2020-03-11 00:00:00+00:00,109.5,109.9,98.2,98.2,378426,0.0,0.0
2020-03-12 00:00:00+00:00,93.0,100.0,81.95,97.5,331911,0.0,0.0
2020-03-13 00:00:00+00:00,104.7,109.7,96.15,107.7,1101346,0.0,0.0
2020-03-16 00:00:00+00:00,100.9,109.4,96.1,106.5,3858374,0.0,0.0
2020-03-17 00:00:00+00:00,109.3,115.4,97.2,103.7,476662,0.0,0.0
2020-03-18 00:00:00+00:00,101.7,109.2,89.65,108.1,384905,0.0,0.0
2020-03-19 00:00:00+00:00,108.1,126.9,105.7,106.4,630701,0.0,0.0
2020-03-20 00:00:00+00:00,111.6,122.3,96.55,116.9,932017,0.0,0.0
2020-03-23 00:00:00+00:00,110.0,125.0,105.5,123.5,157571,0.0,0.0
2020-03-24 00:00:00+00:00,130.5,132.9,116.5,130.7,309957,0.0,0.0
2020-03-25 00:00:00+00:00,136.1,136.1,122.1,124.6,195584,0.0,0.0
2020-03-26 00:00:00+00:00,120.8,131.375,115.2,122.2,158840,0.0,0.0
2020-03-27 00:00:00+00:00,116.7,128.75,116.0,124.3,212138,0.0,0.0
2020-03-30 00:00:00+01:00,119.5,128.75,106.2,125.8,260989,0.0,0.0
2020-03-31 00:00:00+01:00,127.0,139.9,113.98,138.5,247382,0.0,0.0
2020-04-01 00:00:00+01:00,133.0,141.6,122.8,125.4,402632,0.0,0.0
2020-04-02 00:00:00+01:00,128.6,136.6,121.4,127.4,108194,0.0,0.0
2020-04-03 00:00:00+01:00,136.8,136.8,120.2,122.0,152434,0.0,0.0
2020-04-06 00:00:00+01:00,116.0,134.4,114.0,131.8,191764,0.0,0.0
2020-04-07 00:00:00+01:00,139.6,139.6,120.4,124.2,311082,0.0,0.0
2020-04-08 00:00:00+01:00,120.4,136.2,120.4,133.0,167322,0.0,0.0
2020-04-09 00:00:00+01:00,134.0,139.6,122.8,139.6,158498,0.0,0.0
2020-04-14 00:00:00+01:00,130.6,139.6,129.2,131.0,94799,0.0,0.0
2020-04-15 00:00:00+01:00,130.4,136.4,119.6,127.6,129030,0.0,0.0
2020-04-16 00:00:00+01:00,130.4,134.6,121.4,124.0,149201,0.0,0.0
2020-04-17 00:00:00+01:00,121.2,132.2,120.2,130.2,124062,0.0,0.0
2020-04-20 00:00:00+01:00,132.6,133.0,122.2,125.4,170378,0.0,0.0
2020-04-21 00:00:00+01:00,119.2,131.2,118.8,120.6,156621,0.0,0.0
2020-04-22 00:00:00+01:00,119.2,133.4,119.2,129.8,227419,0.0,0.0
2020-04-23 00:00:00+01:00,130.8,130.99,118.4,121.4,309680,0.0,0.0
2020-04-24 00:00:00+01:00,125.0,127.2,120.2,125.0,610081,0.0,0.0
2020-04-27 00:00:00+01:00,133.8,137.78,123.28,128.4,78315,0.0,0.0
2020-04-28 00:00:00+01:00,129.0,136.07,120.0,130.0,159718,0.0,0.0
2020-04-29 00:00:00+01:00,122.0,134.8,122.0,130.0,235543,0.0,0.0
2020-04-30 00:00:00+01:00,135.0,138.2,124.4,125.2,327311,0.0,0.0
2020-05-01 00:00:00+01:00,123.0,132.2,122.56,127.4,61489,0.0,0.0
2020-05-04 00:00:00+01:00,120.8,129.8,120.2,129.0,83502,0.0,0.0
2020-05-05 00:00:00+01:00,124.2,131.8,122.2,125.6,61461,0.0,0.0
2020-05-06 00:00:00+01:00,125.6,132.0,121.8,125.8,92582,0.0,0.0
2020-05-07 00:00:00+01:00,131.0,136.798,123.0,126.6,101921,0.0,0.0
2020-05-11 00:00:00+01:00,129.6,132.0,122.6,131.6,245047,0.0,0.0
2020-05-12 00:00:00+01:00,123.4,136.4,123.4,127.0,73975,0.0,0.0
2020-05-13 00:00:00+01:00,125.4,133.4,121.0,129.0,413109,0.0,0.0
2020-05-14 00:00:00+01:00,134.8,136.6,123.0,124.2,247901,0.0,0.0
2020-05-15 00:00:00+01:00,130.6,130.6,120.2,125.6,312422,0.0,0.0
2020-05-18 00:00:00+01:00,132.2,137.4,120.0,127.0,176295,0.0,0.0
2020-05-19 00:00:00+01:00,128.2,134.6,124.2,128.0,180317,0.0,0.0
2020-05-20 00:00:00+01:00,129.8,132.2,121.415,130.4,131406,0.0,0.0
2020-05-21 00:00:00+01:00,127.2,136.4,126.2,129.0,113449,0.0,0.0
2020-05-22 00:00:00+01:00,127.2,138.0,124.6,136.8,245998,0.0,0.0
2020-05-26 00:00:00+01:00,143.6,170.0,143.4,165.0,1142865,0.0,0.0
2020-05-27 00:00:00+01:00,170.0,179.0,159.0,174.0,607015,0.0,0.0
2020-05-28 00:00:00+01:00,176.6,176.6,160.2,166.2,231014,0.0,0.0
2020-05-29 00:00:00+01:00,168.0,168.0,148.8,150.2,855993,0.0,0.0
2020-06-01 00:00:00+01:00,153.8,178.8,150.6,155.6,127316,0.0,0.0
2020-06-02 00:00:00+01:00,157.4,167.8,154.4,163.8,232101,0.0,0.0
2020-06-03 00:00:00+01:00,159.4,164.8,157.6,161.8,283003,0.0,0.0
2020-06-04 00:00:00+01:00,162.0,180.0,162.0,178.0,743060,0.0,0.0
2020-06-05 00:00:00+01:00,178.4,197.0,174.2,188.0,456607,0.0,0.0
2020-06-08 00:00:00+01:00,190.0,223.846,189.0,196.6,731160,0.0,0.0
2020-06-09 00:00:00+01:00,196.6,205.068,172.6,190.0,586863,0.0,0.0
2020-06-10 00:00:00+01:00,185.6,205.0,185.6,205.0,1125591,0.0,0.0
2020-06-11 00:00:00+01:00,193.2,207.5,184.0,184.0,269108,0.0,0.0
2020-06-12 00:00:00+01:00,170.0,172.793,150.18,160.0,6370411,0.0,0.0
2020-06-15 00:00:00+01:00,160.0,200.402,150.18,175.0,2191297,0.0,0.0
2020-06-16 00:00:00+01:00,175.0,190.56,174.772,179.0,2060333,0.0,0.0
2020-06-17 00:00:00+01:00,179.0,192.4,179.0,180.0,1419436,0.0,0.0
2020-06-18 00:00:00+01:00,177.8,177.8,160.6,162.0,1299108,0.0,0.0
2020-06-19 00:00:00+01:00,167.6,167.6,161.0,163.0,17189978,0.0,0.0
2020-06-22 00:00:00+01:00,169.0,170.0,163.2,163.2,768423,0.0,0.0
2020-06-23 00:00:00+01:00,165.4,168.2,163.4,163.8,767873,0.0,0.0
2020-06-24 00:00:00+01:00,164.0,165.0,155.0,156.0,851468,0.0,0.0
2020-06-25 00:00:00+01:00,159.2,160.0,151.2,153.0,477989,0.0,0.0
2020-06-26 00:00:00+01:00,156.6,156.6,150.2,152.2,383109,0.0,0.0
2020-06-29 00:00:00+01:00,151.8,154.8,148.2,153.2,533607,0.0,0.0
2020-06-30 00:00:00+01:00,158.2,158.2,147.0,148.6,575543,0.0,0.0
2020-07-01 00:00:00+01:00,156.4,156.4,149.0,150.0,724045,0.0,0.0
2020-07-02 00:00:00+01:00,157.0,157.0,148.095,149.6,326750,0.0,0.0
2020-07-03 00:00:00+01:00,155.0,155.0,147.0,151.0,372605,0.0,0.0
2020-07-06 00:00:00+01:00,152.0,154.0,148.19,152.0,421304,0.0,0.0
2020-07-07 00:00:00+01:00,158.6,158.6,145.6,148.8,298737,0.0,0.0
2020-07-08 00:00:00+01:00,149.0,150.993,145.2,147.4,366416,0.0,0.0
2020-07-09 00:00:00+01:00,148.4,150.4,145.4,149.8,539891,0.0,0.0
2020-07-10 00:00:00+01:00,148.2,151.6,148.0,150.0,755549,0.0,0.0
2020-07-13 00:00:00+01:00,152.2,154.6,149.4,150.2,325208,0.0,0.0
2020-07-14 00:00:00+01:00,149.6,152.2,149.4,150.0,452650,0.0,0.0
2020-07-15 00:00:00+01:00,152.4,152.4,146.8,148.0,414243,0.0,0.0
2020-07-16 00:00:00+01:00,150.0,150.8,141.6,149.0,821182,0.0,0.0
2020-07-17 00:00:00+01:00,151.6,153.0,147.2,150.0,735287,0.0,0.0
2020-07-20 00:00:00+01:00,149.0,150.4,145.2,147.4,497025,0.0,0.0
2020-07-21 00:00:00+01:00,151.8,151.8,145.2,146.4,198330,0.0,0.0
2020-07-22 00:00:00+01:00,149.0,149.0,144.2,144.2,284070,0.0,0.0
2020-07-23 00:00:00+01:00,141.8,147.8,140.0,146.8,3212669,0.0,0.0
2020-07-24 00:00:00+01:00,144.0,156.2,144.0,152.0,497770,0.0,0.0
2020-07-27 00:00:00+01:00,150.2,163.4,150.2,160.0,754415,0.0,0.0
2020-07-28 00:00:00+01:00,165.6,165.6,158.2,160.0,604315,0.0,0.0
2020-07-29 00:00:00+01:00,156.8,165.0,156.8,160.0,191020,0.0,0.0
2020-07-30 00:00:00+01:00,160.6,164.6,157.0,160.0,445583,0.0,0.0
2020-07-31 00:00:00+01:00,155.0,161.2,155.0,156.0,267622,0.0,0.0
2020-08-03 00:00:00+01:00,157.0,160.0,151.024,157.8,737004,0.0,0.0
2020-08-04 00:00:00+01:00,160.0,163.4,158.0,159.2,297975,0.0,0.0
2020-08-05 00:00:00+01:00,165.0,165.0,158.8,162.0,403204,0.0,0.0
2020-08-06 00:00:00+01:00,158.8,164.162,158.0,160.2,189917,0.0,0.0
2020-08-07 00:00:00+01:00,159.6,168.6,159.6,165.0,319751,0.0,0.0
2020-08-10 00:00:00+01:00,164.2,174.4,164.2,170.0,201249,0.0,0.0
2020-08-11 00:00:00+01:00,168.4,171.6,166.0,167.0,227017,0.0,0.0
2020-08-12 00:00:00+01:00,169.8,177.8,163.462,177.8,729798,0.0,0.0
2020-08-13 00:00:00+01:00,179.0,183.2,160.0,162.2,708375,0.0,0.0
2020-08-14 00:00:00+01:00,171.8,171.8,150.105,158.0,8476073,0.0,0.0
2020-08-17 00:00:00+01:00,165.6,165.6,154.2,155.2,383011,0.0,0.0
2020-08-18 00:00:00+01:00,155.2,158.4,150.0,156.0,337647,0.0,0.0
2020-08-19 00:00:00+01:00,155.0,159.8,155.0,157.0,452958,0.0,0.0
2020-08-20 00:00:00+01:00,162.4,162.4,153.0,153.0,695463,0.0,0.0
2020-08-21 00:00:00+01:00,151.4,154.6,150.0,152.6,470054,0.0,0.0
2020-08-24 00:00:00+01:00,154.4,155.0,150.026,154.6,219179,0.0,0.0
2020-08-25 00:00:00+01:00,155.0,159.8,150.0,150.0,1252467,0.0,0.0
2020-08-26 00:00:00+01:00,150.0,156.8,150.0,153.6,457619,0.0,0.0
2020-08-27 00:00:00+01:00,156.0,156.2,150.0,152.0,181250,0.0,0.0
2020-08-28 00:00:00+01:00,156.0,156.0,150.2,153.0,307315,0.0,0.0
2020-09-01 00:00:00+01:00,160.2,160.6,154.2,159.0,1099605,0.0,0.0
2020-09-02 00:00:00+01:00,160.0,164.0,155.0,159.0,522959,0.0,0.0
2020-09-03 00:00:00+01:00,160.0,165.0,158.2,158.6,721700,0.0,0.0
2020-09-04 00:00:00+01:00,166.6,166.6,150.4,150.8,300617,0.0,0.0
2020-09-07 00:00:00+01:00,152.2,160.0,150.0,158.0,499693,0.0,0.0
2020-09-08 00:00:00+01:00,156.0,157.0,152.4,155.6,2221398,0.0,0.0
2020-09-09 00:00:00+01:00,150.2,159.6,150.2,156.0,537948,0.0,0.0
2020-09-10 00:00:00+01:00,159.0,162.4,153.8,160.6,1040957,0.0,0.0
2020-09-11 00:00:00+01:00,159.0,166.6,158.4,162.4,1287624,0.0,0.0
2020-09-14 00:00:00+01:00,154.4,164.6,154.2,162.8,1651185,0.0,0.0
2020-09-15 00:00:00+01:00,155.0,170.0,155.0,167.4,1053094,0.0,0.0
2020-09-16 00:00:00+01:00,162.6,169.0,161.4,162.4,443404,0.0,0.0
2020-09-17 00:00:00+01:00,161.2,164.2,157.0,161.2,210376,0.0,0.0
2020-09-18 00:00:00+01:00,168.8,170.0,160.2,167.6,3312498,0.0,0.0
2020-09-21 00:00:00+01:00,165.0,165.0,159.2,159.8,286368,0.0,0.0
2020-09-22 00:00:00+01:00,159.2,161.2,154.2,158.6,351619,0.0,0.0
2020-09-23 00:00:00+01:00,166.8,168.2,156.0,157.2,314127,0.0,0.0
2020-09-24 00:00:00+01:00,159.0,162.0,155.2,159.0,740935,0.0,0.0
2020-09-25 00:00:00+01:00,167.2,167.2,155.2,159.0,309142,0.0,0.0
2020-09-28 00:00:00+01:00,161.6,165.6,157.6,159.2,144496,0.0,0.0
2020-09-29 00:00:00+01:00,158.4,159.4,153.0,153.0,280500,0.0,0.0
2020-09-30 00:00:00+01:00,153.0,157.8,151.4,156.6,366792,0.0,0.0
2020-10-01 00:00:00+01:00,159.8,159.8,150.6,152.4,195237,0.0,0.0
2020-10-02 00:00:00+01:00,152.4,155.376,149.072,151.4,340480,0.0,0.0
2020-10-05 00:00:00+01:00,155.8,156.2,149.6,149.6,138275,0.0,0.0
2020-10-06 00:00:00+01:00,157.0,157.0,147.4,155.8,436229,0.0,0.0
2020-10-07 00:00:00+01:00,159.0,159.0,148.2,148.8,451786,0.0,0.0
2020-10-08 00:00:00+01:00,157.2,157.2,147.4,153.8,326933,0.0,0.0
2020-10-09 00:00:00+01:00,154.8,157.8,151.6,155.8,2228422,0.0,0.0
2020-10-12 00:00:00+01:00,151.8,159.8,151.8,158.2,301532,0.0,0.0
2020-10-13 00:00:00+01:00,151.4,159.0,151.4,152.0,251797,0.0,0.0
2020-10-14 00:00:00+01:00,155.0,158.59,153.0,156.4,239521,0.0,0.0
2020-10-15 00:00:00+01:00,155.0,158.4,152.0,155.6,300611,0.0,0.0
2020-10-16 00:00:00+01:00,159.8,161.2,154.0,160.6,1109104,0.0,0.0
2020-10-19 00:00:00+01:00,159.4,161.2,159.0,161.2,1500720,0.0,0.0
2020-10-20 00:00:00+01:00,162.6,164.6,160.2,160.2,187414,0.0,0.0
2020-10-21 00:00:00+01:00,162.0,163.0,157.6,159.0,125073,0.0,0.0
2020-10-22 00:00:00+01:00,160.0,163.8,158.6,162.8,227958,0.0,0.0
2020-10-23 00:00:00+01:00,165.0,167.0,161.2,165.0,287334,0.0,0.0
2020-10-26 00:00:00+00:00,162.8,169.2,158.037,165.2,802899,0.0,0.0
2020-10-27 00:00:00+00:00,157.2,171.2,157.2,167.8,462647,0.0,0.0
2020-10-28 00:00:00+00:00,164.8,167.6,159.8,164.0,449163,0.0,0.0
2020-10-29 00:00:00+00:00,168.8,171.8,157.6,160.2,1271146,0.0,0.0
2020-10-30 00:00:00+00:00,160.0,164.0,155.6,161.2,500150,0.0,0.0
2020-11-02 00:00:00+00:00,169.2,169.2,158.8,164.4,369402,0.0,0.0
2020-11-03 00:00:00+00:00,168.6,169.2,159.2,168.8,1136652,0.0,0.0
2020-11-04 00:00:00+00:00,168.0,171.6,166.2,170.0,787879,0.0,0.0
2020-11-05 00:00:00+00:00,173.8,175.0,169.0,169.0,417295,0.0,0.0
2020-11-06 00:00:00+00:00,175.6,175.6,167.2,173.0,1450453,0.0,0.0
2020-11-09 00:00:00+00:00,173.6,177.2,166.6,176.0,514365,0.0,0.0
2020-11-10 00:00:00+00:00,177.6,177.6,165.0,167.0,396016,0.0,0.0
2020-11-11 00:00:00+00:00,175.0,176.6,163.523,175.0,863725,0.0,0.0
2020-11-12 00:00:00+00:00,178.4,184.4,173.6,180.8,1761517,0.0,0.0
2020-11-13 00:00:00+00:00,175.2,185.4,175.2,181.6,471310,0.0,0.0
2020-11-16 00:00:00+00:00,187.0,188.0,176.4,177.0,563364,0.0,0.0
2020-11-17 00:00:00+00:00,178.0,178.6,168.2,176.2,687681,0.0,0.0
2020-11-18 00:00:00+00:00,177.0,177.0,174.0,177.0,372157,0.0,0.0
2020-11-19 00:00:00+00:00,175.6,176.395,173.6,175.4,636686,0.0,0.0
2020-11-20 00:00:00+00:00,155.0,160.0,151.4,156.0,7132275,0.0,0.0
2020-11-23 00:00:00+00:00,162.0,162.0,155.8,155.8,1012512,0.0,0.0
2020-11-24 00:00:00+00:00,158.0,158.0,152.4,155.0,5940960,0.0,0.0
2020-11-25 00:00:00+00:00,157.4,157.4,150.2,150.4,1044503,0.0,0.0
2020-11-26 00:00:00+00:00,155.0,155.0,146.6,147.0,768197,0.0,0.0
2020-11-27 00:00:00+00:00,150.0,150.2,146.0,150.2,1275437,0.0,0.0
2020-11-30 00:00:00+00:00,153.4,153.4,146.6,146.6,1012195,0.0,0.0
2020-12-01 00:00:00+00:00,149.6,149.6,140.8,141.2,1699015,0.0,0.0
2020-12-02 00:00:00+00:00,142.6,146.4,140.0,145.4,1621806,0.0,0.0
2020-12-03 00:00:00+00:00,148.8,151.8,144.442,151.8,1015597,0.0,0.0
2020-12-04 00:00:00+00:00,152.0,152.0,149.6,151.4,5346796,0.0,0.0
2020-12-07 00:00:00+00:00,154.8,155.4,144.2,144.8,2501045,0.0,0.0
2020-12-08 00:00:00+00:00,145.2,147.257,143.0,143.8,767908,0.0,0.0
2020-12-09 00:00:00+00:00,150.4,150.8,141.4,142.0,690491,0.0,0.0
2020-12-10 00:00:00+00:00,143.8,146.0,141.6,142.4,584759,0.0,0.0
2020-12-11 00:00:00+00:00,142.0,144.782,137.8,139.0,2194451,0.0,0.0
2020-12-14 00:00:00+00:00,145.2,145.2,136.4,137.2,1180983,0.0,0.0
2020-12-15 00:00:00+00:00,141.0,144.2,137.4,143.6,2397757,0.0,0.0
2020-12-16 00:00:00+00:00,143.6,146.0,140.2,141.4,1851768,0.0,0.0
2020-12-17 00:00:00+00:00,145.0,145.0,140.2,142.8,3003693,0.0,0.0
2020-12-18 00:00:00+00:00,145.8,149.0,142.0,149.0,5462809,0.0,0.0
2020-12-21 00:00:00+00:00,147.8,149.0,141.8,144.6,811212,0.0,0.0
2020-12-22 00:00:00+00:00,145.0,145.4,142.0,144.8,739481,0.0,0.0
2020-12-23 00:00:00+00:00,144.8,148.4,143.4,147.8,750871,0.0,0.0
2020-12-24 00:00:00+00:00,149.2,154.2,149.0,151.0,286259,0.0,0.0
2020-12-29 00:00:00+00:00,153.0,155.4,151.0,151.0,2159034,0.0,0.0
2020-12-30 00:00:00+00:00,154.0,154.0,147.2,150.0,753579,0.0,0.0
2020-12-31 00:00:00+00:00,155.0,155.0,150.8,153.0,451474,0.0,0.0
2021-01-04 00:00:00+00:00,155.2,159.2,154.4,156.4,710842,0.0,0.0
2021-01-05 00:00:00+00:00,155.4,158.6,152.49,158.4,1413311,0.0,0.0
2021-01-06 00:00:00+00:00,159.0,159.0,154.8,154.8,1474071,0.0,0.0
2021-01-07 00:00:00+00:00,157.2,157.2,150.2,150.4,573754,0.0,0.0
2021-01-08 00:00:00+00:00,156.8,156.8,150.6,152.4,1816702,0.0,0.0
2021-01-11 00:00:00+00:00,154.8,155.6,153.0,154.8,2551986,0.0,0.0
2021-01-12 00:00:00+00:00,155.0,156.8,153.4,154.6,1027634,0.0,0.0
2021-01-13 00:00:00+00:00,154.8,158.0,152.6,155.2,696337,0.0,0.0
2021-01-14 00:00:00+00:00,155.2,158.0,152.2,153.2,753246,0.0,0.0
2021-01-15 00:00:00+00:00,157.0,157.0,147.2,147.2,756993,0.0,0.0
2021-01-18 00:00:00+00:00,146.8,154.07,144.8,145.0,545486,0.0,0.0
2021-01-19 00:00:00+00:00,152.0,153.0,144.2,146.0,588279,0.0,0.0
2021-01-20 00:00:00+00:00,146.0,151.8,144.8,150.4,925184,0.0,0.0
2021-01-21 00:00:00+00:00,151.2,154.0,150.0,152.2,1027753,0.0,0.0
2021-01-22 00:00:00+00:00,150.2,154.0,150.0,153.4,1420372,0.0,0.0
2021-01-25 00:00:00+00:00,156.0,157.4,153.4,156.6,992953,0.0,0.0
2021-01-26 00:00:00+00:00,155.0,160.8,154.0,156.8,764849,0.0,0.0
2021-01-27 00:00:00+00:00,156.4,159.8,151.6,155.4,411597,0.0,0.0
2021-01-28 00:00:00+00:00,150.0,158.2,150.0,156.4,611835,0.0,0.0
2021-01-29 00:00:00+00:00,152.2,160.0,152.2,159.6,726501,0.0,0.0
2021-02-01 00:00:00+00:00,159.6,163.8,157.2,163.8,1706113,0.0,0.0
2021-02-02 00:00:00+00:00,167.0,171.6,164.2,171.6,1631701,0.0,0.0
2021-02-03 00:00:00+00:00,172.8,173.8,169.8,173.8,1076908,0.0,0.0
2021-02-04 00:00:00+00:00,175.0,175.0,168.4,169.4,1414666,0.0,0.0
2021-02-05 00:00:00+00:00,168.0,172.0,168.0,172.0,931074,0.0,0.0
2021-02-08 00:00:00+00:00,175.0,175.0,169.4,171.2,363431,0.0,0.0
2021-02-09 00:00:00+00:00,162.6,172.8,162.6,170.4,733218,0.0,0.0
2021-02-10 00:00:00+00:00,175.0,175.0,164.8,169.4,509484,0.0,0.0
2021-02-11 00:00:00+00:00,169.4,172.4,166.0,172.0,331299,0.0,0.0
2021-02-12 00:00:00+00:00,170.0,171.38,168.6,170.0,513989,0.0,0.0
2021-02-15 00:00:00+00:00,174.4,175.0,169.8,171.0,364795,0.0,0.0
2021-02-16 00:00:00+00:00,172.4,174.6,170.0,172.2,370953,0.0,0.0
2021-02-17 00:00:00+00:00,165.2,171.6,165.2,168.0,403266,0.0,0.0
2021-02-18 00:00:00+00:00,175.0,175.0,169.6,170.0,313591,0.0,0.0
2021-02-19 00:00:00+00:00,175.0,175.0,167.2,167.2,740442,0.0,0.0
2021-02-22 00:00:00+00:00,168.0,168.2,161.4,165.0,939671,0.0,0.0
2021-02-23 00:00:00+00:00,168.0,168.0,160.8,163.4,697421,0.0,0.0
2021-02-24 00:00:00+00:00,160.4,167.079,160.4,162.0,932918,0.0,0.0
2021-02-25 00:00:00+00:00,163.6,163.8,160.8,163.8,752070,0.0,0.0
2021-02-26 00:00:00+00:00,160.4,165.6,160.4,161.6,724208,0.0,0.0
2021-03-01 00:00:00+00:00,163.4,166.6,161.4,162.4,1061612,0.0,0.0
2021-03-02 00:00:00+00:00,166.2,167.2,163.2,164.0,370202,0.0,0.0
2021-03-03 00:00:00+00:00,165.0,167.0,164.2,165.6,647941,0.0,0.0
2021-03-04 00:00:00+00:00,169.4,169.4,164.0,165.0,535433,0.0,0.0
2021-03-05 00:00:00+00:00,169.4,169.4,161.4,162.2,376444,0.0,0.0
2021-03-08 00:00:00+00:00,166.0,166.4,159.4,165.0,391230,0.0,0.0
2021-03-09 00:00:00+00:00,169.0,169.0,157.9,167.6,285041,0.0,0.0
2021-03-10 00:00:00+00:00,158.8,171.2,158.8,168.0,602724,0.0,0.0
2021-03-11 00:00:00+00:00,157.0,160.113,148.168,158.0,9837406,0.0,0.0
2021-03-12 00:00:00+00:00,160.0,162.488,153.184,156.8,1731969,0.0,0.0
2021-03-15 00:00:00+00:00,164.0,164.0,152.0,154.8,1571287,0.0,0.0
2021-03-16 00:00:00+00:00,155.0,157.8,152.8,152.8,772692,0.0,0.0
2021-03-17 00:00:00+00:00,150.8,157.2,150.8,157.2,689395,0.0,0.0
2021-03-18 00:00:00+00:00,162.8,162.8,150.8,154.0,969889,0.0,0.0
2021-03-19 00:00:00+00:00,160.0,160.0,152.2,153.0,3844995,0.0,0.0
2021-03-22 00:00:00+00:00,160.8,160.8,155.2,159.0,1311343,0.0,0.0
2021-03-23 00:00:00+00:00,164.6,166.4,158.964,166.4,2388502,0.0,0.0
2021-03-24 00:00:00+00:00,163.0,170.0,162.168,164.4,5098547,0.0,0.0
2021-03-25 00:00:00+00:00,167.6,168.97,160.4,161.0,444828,0.0,0.0
2021-03-26 00:00:00+00:00,165.8,165.8,158.0,159.0,706524,0.0,0.0
2021-03-29 00:00:00+01:00,164.6,166.4,159.0,166.4,410417,0.0,0.0
2021-03-30 00:00:00+01:00,169.2,170.0,166.2,169.4,702105,0.0,0.0
2021-03-31 00:00:00+01:00,172.0,172.0,167.0,169.0,849570,0.0,0.0
2021-04-01 00:00:00+01:00,167.0,171.0,167.0,169.0,997587,0.0,0.0
2021-04-06 00:00:00+01:00,173.2,173.2,167.4,168.0,756964,0.0,0.0
2021-04-07 00:00:00+01:00,172.8,172.8,168.2,169.0,756153,0.0,0.0
2021-04-08 00:00:00+01:00,170.0,172.0,166.6,170.8,724079,0.0,0.0
2021-04-09 00:00:00+01:00,171.8,174.2,168.8,174.0,3190079,0.0,0.0
2021-04-12 00:00:00+01:00,172.6,173.6,170.0,171.0,547792,0.0,0.0
2021-04-13 00:00:00+01:00,169.6,171.2,167.8,171.2,437952,0.0,0.0
2021-04-14 00:00:00+01:00,173.0,173.0,153.0,166.6,570701,0.0,0.0
2021-04-15 00:00:00+01:00,173.4,174.0,166.0,169.4,482498,0.0,0.0
2021-04-16 00:00:00+01:00,172.2,173.19,170.0,171.8,618802,0.0,0.0
2021-04-19 00:00:00+01:00,172.8,173.8,171.6,173.2,668914,0.0,0.0
2021-04-20 00:00:00+01:00,173.4,175.2,167.6,168.0,779538,0.0,0.0
2021-04-21 00:00:00+01:00,167.6,171.0,164.0,165.0,583433,0.0,0.0
2021-04-22 00:00:00+01:00,172.8,172.8,163.6,171.6,460320,0.0,0.0
2021-04-23 00:00:00+01:00,173.2,175.052,171.0,174.4,2564795,0.0,0.0
2021-04-26 00:00:00+01:00,175.0,176.53,173.2,175.0,359456,0.0,0.0
2021-04-27 00:00:00+01:00,175.0,176.8,174.0,174.0,411179,0.0,0.0
2021-04-28 00:00:00+01:00,170.0,175.8,170.0,171.0,422984,0.0,0.0
2021-04-29 00:00:00+01:00,171.0,174.8,169.0,174.6,990623,0.0,0.0
2021-04-30 00:00:00+01:00,179.4,179.4,171.2,171.2,1569629,0.0,0.0
2021-05-04 00:00:00+01:00,174.6,175.6,168.8,168.8,1137944,0.0,0.0
2021-05-05 00:00:00+01:00,166.0,169.8,166.0,169.8,464420,0.0,0.0
2021-05-06 00:00:00+01:00,176.0,176.0,168.2,172.4,578699,0.0,0.0
2021-05-07 00:00:00+01:00,167.0,174.6,167.0,172.0,1011923,0.0,0.0
2021-05-10 00:00:00+01:00,168.0,173.6,168.0,170.0,1562141,0.0,0.0
2021-05-11 00:00:00+01:00,172.8,172.8,165.2,171.0,1112110,0.0,0.0
2021-05-12 00:00:00+01:00,171.6,171.6,167.8,169.6,1152423,0.0,0.0
2021-05-13 00:00:00+01:00,168.2,169.6,166.4,166.4,537869,0.0,0.0
2021-05-14 00:00:00+01:00,166.4,166.8,163.6,164.4,531618,0.0,0.0
2021-05-17 00:00:00+01:00,166.6,168.08,156.8,163.6,613956,0.0,0.0
2021-05-18 00:00:00+01:00,172.4,172.4,162.6,170.0,794461,0.0,0.0
2021-05-19 00:00:00+01:00,168.4,171.6,166.6,169.4,542290,0.0,0.0
2021-05-20 00:00:00+01:00,173.8,173.8,155.6,162.0,968861,0.0,0.0
2021-05-21 00:00:00+01:00,157.6,166.8,156.4,163.6,613450,0.0,0.0
2021-05-24 00:00:00+01:00,171.6,171.6,159.4,159.4,370399,0.0,0.0
2021-05-25 00:00:00+01:00,168.0,168.0,158.6,160.0,456284,0.0,0.0
2021-05-26 00:00:00+01:00,168.4,168.4,159.6,162.0,989499,0.0,0.0
2021-05-27 00:00:00+01:00,169.0,169.0,161.6,165.8,1095072,0.0,0.0
2021-05-28 00:00:00+01:00,163.4,168.4,163.4,167.0,723290,0.0,0.0
2021-06-01 00:00:00+01:00,170.2,171.8,168.4,171.0,665505,0.0,0.0
2021-06-02 00:00:00+01:00,170.8,178.6,170.8,178.0,1681651,0.0,0.0
2021-06-03 00:00:00+01:00,175.0,180.4,175.0,175.0,993267,0.0,0.0
2021-06-04 00:00:00+01:00,177.8,180.0,174.6,178.2,694623,0.0,0.0
2021-06-07 00:00:00+01:00,180.0,183.2,175.8,179.0,687634,0.0,0.0
2021-06-08 00:00:00+01:00,182.6,182.6,173.4,173.8,276626,0.0,0.0
2021-06-09 00:00:00+01:00,170.0,175.4,170.0,175.4,609577,0.0,0.0
2021-06-10 00:00:00+01:00,176.8,177.8,173.0,173.0,438618,0.0,0.0
2021-06-11 00:00:00+01:00,180.0,180.0,172.0,174.0,223000,0.0,0.0
2021-06-14 00:00:00+01:00,173.2,174.8,171.2,173.8,368233,0.0,0.0
2021-06-15 00:00:00+01:00,177.0,177.0,171.4,172.2,644690,0.0,0.0
2021-06-16 00:00:00+01:00,164.0,166.6,163.0,166.0,4354803,0.0,0.0
2021-06-17 00:00:00+01:00,166.4,170.0,163.0,170.0,5890532,0.0,0.0
2021-06-18 00:00:00+01:00,173.0,173.0,166.8,169.8,1647019,0.0,0.0
2021-06-21 00:00:00+01:00,163.4,167.697,162.8,167.2,1212210,0.0,0.0
2021-06-22 00:00:00+01:00,166.6,168.2,164.0,165.4,1631269,0.0,0.0
2021-06-23 00:00:00+01:00,167.8,167.8,162.4,162.4,761016,0.0,0.0
2021-06-24 00:00:00+01:00,162.0,164.4,159.8,163.0,1033323,0.0,0.0
2021-06-25 00:00:00+01:00,168.6,168.6,161.4,166.4,340762,0.0,0.0
2021-06-28 00:00:00+01:00,166.8,166.8,164.0,164.4,307941,0.0,0.0
2021-06-29 00:00:00+01:00,163.0,167.8,163.0,167.2,769563,0.0,0.0
2021-06-30 00:00:00+01:00,168.4,168.4,162.8,163.0,896347,0.0,0.0
2021-07-01 00:00:00+01:00,165.6,167.787,163.4,167.6,1067279,0.0,0.0
2021-07-02 00:00:00+01:00,167.6,169.4,166.2,166.2,505151,0.0,0.0
2021-07-05 00:00:00+01:00,166.4,167.8,163.505,164.6,743726,0.0,0.0
2021-07-06 00:00:00+01:00,168.0,168.0,163.948,166.0,1464499,0.0,0.0
2021-07-07 00:00:00+01:00,169.6,169.6,164.8,164.8,917346,0.0,0.0
2021-07-08 00:00:00+01:00,164.4,166.0,163.4,165.0,679207,0.0,0.0
2021-07-09 00:00:00+01:00,163.0,166.4,162.4,163.2,1156670,0.0,0.0
2021-07-12 00:00:00+01:00,167.2,167.2,157.4,159.4,1482181,0.0,0.0
2021-07-13 00:00:00+01:00,162.8,162.8,157.6,160.2,1071721,0.0,0.0
2021-07-14 00:00:00+01:00,160.0,164.8,158.6,164.8,3082994,0.0,0.0
2021-07-15 00:00:00+01:00,165.2,166.8,162.4,164.2,2504100,0.0,0.0
2021-07-16 00:00:00+01:00,160.8,163.0,159.0,161.0,830632,0.0,0.0
2021-07-19 00:00:00+01:00,161.0,161.0,156.0,156.6,935363,0.0,0.0
2021-07-20 00:00:00+01:00,155.0,158.0,154.2,154.2,1309433,0.0,0.0
2021-07-21 00:00:00+01:00,154.6,157.4,154.6,154.8,1046120,0.0,0.0
2021-07-22 00:00:00+01:00,155.2,156.8,154.4,156.0,1943896,0.0,0.0
2021-07-23 00:00:00+01:00,160.6,160.6,155.2,159.8,2069159,0.0,0.0
2021-07-26 00:00:00+01:00,160.4,163.2,157.4,163.2,1176882,0.0,0.0
2021-07-27 00:00:00+01:00,162.2,166.0,161.0,164.8,5292237,0.0,0.0
2021-07-28 00:00:00+01:00,162.2,166.2,158.2,165.8,4813278,0.0,0.0
2021-07-29 00:00:00+01:00,164.0,166.6,163.8,165.0,585157,0.0,0.0
2021-07-30 00:00:00+01:00,168.8,168.8,163.6,163.6,1133967,0.0,0.0
2021-08-02 00:00:00+01:00,165.8,166.2,161.4,166.0,506619,0.0,0.0
2021-08-03 00:00:00+01:00,166.0,166.2,163.4,165.2,330938,0.0,0.0
2021-08-04 00:00:00+01:00,163.6,166.2,162.6,165.4,748258,0.0,0.0
2021-08-05 00:00:00+01:00,164.0,166.0,164.0,165.8,680558,0.0,0.0
2021-08-06 00:00:00+01:00,162.2,166.4,162.2,165.2,518443,0.0,0.0
2021-08-09 00:00:00+01:00,164.8,167.0,163.0,166.0,2060249,0.0,0.0
2021-08-10 00:00:00+01:00,166.0,166.2,165.2,166.0,1041286,0.0,0.0
2021-08-11 00:00:00+01:00,166.4,168.2,165.6,168.0,848672,0.0,0.0
2021-08-12 00:00:00+01:00,168.0,168.8,167.0,167.4,532030,0.0,0.0
2021-08-13 00:00:00+01:00,166.8,167.8,165.8,167.4,415742,0.0,0.0
2021-08-16 00:00:00+01:00,166.4,168.2,165.8,167.6,522697,0.0,0.0
2021-08-17 00:00:00+01:00,167.8,170.4,166.0,170.4,646540,0.0,0.0
2021-08-18 00:00:00+01:00,170.4,171.0,169.4,170.2,1168199,0.0,0.0
2021-08-19 00:00:00+01:00,165.6,166.6,154.4,160.4,2177313,0.0,0.0
2021-08-20 00:00:00+01:00,162.0,164.0,156.0,161.8,1189752,0.0,0.0
2021-08-23 00:00:00+01:00,162.8,170.394,162.4,166.6,3396451,0.0,0.0
2021-08-24 00:00:00+01:00,170.0,170.0,165.2,166.2,1508298,0.0,0.0
2021-08-25 00:00:00+01:00,166.0,171.6,166.0,170.2,1355784,0.0,0.0
2021-08-26 00:00:00+01:00,169.6,174.6,168.6,172.2,1763741,0.0,0.0
2021-08-27 00:00:00+01:00,164.6,173.2,164.6,172.4,3714945,0.0,0.0
2021-08-31 00:00:00+01:00,174.0,177.8,172.8,175.0,2485232,0.0,0.0
2021-09-01 00:00:00+01:00,175.2,178.0,174.2,174.2,2766599,0.0,0.0
2021-09-02 00:00:00+01:00,174.6,182.4,174.0,181.6,3899469,0.0,0.0
2021-09-03 00:00:00+01:00,184.0,184.0,179.4,179.8,1665558,0.0,0.0
2021-09-06 00:00:00+01:00,172.8,181.4,172.8,180.4,765430,0.0,0.0
2021-09-07 00:00:00+01:00,183.0,183.0,179.0,181.6,1054890,0.0,0.0
2021-09-08 00:00:00+01:00,175.0,182.0,175.0,180.0,3334515,0.0,0.0
2021-09-09 00:00:00+01:00,180.6,184.6,179.2,184.6,6929400,0.0,0.0
2021-09-10 00:00:00+01:00,185.0,185.4,182.8,185.0,870067,0.0,0.0
2021-09-13 00:00:00+01:00,185.582,189.8,185.582,187.6,119515,0.0,0.0
2021-09-14 00:00:00+01:00,188.4,189.2,183.8,184.8,3480363,0.0,0.0
2021-09-15 00:00:00+01:00,183.0,186.0,180.0,184.2,1630509,0.0,0.0
2021-09-16 00:00:00+01:00,183.2,186.6,183.2,186.0,1745836,0.0,0.0
2021-09-17 00:00:00+01:00,176.8,188.2,176.8,187.0,34721431,0.0,0.0
2021-09-20 00:00:00+01:00,187.0,188.206,180.0,182.4,1394866,0.0,0.0
2021-09-21 00:00:00+01:00,184.2,188.8,180.0,188.8,1193427,0.0,0.0
2021-09-22 00:00:00+01:00,188.6,190.0,185.4,189.0,1238072,0.0,0.0
2021-09-23 00:00:00+01:00,190.0,190.44,186.2,186.2,816869,0.0,0.0
2021-09-24 00:00:00+01:00,190.0,190.0,182.8,185.0,844834,0.0,0.0
2021-09-27 00:00:00+01:00,187.0,187.8,182.2,182.4,904325,0.0,0.0
2021-09-28 00:00:00+01:00,182.0,183.0,178.0,181.6,1008061,0.0,0.0
2021-09-29 00:00:00+01:00,181.0,183.6,180.6,181.4,417921,0.0,0.0
2021-09-30 00:00:00+01:00,182.2,182.6,179.0,181.0,1606912,0.0,0.0
2021-10-01 00:00:00+01:00,178.8,183.8,178.8,183.8,605356,0.0,0.0
2021-10-04 00:00:00+01:00,179.4,183.4,176.2,177.0,1196664,0.0,0.0
2021-10-05 00:00:00+01:00,172.4,177.0,172.4,173.8,1312496,0.0,0.0
2021-10-06 00:00:00+01:00,173.0,174.0,166.6,169.6,1346043,0.0,0.0
2021-10-07 00:00:00+01:00,170.0,173.92,165.0,166.8,1185070,0.0,0.0
2021-10-08 00:00:00+01:00,170.0,170.0,162.4,162.4,960750,0.0,0.0
2021-10-11 00:00:00+01:00,170.0,170.0,158.2,159.8,827562,0.0,0.0
2021-10-12 00:00:00+01:00,159.4,161.0,157.4,161.0,1395077,0.0,0.0
2021-10-13 00:00:00+01:00,162.2,163.6,158.4,160.0,1340751,0.0,0.0
2021-10-14 00:00:00+01:00,161.8,165.0,160.0,161.6,1132308,0.0,0.0
2021-10-15 00:00:00+01:00,166.0,166.0,158.2,160.0,2075364,0.0,0.0
2021-10-18 00:00:00+01:00,166.8,166.8,158.0,158.4,896695,0.0,0.0
2021-10-19 00:00:00+01:00,158.8,159.901,157.8,159.6,940635,0.0,0.0
2021-10-20 00:00:00+01:00,160.8,162.6,158.8,161.8,594704,0.0,0.0
2021-10-21 00:00:00+01:00,165.8,168.2,159.8,165.6,1242714,0.0,0.0
2021-10-22 00:00:00+01:00,170.0,170.0,164.0,167.4,793466,0.0,0.0
2021-10-25 00:00:00+01:00,169.0,169.0,164.8,165.0,741271,0.0,0.0
2021-10-26 00:00:00+01:00,165.4,167.6,164.6,165.4,1155581,0.0,0.0
2021-10-27 00:00:00+01:00,165.4,168.0,165.0,166.4,588727,0.0,0.0
2021-10-28 00:00:00+01:00,174.4,174.4,156.6,156.8,1454374,0.0,0.0
2021-10-29 00:00:00+01:00,157.0,157.4,154.0,154.4,1823551,0.0,0.0
2021-11-01 00:00:00+00:00,152.8,157.2,152.8,155.2,1341645,0.0,0.0
2021-11-02 00:00:00+00:00,154.8,155.4,150.8,151.0,1263602,0.0,0.0
2021-11-03 00:00:00+00:00,152.6,152.6,149.0,149.2,875611,0.0,0.0
2021-11-04 00:00:00+00:00,149.8,150.8,147.8,148.6,1285224,0.0,0.0
2021-11-05 00:00:00+00:00,152.0,152.414,146.6,149.0,644360,0.0,0.0
2021-11-08 00:00:00+00:00,148.0,151.6,144.2,148.6,1145507,0.0,0.0
2021-11-09 00:00:00+00:00,150.0,150.0,146.0,147.2,639384,0.0,0.0
2021-11-10 00:00:00+00:00,148.0,152.8,145.2,150.0,3021083,0.0,0.0
2021-11-11 00:00:00+00:00,150.0,155.2,149.987,151.0,2281673,0.0,0.0
2021-11-12 00:00:00+00:00,156.0,163.0,154.2,161.0,2888376,0.0,0.0
2021-11-15 00:00:00+00:00,165.0,165.0,158.2,159.2,1599038,0.0,0.0
2021-11-16 00:00:00+00:00,159.4,161.4,157.8,157.8,1183510,0.0,0.0
2021-11-17 00:00:00+00:00,155.0,158.8,155.0,158.4,1091615,0.0,0.0
2021-11-18 00:00:00+00:00,157.6,163.6,157.4,158.2,977946,0.0,0.0
2021-11-19 00:00:00+00:00,158.4,163.4,157.6,159.8,11405794,0.0,0.0
2021-11-22 00:00:00+00:00,165.0,165.0,161.8,163.6,1277412,0.0,0.0
2021-11-23 00:00:00+00:00,162.4,167.0,161.6,166.0,2359973,0.0,0.0
2021-11-24 00:00:00+00:00,169.0,169.0,163.2,166.4,1573386,0.0,0.0
2021-11-25 00:00:00+00:00,169.0,171.2,165.8,170.0,1534286,0.0,0.0
2021-11-26 00:00:00+00:00,165.4,169.0,162.2,164.0,2430196,0.0,0.0
2021-11-29 00:00:00+00:00,159.8,169.0,159.6,168.0,2942634,0.0,0.0
2021-11-30 00:00:00+00:00,166.4,166.4,158.6,164.2,25442367,0.0,0.0
2021-12-01 00:00:00+00:00,164.6,167.0,161.6,165.4,2052071,0.0,0.0
2021-12-02 00:00:00+00:00,157.6,164.6,157.6,159.8,873023,0.0,0.0
2021-12-03 00:00:00+00:00,158.6,161.2,156.6,156.6,762434,0.0,0.0
2021-12-06 00:00:00+00:00,163.0,163.0,159.4,161.6,637495,0.0,0.0
2021-12-07 00:00:00+00:00,168.8,168.8,161.6,168.8,1266060,0.0,0.0
2021-12-08 00:00:00+00:00,169.0,170.8,165.6,165.6,1740026,0.0,0.0
2021-12-09 00:00:00+00:00,170.0,170.0,161.0,162.2,714768,0.0,0.0
2021-12-10 00:00:00+00:00,169.2,169.2,158.0,158.0,830763,0.0,0.0
2021-12-13 00:00:00+00:00,157.0,158.8,155.2,156.2,526302,0.0,0.0
2021-12-14 00:00:00+00:00,150.2,159.8,148.6,157.4,1667393,0.0,0.0
2021-12-15 00:00:00+00:00,156.0,159.8,155.975,157.0,1148670,0.0,0.0
2021-12-16 00:00:00+00:00,158.8,161.087,156.082,160.4,3301760,0.0,0.0
2021-12-17 00:00:00+00:00,162.6,162.6,158.6,160.0,2346214,0.0,0.0
2021-12-20 00:00:00+00:00,156.0,159.8,156.0,158.0,589912,0.0,0.0
2021-12-21 00:00:00+00:00,166.0,166.0,158.2,160.6,609654,0.0,0.0
2021-12-22 00:00:00+00:00,159.2,162.2,159.2,162.2,690933,0.0,0.0
2021-12-23 00:00:00+00:00,157.4,163.8,157.4,161.6,606625,0.0,0.0
2021-12-24 00:00:00+00:00,168.0,168.0,162.0,166.6,233090,0.0,0.0
2021-12-29 00:00:00+00:00,166.4,169.4,165.2,167.8,944732,0.0,0.0
2021-12-30 00:00:00+00:00,159.6,169.8,159.6,169.8,583342,0.0,0.0
2021-12-31 00:00:00+00:00,166.8,172.2,166.56,172.0,1178028,0.0,0.0
2022-01-04 00:00:00+00:00,173.4,175.4,172.4,175.0,3956311,0.0,0.0
2022-01-05 00:00:00+00:00,170.0,176.8,169.8,169.8,2172181,0.0,0.0
2022-01-06 00:00:00+00:00,165.2,167.8,161.0,163.8,1825341,0.0,0.0
2022-01-07 00:00:00+00:00,171.8,171.8,160.8,162.0,615878,0.0,0.0
2022-01-10 00:00:00+00:00,162.2,163.2,157.0,157.4,897130,0.0,0.0
2022-01-11 00:00:00+00:00,165.2,165.2,153.6,155.0,533990,0.0,0.0
2022-01-12 00:00:00+00:00,156.0,156.182,152.6,155.0,730138,0.0,0.0
2022-01-13 00:00:00+00:00,155.0,156.4,152.8,152.8,518874,0.0,0.0
2022-01-14 00:00:00+00:00,153.0,155.0,151.2,151.8,546310,0.0,0.0
2022-01-17 00:00:00+00:00,149.2,155.2,149.2,154.0,575431,0.0,0.0
2022-01-18 00:00:00+00:00,149.2,155.6,149.2,154.0,407777,0.0,0.0
2022-01-19 00:00:00+00:00,154.0,156.6,152.6,153.2,872312,0.0,0.0
2022-01-20 00:00:00+00:00,153.8,156.4,153.8,155.0,386742,0.0,0.0
2022-01-21 00:00:00+00:00,154.0,155.8,152.8,152.8,475111,0.0,0.0
2022-01-24 00:00:00+00:00,150.0,152.48,147.8,148.8,748238,0.0,0.0
2022-01-25 00:00:00+00:00,149.8,150.2,145.8,146.8,724933,0.0,0.0
2022-01-26 00:00:00+00:00,150.6,151.0,146.8,149.0,546774,0.0,0.0
2022-01-27 00:00:00+00:00,148.8,148.8,145.0,146.6,1237672,0.0,0.0
2022-01-28 00:00:00+00:00,146.4,147.8,145.2,147.0,1376310,0.0,0.0
2022-01-31 00:00:00+00:00,147.2,153.6,147.2,153.6,1470071,0.0,0.0
2022-02-01 00:00:00+00:00,154.8,158.0,152.8,156.6,1391533,0.0,0.0
2022-02-02 00:00:00+00:00,149.0,159.4,149.0,157.8,578779,0.0,0.0
2022-02-03 00:00:00+00:00,161.8,161.8,156.8,156.8,529042,0.0,0.0
2022-02-04 00:00:00+00:00,158.0,159.0,151.6,153.8,699549,0.0,0.0
2022-02-07 00:00:00+00:00,152.0,156.2,151.0,154.6,755782,0.0,0.0
2022-02-08 00:00:00+00:00,151.2,156.0,150.75,152.8,1276000,0.0,0.0
2022-02-09 00:00:00+00:00,151.8,154.4,151.2,151.2,2642125,0.0,0.0
2022-02-10 00:00:00+00:00,157.0,157.0,151.6,153.8,896041,0.0,0.0
2022-02-11 00:00:00+00:00,152.6,154.0,151.6,152.2,989076,0.0,0.0
2022-02-14 00:00:00+00:00,148.0,150.4,147.2,150.4,492279,0.0,0.0
2022-02-15 00:00:00+00:00,156.8,156.8,150.4,154.0,1816507,0.0,0.0
2022-02-16 00:00:00+00:00,157.0,157.0,151.6,151.6,274411,0.0,0.0
2022-02-17 00:00:00+00:00,151.0,152.6,149.8,150.4,974722,0.0,0.0
2022-02-18 00:00:00+00:00,145.0,150.6,145.0,149.0,1018044,0.0,0.0
2022-02-21 00:00:00+00:00,148.4,149.17,144.4,146.2,443718,0.0,0.0
2022-02-22 00:00:00+00:00,144.0,148.8,142.8,148.8,699700,0.0,0.0
2022-02-23 00:00:00+00:00,147.6,148.6,146.0,146.0,408013,0.0,0.0
2022-02-24 00:00:00+00:00,141.8,143.6,137.8,140.6,815179,0.0,0.0
2022-02-25 00:00:00+00:00,140.0,142.4,138.4,138.4,797792,0.0,0.0
2022-02-28 00:00:00+00:00,139.4,145.6,137.6,145.6,787700,0.0,0.0
2022-03-01 00:00:00+00:00,144.8,145.8,137.6,137.6,1011091,0.0,0.0
2022-03-02 00:00:00+00:00,142.0,142.0,135.2,138.4,1743366,0.0,0.0
2022-03-03 00:00:00+00:00,131.8,143.2,131.8,139.4,608103,0.0,0.0
2022-03-04 00:00:00+00:00,146.2,146.2,134.4,134.4,757520,0.0,0.0
2022-03-07 00:00:00+00:00,135.6,135.6,126.2,128.0,1601943,0.0,0.0
2022-03-08 00:00:00+00:00,136.6,136.6,125.4,126.8,771312,0.0,0.0
2022-03-09 00:00:00+00:00,125.0,139.0,125.0,139.0,962654,0.0,0.0
2022-03-10 00:00:00+00:00,143.8,143.8,133.4,133.4,752045,0.0,0.0
2022-03-11 00:00:00+00:00,129.0,136.2,129.0,135.0,581497,0.0,0.0
2022-03-14 00:00:00+00:00,133.6,137.2,132.947,134.4,589888,0.0,0.0
2022-03-15 00:00:00+00:00,134.6,134.6,130.0,130.8,468037,0.0,0.0
2022-03-16 00:00:00+00:00,132.6,137.2,130.12,135.2,1859795,0.0,0.0
2022-03-17 00:00:00+00:00,137.4,138.2,116.0,120.0,2692550,0.0,0.0
2022-03-18 00:00:00+00:00,115.2,138.6,115.14,138.6,7944100,0.0,0.0
2022-03-21 00:00:00+00:00,130.4,136.2,126.0,126.0,1737910,0.0,0.0
2022-03-22 00:00:00+00:00,120.4,128.0,119.4,122.0,1076178,0.0,0.0
2022-03-23 00:00:00+00:00,122.0,122.0,117.2,118.2,714426,0.0,0.0
2022-03-24 00:00:00+00:00,122.0,122.0,115.512,117.4,610083,0.0,0.0
2022-03-25 00:00:00+00:00,115.0,118.8,114.0,116.8,769699,0.0,0.0
2022-03-28 00:00:00+01:00,114.0,117.4,114.0,117.0,953307,0.0,0.0
2022-03-29 00:00:00+01:00,116.0,121.4,115.0,121.2,972413,0.0,0.0
2022-03-30 00:00:00+01:00,118.0,120.2,116.0,118.4,580514,0.0,0.0
2022-03-31 00:00:00+01:00,115.4,119.2,114.6,115.4,769426,0.0,0.0
2022-04-01 00:00:00+01:00,118.0,121.2,114.4,119.8,739185,0.0,0.0
2022-04-04 00:00:00+01:00,119.6,119.8,115.8,118.2,843038,0.0,0.0
2022-04-05 00:00:00+01:00,119.1,121.2,117.3,117.8,1140689,0.0,0.0
2022-04-06 00:00:00+01:00,117.0,120.2,115.4,116.4,1703231,0.0,0.0
2022-04-07 00:00:00+01:00,116.6,120.4,116.4,119.0,1059383,0.0,0.0
2022-04-08 00:00:00+01:00,118.2,119.7,116.6,118.9,742559,0.0,0.0
2022-04-11 00:00:00+01:00,118.3,121.2,116.9,120.1,790917,0.0,0.0
2022-04-12 00:00:00+01:00,115.0,120.1,115.0,119.7,617742,0.0,0.0
2022-04-13 00:00:00+01:00,115.0,120.2,115.0,118.6,954337,0.0,0.0
2022-04-14 00:00:00+01:00,115.2,119.1,115.2,118.0,498809,0.0,0.0
2022-04-19 00:00:00+01:00,116.0,117.2,114.4,117.1,554051,0.0,0.0
2022-04-20 00:00:00+01:00,117.0,117.0,115.4,115.8,284590,0.0,0.0
2022-04-21 00:00:00+01:00,114.0,116.0,112.605,113.5,1671131,0.0,0.0
2022-04-22 00:00:00+01:00,112.5,114.7,110.8,111.9,636871,0.0,0.0
2022-04-25 00:00:00+01:00,109.9,113.2,108.4,112.7,696359,0.0,0.0
2022-04-26 00:00:00+01:00,111.8,114.8,111.8,113.9,791996,0.0,0.0
2022-04-27 00:00:00+01:00,115.5,115.5,109.9,110.2,981214,0.0,0.0
2022-04-28 00:00:00+01:00,110.0,112.1,108.703,111.5,487457,0.0,0.0
2022-04-29 00:00:00+01:00,110.4,114.1,110.4,112.1,874782,0.0,0.0
2022-05-03 00:00:00+01:00,110.8,113.8,110.428,111.2,1434806,0.0,0.0
2022-05-04 00:00:00+01:00,110.1,113.3,109.0,110.1,1588271,0.0,0.0
2022-05-05 00:00:00+01:00,115.1,117.1,111.1,114.0,1494164,0.0,0.0
2022-05-06 00:00:00+01:00,113.4,114.779,108.8,111.7,883022,0.0,0.0
2022-05-09 00:00:00+01:00,116.8,116.8,109.3,110.1,624272,0.0,0.0
2022-05-10 00:00:00+01:00,109.0,112.5,108.1,110.0,700248,0.0,0.0
2022-05-11 00:00:00+01:00,115.8,115.8,107.9,110.0,2515492,0.0,0.0
2022-05-12 00:00:00+01:00,105.0,113.7,105.0,112.7,689035,0.0,0.0
2022-05-13 00:00:00+01:00,113.2,113.4,110.1,111.3,3182514,0.0,0.0
2022-05-16 00:00:00+01:00,116.4,116.4,110.4,115.0,2190341,0.0,0.0
2022-05-17 00:00:00+01:00,115.6,117.8,114.0,117.3,586886,0.0,0.0
2022-05-18 00:00:00+01:00,115.7,117.2,112.9,116.4,759062,0.0,0.0
2022-05-19 00:00:00+01:00,113.3,115.3,110.3,110.7,530476,0.0,0.0
2022-05-20 00:00:00+01:00,113.6,113.6,109.6,110.2,647383,0.0,0.0
2022-05-23 00:00:00+01:00,110.7,113.4,105.273,110.8,1027944,0.0,0.0
2022-05-24 00:00:00+01:00,107.9,114.3,107.3,111.7,561915,0.0,0.0
2022-05-25 00:00:00+01:00,106.4,112.3,106.4,111.3,1525027,0.0,0.0
2022-05-26 00:00:00+01:00,109.2,118.0,109.2,117.1,300498,0.0,0.0
2022-05-27 00:00:00+01:00,117.9,118.0,115.1,117.0,646042,0.0,0.0
2022-05-30 00:00:00+01:00,117.6,118.0,113.5,113.9,1295254,0.0,0.0
2022-05-31 00:00:00+01:00,114.1,115.2,111.1,113.8,1342614,0.0,0.0
2022-06-01 00:00:00+01:00,114.3,118.0,113.6,118.0,941074,0.0,0.0
2022-06-06 00:00:00+01:00,117.4,125.5,116.5,125.4,2043649,0.0,0.0
2022-06-07 00:00:00+01:00,122.5,125.42,120.4,124.9,502348,0.0,0.0
2022-06-08 00:00:00+01:00,125.0,130.5,124.3,126.2,939298,0.0,0.0
2022-06-09 00:00:00+01:00,120.3,126.5,120.3,126.5,718998,0.0,0.0
2022-06-10 00:00:00+01:00,126.9,129.4,125.5,128.3,594991,0.0,0.0
2022-06-13 00:00:00+01:00,125.4,126.4,120.0,121.9,631143,0.0,0.0
2022-06-14 00:00:00+01:00,121.0,124.4,120.1,122.7,2060825,0.0,0.0
2022-06-15 00:00:00+01:00,128.7,128.7,121.4,127.6,1402075,0.0,0.0
2022-06-16 00:00:00+01:00,129.2,129.2,121.1,122.4,1693188,0.0,0.0
2022-06-17 00:00:00+01:00,127.6,131.4,121.0,131.4,6021129,0.0,0.0
2022-06-20 00:00:00+01:00,132.9,134.2,128.6,133.1,2813161,0.0,0.0
2022-06-21 00:00:00+01:00,134.5,135.025,129.1,130.0,369799,0.0,0.0
2022-06-22 00:00:00+01:00,128.8,129.5,125.5,127.2,666745,0.0,0.0
2022-06-23 00:00:00+01:00,128.7,128.7,120.8,125.5,886060,0.0,0.0
2022-06-24 00:00:00+01:00,127.1,129.8,124.3,125.8,783945,0.0,0.0
2022-06-27 00:00:00+01:00,125.2,126.54,121.8,122.0,1131403,0.0,0.0
2022-06-28 00:00:00+01:00,124.2,125.5,121.3,122.6,485989,0.0,0.0
2022-06-29 00:00:00+01:00,117.0,123.0,117.0,120.5,664374,0.0,0.0
2022-06-30 00:00:00+01:00,120.3,122.4,116.5,120.9,2050601,0.0,0.0
2022-07-01 00:00:00+01:00,115.9,128.0,115.9,128.0,1159460,0.0,0.0
2022-07-04 00:00:00+01:00,130.1,130.1,124.9,127.4,409374,0.0,0.0
2022-07-05 00:00:00+01:00,132.9,132.9,124.5,125.0,954037,0.0,0.0
2022-07-06 00:00:00+01:00,126.9,131.9,126.1,130.6,1042468,0.0,0.0
2022-07-07 00:00:00+01:00,135.0,135.0,126.9,131.2,643621,0.0,0.0
2022-07-08 00:00:00+01:00,128.5,131.7,126.9,128.0,529662,0.0,0.0
2022-07-11 00:00:00+01:00,123.1,127.9,123.1,125.5,733118,0.0,0.0
2022-07-12 00:00:00+01:00,130.5,131.4,125.4,127.7,931328,0.0,0.0
2022-07-13 00:00:00+01:00,133.7,133.7,121.8,125.5,738858,0.0,0.0
2022-07-14 00:00:00+01:00,130.6,130.6,121.6,124.9,670914,0.0,0.0
2022-07-15 00:00:00+01:00,129.2,129.2,124.4,125.4,531134,0.0,0.0
2022-07-18 00:00:00+01:00,126.7,128.2,125.9,127.0,311119,0.0,0.0
2022-07-19 00:00:00+01:00,128.5,130.3,126.7,129.2,808927,0.0,0.0
2022-07-20 00:00:00+01:00,123.5,132.0,123.5,131.5,646066,0.0,0.0
2022-07-21 00:00:00+01:00,131.1,136.924,131.1,132.0,923811,0.0,0.0
2022-07-22 00:00:00+01:00,131.1,135.7,129.7,134.7,628539,0.0,0.0
2022-07-25 00:00:00+01:00,127.6,137.3,127.6,137.3,967075,0.0,0.0
2022-07-26 00:00:00+01:00,138.3,140.5,136.2,139.4,781374,0.0,0.0
2022-07-27 00:00:00+01:00,141.4,142.5,135.4,135.6,406385,0.0,0.0
2022-07-28 00:00:00+01:00,142.0,142.0,134.2,140.7,1107107,0.0,0.0
2022-07-29 00:00:00+01:00,141.0,146.8,141.0,144.3,1898974,0.0,0.0
2022-08-01 00:00:00+01:00,146.8,146.8,142.8,143.5,1051272,0.0,0.0
2022-08-02 00:00:00+01:00,140.5,145.9,138.2,139.0,644245,0.0,0.0
2022-08-03 00:00:00+01:00,139.6,142.5,138.1,139.9,403153,0.0,0.0
2022-08-04 00:00:00+01:00,138.3,139.2,129.641,138.9,261835,0.0,0.0
2022-08-05 00:00:00+01:00,139.1,141.2,134.958,137.9,314542,0.0,0.0
2022-08-08 00:00:00+01:00,139.4,141.0,135.3,136.2,306685,0.0,0.0
2022-08-09 00:00:00+01:00,138.8,141.9,134.8,135.6,256316,0.0,0.0
2022-08-10 00:00:00+01:00,135.6,141.3,134.7,139.7,720855,0.0,0.0
2022-08-11 00:00:00+01:00,139.3,141.55,137.4,140.7,577325,0.0,0.0
2022-08-12 00:00:00+01:00,141.0,142.0,139.7,140.4,212400,0.0,0.0
2022-08-15 00:00:00+01:00,148.2,148.2,138.8,139.6,171834,0.0,0.0
2022-08-16 00:00:00+01:00,133.0,141.5,133.0,140.7,235614,0.0,0.0
2022-08-17 00:00:00+01:00,142.5,142.5,134.4,135.1,355882,0.0,0.0
2022-08-18 00:00:00+01:00,137.3,145.665,136.3,138.6,527574,0.0,0.0
2022-08-19 00:00:00+01:00,138.0,142.0,135.9,137.0,1003829,0.0,0.0
2022-08-22 00:00:00+01:00,139.0,139.965,132.5,132.5,412845,0.0,0.0
2022-08-23 00:00:00+01:00,128.0,134.1,128.0,133.2,1140816,0.0,0.0
2022-08-24 00:00:00+01:00,126.6,133.6,126.6,132.0,371697,0.0,0.0
2022-08-25 00:00:00+01:00,131.2,132.6,126.7,127.8,453946,0.0,0.0
2022-08-26 00:00:00+01:00,120.7,127.7,120.7,125.1,440761,0.0,0.0
2022-08-30 00:00:00+01:00,131.0,131.6,126.8,127.0,507178,0.0,0.0
2022-08-31 00:00:00+01:00,122.8,128.1,121.9,124.2,660305,0.0,0.0
2022-09-01 00:00:00+01:00,121.8,123.5,115.5,116.5,453922,0.0,0.0
2022-09-02 00:00:00+01:00,116.5,120.5,113.9,116.2,419122,0.0,0.0
2022-09-05 00:00:00+01:00,116.0,116.0,110.0,114.3,587278,0.0,0.0
2022-09-06 00:00:00+01:00,114.6,117.1,113.4,113.4,640814,0.0,0.0
2022-09-07 00:00:00+01:00,112.0,113.9,111.6,112.9,427860,0.0,0.0
2022-09-08 00:00:00+01:00,116.0,116.0,111.2,113.8,582519,0.0,0.0
2022-09-09 00:00:00+01:00,111.7,118.6,111.7,118.3,706964,0.0,0.0
2022-09-12 00:00:00+01:00,120.6,123.0,118.1,122.3,583610,0.0,0.0
2022-09-13 00:00:00+01:00,124.3,125.0,120.9,121.8,690198,0.0,0.0
2022-09-14 00:00:00+01:00,121.6,123.2,116.666,122.3,412755,0.0,0.0
2022-09-15 00:00:00+01:00,123.7,127.2,122.3,124.6,876398,0.0,0.0
2022-09-16 00:00:00+01:00,125.0,126.7,122.4,126.7,2756253,0.0,0.0
2022-09-20 00:00:00+01:00,126.3,127.6,123.7,126.8,422253,0.0,0.0
2022-09-21 00:00:00+01:00,126.9,128.7,125.7,128.2,1474440,0.0,0.0
2022-09-22 00:00:00+01:00,127.7,127.7,120.9,121.2,200326,0.0,0.0
2022-09-23 00:00:00+01:00,121.8,121.8,118.2,121.0,2206089,0.0,0.0
2022-09-26 00:00:00+01:00,118.8,121.4,112.5,112.5,630873,0.0,0.0
2022-09-27 00:00:00+01:00,112.0,114.7,110.3,110.3,650191,0.0,0.0
2022-09-28 00:00:00+01:00,109.2,110.4,104.0,110.0,886497,0.0,0.0
2022-09-29 00:00:00+01:00,110.4,110.4,105.8,108.7,717381,0.0,0.0
2022-09-30 00:00:00+01:00,104.0,112.9,104.0,112.9,1797621,0.0,0.0
2022-10-03 00:00:00+01:00,111.9,113.0,107.9,112.0,1377653,0.0,0.0
2022-10-04 00:00:00+01:00,116.0,116.2,112.8,115.0,1206642,0.0,0.0
2022-10-05 00:00:00+01:00,111.0,115.3,109.9,112.1,1021242,0.0,0.0
2022-10-06 00:00:00+01:00,117.0,117.0,108.8,111.7,1575564,0.0,0.0
2022-10-07 00:00:00+01:00,115.8,115.8,108.5,108.6,847568,0.0,0.0
2022-10-10 00:00:00+01:00,103.5,108.6,103.5,106.3,1081561,0.0,0.0
2022-10-11 00:00:00+01:00,101.9,107.2,101.9,103.7,3077011,0.0,0.0
2022-10-12 00:00:00+01:00,101.0,103.9,96.95,100.3,678940,0.0,0.0
2022-10-13 00:00:00+01:00,100.0,105.0,99.0,103.5,5109398,0.0,0.0
2022-10-14 00:00:00+01:00,108.5,108.5,97.574,106.5,1008168,0.0,0.0
2022-10-17 00:00:00+01:00,110.0,111.5,107.0,111.5,616190,0.0,0.0
2022-10-18 00:00:00+01:00,116.1,116.1,107.9,109.0,738721,0.0,0.0
2022-10-19 00:00:00+01:00,108.2,110.4,106.1,106.5,561340,0.0,0.0
2022-10-20 00:00:00+01:00,105.6,107.1,101.6,105.7,838656,0.0,0.0
2022-10-21 00:00:00+01:00,108.9,108.9,100.5,103.3,576843,0.0,0.0
2022-10-24 00:00:00+01:00,104.5,105.4,101.5,102.3,2514857,0.0,0.0
2022-10-25 00:00:00+01:00,102.9,109.2,100.3,109.2,1155580,0.0,0.0
2022-10-26 00:00:00+01:00,108.5,113.3,108.5,111.4,785035,0.0,0.0
2022-10-27 00:00:00+01:00,115.0,115.0,109.6,111.6,612615,0.0,0.0
2022-10-28 00:00:00+01:00,112.0,114.7,111.1,114.2,3143014,0.0,0.0
2022-10-31 00:00:00+00:00,117.4,125.5,114.5,125.5,5630236,0.0,0.0
2022-11-01 00:00:00+00:00,120.8,124.5,118.8,120.0,2391256,0.0,0.0
2022-11-02 00:00:00+00:00,122.0,122.0,116.9,118.0,667739,0.0,0.0
2022-11-03 00:00:00+00:00,120.3,120.3,109.8,113.4,697464,0.0,0.0
2022-11-04 00:00:00+00:00,111.5,113.2,108.7,110.1,1892088,0.0,0.0
2022-11-07 00:00:00+00:00,105.2,113.8,105.2,113.8,1467169,0.0,0.0
2022-11-08 00:00:00+00:00,109.0,119.2,109.0,116.0,747301,0.0,0.0
2022-11-09 00:00:00+00:00,121.2,121.2,114.0,115.5,937691,0.0,0.0
2022-11-10 00:00:00+00:00,119.3,122.0,115.5,122.0,1749218,0.0,0.0
2022-11-11 00:00:00+00:00,127.6,127.6,122.241,124.8,705902,0.0,0.0
2022-11-14 00:00:00+00:00,124.3,126.2,121.2,121.9,11151697,0.0,0.0
2022-11-15 00:00:00+00:00,118.7,122.1,118.6,119.8,696565,0.0,0.0
2022-11-16 00:00:00+00:00,119.5,119.5,115.3,118.5,696010,0.0,0.0
2022-11-17 00:00:00+00:00,117.6,119.0,115.4,116.9,878568,0.0,0.0
2022-11-18 00:00:00+00:00,120.0,120.0,115.8,119.7,424107,0.0,0.0
2022-11-21 00:00:00+00:00,117.9,121.7,116.8,121.2,916612,0.0,0.0
2022-11-22 00:00:00+00:00,126.9,126.9,119.0,119.5,983055,0.0,0.0
2022-11-23 00:00:00+00:00,121.0,122.0,119.2,121.2,789304,0.0,0.0
2022-11-24 00:00:00+00:00,121.0,123.4,121.0,121.4,305872,0.0,0.0
2022-11-25 00:00:00+00:00,120.9,122.9,120.3,122.0,781445,0.0,0.0
2022-11-28 00:00:00+00:00,121.9,122.4,119.6,121.0,407770,0.0,0.0
2022-11-29 00:00:00+00:00,121.5,121.5,117.6,118.6,425469,0.0,0.0
2022-11-30 00:00:00+00:00,120.5,121.0,113.8,115.1,2182365,0.0,0.0
2022-12-01 00:00:00+00:00,117.2,117.2,114.5,115.8,1392988,0.0,0.0
2022-12-02 00:00:00+00:00,118.9,118.9,114.7,118.1,301861,0.0,0.0
2022-12-05 00:00:00+00:00,119.7,120.9,117.7,118.1,455833,0.0,0.0
2022-12-06 00:00:00+00:00,116.3,118.1,114.2,115.1,683448,0.0,0.0
2022-12-07 00:00:00+00:00,115.1,115.2,111.7,111.8,1968857,0.0,0.0
2022-12-08 00:00:00+00:00,111.0,113.0,110.0,111.8,531636,0.0,0.0
2022-12-09 00:00:00+00:00,110.7,112.9,110.152,111.8,421904,0.0,0.0
2022-12-12 00:00:00+00:00,111.5,116.3,111.5,115.6,1075539,0.0,0.0
2022-12-13 00:00:00+00:00,120.0,120.0,114.5,116.5,1439065,0.0,0.0
2022-12-14 00:00:00+00:00,116.0,116.1,108.5,108.5,1123742,0.0,0.0
2022-12-15 00:00:00+00:00,109.0,109.0,100.9,100.9,3169166,0.0,0.0
2022-12-16 00:00:00+00:00,105.3,105.3,99.25,103.3,3951903,0.0,0.0
2022-12-19 00:00:00+00:00,103.0,107.8,101.8,106.6,566115,0.0,0.0
2022-12-20 00:00:00+00:00,108.4,108.459,102.4,102.5,712203,0.0,0.0
2022-12-21 00:00:00+00:00,102.3,105.0,102.1,103.8,615540,0.0,0.0
2022-12-22 00:00:00+00:00,105.0,106.5,101.1,101.1,702900,0.0,0.0
2022-12-23 00:00:00+00:00,99.7,101.8,99.7,101.5,339419,0.0,0.0
2022-12-28 00:00:00+00:00,106.0,106.0,100.5,100.8,425124,0.0,0.0
2022-12-29 00:00:00+00:00,103.3,104.8,99.25,104.2,1404889,0.0,0.0
2022-12-30 00:00:00+00:00,102.0,106.2,101.316,106.1,621645,0.0,0.0
2023-01-03 00:00:00+00:00,105.7,109.2,105.4,106.8,599806,0.0,0.0
2023-01-04 00:00:00+00:00,109.2,111.2,106.7,111.2,621364,0.0,0.0
2023-01-05 00:00:00+00:00,114.0,114.0,110.5,113.1,360639,0.0,0.0
2023-01-06 00:00:00+00:00,115.0,115.0,110.6,114.2,618378,0.0,0.0
2023-01-09 00:00:00+00:00,117.8,117.8,111.3,113.9,443923,0.0,0.0
2023-01-10 00:00:00+00:00,113.6,116.3,108.7,115.0,932075,0.0,0.0
2023-01-11 00:00:00+00:00,116.6,119.1,115.1,116.0,536661,0.0,0.0
2023-01-12 00:00:00+00:00,115.1,121.004,109.097,120.0,1169461,0.0,0.0
2023-01-13 00:00:00+00:00,119.9,121.7,117.7,118.6,852254,0.0,0.0
2023-01-16 00:00:00+00:00,116.4,120.0,116.2,119.3,616254,0.0,0.0
2023-01-17 00:00:00+00:00,120.1,120.1,115.5,116.1,730978,0.0,0.0
2023-01-18 00:00:00+00:00,113.8,117.3,113.8,115.6,343236,0.0,0.0
2023-01-19 00:00:00+00:00,109.9,114.4,109.9,110.9,733971,0.0,0.0
2023-01-20 00:00:00+00:00,110.6,113.6,109.5,113.6,574970,0.0,0.0
2023-01-23 00:00:00+00:00,111.9,115.78,111.9,114.9,518535,0.0,0.0
2023-01-24 00:00:00+00:00,111.0,118.3,110.6,117.1,1846331,0.0,0.0
2023-01-25 00:00:00+00:00,112.2,120.0,112.2,119.5,1494651,0.0,0.0
2023-01-26 00:00:00+00:00,120.9,123.0,118.7,120.0,1716213,0.0,0.0
2023-01-27 00:00:00+00:00,117.8,120.0,115.3,120.0,1506601,0.0,0.0
2023-01-30 00:00:00+00:00,116.6,119.6,115.0,115.8,639131,0.0,0.0
2023-01-31 00:00:00+00:00,115.2,115.2,99.81,107.0,6682204,0.0,0.0
2023-02-01 00:00:00+00:00,101.3,109.2,101.3,108.2,1393876,0.0,0.0
2023-02-02 00:00:00+00:00,108.9,111.5,107.75,111.5,1176972,0.0,0.0
2023-02-03 00:00:00+00:00,108.0,112.6,107.7,109.9,492750,0.0,0.0
2023-02-06 00:00:00+00:00,106.1,111.0,106.1,109.9,891711,0.0,0.0
2023-02-07 00:00:00+00:00,111.0,111.0,105.0,105.5,712905,0.0,0.0
2023-02-08 00:00:00+00:00,109.2,111.1,106.0,109.9,1358266,0.0,0.0
2023-02-09 00:00:00+00:00,111.2,112.7,107.9,108.4,958131,0.0,0.0
2023-02-10 00:00:00+00:00,107.3,108.8,104.8,108.8,1353263,0.0,0.0
2023-02-13 00:00:00+00:00,109.5,111.36,107.6,109.6,355379,0.0,0.0
2023-02-14 00:00:00+00:00,109.1,110.0,107.4,108.5,525529,0.0,0.0
2023-02-15 00:00:00+00:00,109.4,109.4,105.9,107.6,1046174,0.0,0.0
2023-02-16 00:00:00+00:00,110.0,110.0,106.4,107.1,449676,0.0,0.0
2023-02-17 00:00:00+00:00,110.0,110.0,104.39,107.0,612722,0.0,0.0
2023-02-20 00:00:00+00:00,110.0,110.0,105.6,106.4,224265,0.0,0.0
2023-02-21 00:00:00+00:00,108.0,108.0,105.0,106.7,490887,0.0,0.0
2023-02-22 00:00:00+00:00,105.8,107.8,105.1,106.2,1546582,0.0,0.0
2023-02-23 00:00:00+00:00,106.7,108.5,106.7,107.7,1253954,0.0,0.0
2023-02-24 00:00:00+00:00,106.7,109.6,103.5,103.5,1127571,0.0,0.0
2023-02-27 00:00:00+00:00,105.7,108.6,100.3,102.7,1316213,0.0,0.0
2023-02-28 00:00:00+00:00,107.5,110.3,100.9,110.3,3822694,0.0,0.0
2023-03-01 00:00:00+00:00,108.4,129.3,105.4,107.1,2555141,0.0,0.0
2023-03-02 00:00:00+00:00,106.5,108.9,104.45,105.0,797343,0.0,0.0
2023-03-03 00:00:00+00:00,103.0,107.4,103.0,105.7,436368,0.0,0.0
2023-03-06 00:00:00+00:00,104.3,108.9,104.2,106.7,798172,0.0,0.0
2023-03-07 00:00:00+00:00,105.9,107.7,104.0,104.4,759040,0.0,0.0
2023-03-08 00:00:00+00:00,103.6,107.026,101.2,106.0,807309,0.0,0.0
2023-03-09 00:00:00+00:00,104.3,107.7,104.0,106.1,694659,0.0,0.0
2023-03-10 00:00:00+00:00,103.4,105.378,103.4,103.8,622532,0.0,0.0
2023-03-13 00:00:00+00:00,108.7,108.7,100.9,101.8,533759,0.0,0.0
2023-03-14 00:00:00+00:00,105.2,105.4,101.1,105.1,613472,0.0,0.0
2023-03-15 00:00:00+00:00,102.6,106.2,101.8,104.6,1337847,0.0,0.0
2023-03-16 00:00:00+00:00,108.7,112.4,106.9,107.8,1830723,0.0,0.0
2023-03-17 00:00:00+00:00,109.0,111.73,102.5,105.6,2828154,0.0,0.0
2023-03-20 00:00:00+00:00,103.1,106.3,102.1,105.0,633285,0.0,0.0
2023-03-21 00:00:00+00:00,106.0,107.9,105.6,107.9,880005,0.0,0.0
2023-03-22 00:00:00+00:00,107.8,112.9,105.0,107.1,613649,0.0,0.0
2023-03-23 00:00:00+00:00,108.6,108.6,106.0,106.6,330623,0.0,0.0
2023-03-24 00:00:00+00:00,103.4,106.5,103.4,105.0,598580,0.0,0.0
2023-03-27 00:00:00+01:00,106.3,109.406,102.0,102.2,455868,0.0,0.0
2023-03-28 00:00:00+01:00,102.0,105.126,100.7,102.6,1057871,0.0,0.0
2023-03-29 00:00:00+01:00,107.5,107.5,103.0,106.1,574546,0.0,0.0
2023-03-30 00:00:00+01:00,108.0,109.098,105.3,107.6,1391056,0.0,0.0
2023-03-31 00:00:00+01:00,107.0,111.19,103.0,104.4,550808,0.0,0.0
2023-04-03 00:00:00+01:00,104.4,106.0,101.7,102.5,495235,0.0,0.0
2023-04-04 00:00:00+01:00,104.1,104.7,101.9,104.1,797843,0.0,0.0
2023-04-05 00:00:00+01:00,101.0,104.0,100.3,101.0,473913,0.0,0.0
2023-04-06 00:00:00+01:00,100.5,104.4,100.5,102.9,490316,0.0,0.0
2023-04-11 00:00:00+01:00,100.0,104.7,100.0,102.6,562606,0.0,0.0
2023-04-12 00:00:00+01:00,104.2,105.0,101.6,102.4,476473,0.0,0.0
2023-04-13 00:00:00+01:00,105.0,105.0,102.4,103.0,500191,0.0,0.0
2023-04-14 00:00:00+01:00,103.0,104.9,102.7,103.3,167734,0.0,0.0
2023-04-17 00:00:00+01:00,104.0,106.6,101.4,102.3,380331,0.0,0.0
2023-04-18 00:00:00+01:00,102.1,102.7,99.75,100.1,725166,0.0,0.0
2023-04-19 00:00:00+01:00,99.6,100.7,98.45,100.7,924779,0.0,0.0
2023-04-20 00:00:00+01:00,101.6,102.0,99.35,100.0,518285,0.0,0.0
2023-04-21 00:00:00+01:00,101.0,102.3,99.25,100.7,478258,0.0,0.0
2023-04-24 00:00:00+01:00,99.55,101.198,98.2,99.05,376143,0.0,0.0
2023-04-25 00:00:00+01:00,97.05,100.0,97.05,99.0,494890,0.0,0.0
2023-04-26 00:00:00+01:00,100.4,101.1,98.1,98.8,662595,0.0,0.0
2023-04-27 00:00:00+01:00,96.85,100.9,96.7,100.2,382381,0.0,0.0
2023-04-28 00:00:00+01:00,100.4,104.8,100.4,104.3,862096,0.0,0.0
2023-05-02 00:00:00+01:00,104.2,107.9,101.334,101.9,889787,0.0,0.0
2023-05-03 00:00:00+01:00,98.0,104.1,98.0,101.7,511624,0.0,0.0
2023-05-04 00:00:00+01:00,97.05,102.0,97.05,99.5,434866,0.0,0.0
2023-05-05 00:00:00+01:00,101.0,102.0,99.9,101.1,1176110,0.0,0.0
2023-05-09 00:00:00+01:00,103.0,103.0,97.1,97.1,380860,0.0,0.0
2023-05-10 00:00:00+01:00,98.5,98.75,94.25,95.75,1034708,0.0,0.0
2023-05-11 00:00:00+01:00,96.5,99.8,93.65,93.85,566496,0.0,0.0
2023-05-12 00:00:00+01:00,93.7,94.95,90.8,92.0,869333,0.0,0.0
2023-05-15 00:00:00+01:00,90.8,92.15,87.45,92.15,956099,0.0,0.0
2023-05-16 00:00:00+01:00,92.75,93.45,90.735,92.35,4648721,0.0,0.0
2023-05-17 00:00:00+01:00,89.95,92.35,89.6,91.8,820395,0.0,0.0
2023-05-18 00:00:00+01:00,92.5,98.74,91.25,96.0,1702965,0.0,0.0
2023-05-19 00:00:00+01:00,96.0,97.0,94.05,94.4,714618,0.0,0.0
2023-05-22 00:00:00+01:00,93.75,95.721,93.55,95.0,889597,0.0,0.0
2023-05-23 00:00:00+01:00,96.0,97.35,94.15,95.35,1595439,0.0,0.0
2023-05-24 00:00:00+01:00,98.0,98.0,92.65,94.5,1070415,0.0,0.0
2023-05-25 00:00:00+01:00,97.5,97.5,93.7,94.45,568694,0.0,0.0
2023-05-26 00:00:00+01:00,98.4,98.4,89.2,91.05,1697874,0.0,0.0
2023-05-30 00:00:00+01:00,95.0,95.0,89.95,90.0,650711,0.0,0.0
2023-05-31 00:00:00+01:00,94.55,94.55,89.5,90.15,2507409,0.0,0.0
2023-06-01 00:00:00+01:00,90.7,91.35,89.75,91.0,1265583,0.0,0.0
2023-06-02 00:00:00+01:00,94.7,94.7,89.55,90.8,992703,0.0,0.0
2023-06-05 00:00:00+01:00,94.65,94.65,89.9,90.2,837516,0.0,0.0
2023-06-06 00:00:00+01:00,94.25,94.25,88.25,89.8,975880,0.0,0.0
2023-06-07 00:00:00+01:00,93.5,93.5,88.0,88.45,1610047,0.0,0.0
2023-06-08 00:00:00+01:00,92.65,92.65,85.8,87.1,3385137,0.0,0.0
2023-06-09 00:00:00+01:00,85.6,87.708,85.5,87.15,1201181,0.0,0.0
2023-06-12 00:00:00+01:00,88.0,89.65,87.0,88.1,686049,0.0,0.0
2023-06-13 00:00:00+01:00,88.05,90.5,87.4,90.5,1136392,0.0,0.0
2023-06-14 00:00:00+01:00,94.15,95.15,90.55,92.75,1236175,0.0,0.0
2023-06-15 00:00:00+01:00,94.9,94.9,91.95,93.0,436102,0.0,0.0
2023-06-16 00:00:00+01:00,93.35,99.25,92.65,99.2,8181884,0.0,0.0
2023-06-19 00:00:00+01:00,98.2,102.267,94.3,95.5,608620,0.0,0.0
