firms,clusters,mom1
47730,16,-0.0878428465530022
13777,16,-0.0576923076923077
38746,4,-0.066884176182708
60871,1,-0.0821157758461254
14198,3,-0.0809049079754601
14702,6,-0.070509977827051
15537,18,-0.011037527593819
68830,19,0.1505933706179236
85914,5,-0.0412770074169622
49373,6,-0.0414677804295943
18570,3,-0.0507492507492507
18973,13,-0.124539671911617
19271,4,-0.0347826086956523
29938,3,-0.066493393978774
10866,15,-0.0146801817546311
25320,3,-0.0921196245361274
21742,1,-0.0586143121354389
11267,3,-0.001294498381877
86474,5,-0.1085141903171953
22825,9,-0.0843801201529218
26201,1,-0.0945620144655773
65541,7,0.1870434590127647
27562,18,-0.0262127146730942
27909,9,0.0407811602527283
63546,19,0.0557491289198606
49154,2,0.0283002588438308
19350,8,-0.0600773053561568
49429,15,0.0223822999742733
61313,13,-0.0834120982986768
30737,17,-0.0608187134502925
12008,6,-0.1018843819865856
31500,1,-0.0703889917967715
33209,20,-0.0857142857142857
50788,7,-0.0570708825573315
77462,6,-0.0039641502930024
62228,1,-0.0706742485783916
59010,6,-0.0351214818378639
21055,18,-0.0713502983075612
83233,16,-0.0802785923753666
32678,8,-0.0535232961108972
27828,1,0.0573040380047504
66181,18,-0.0013586956521739
32870,9,-0.0828774062816616
42922,16,0.1386524822695036
12503,2,-0.0616328708644609
89757,4,-0.0452952952952953
47571,18,0.0238636363636361
16678,15,-0.0091037831276553
48291,10,0.0274725274725273
48347,6,-0.0919292188174364
64282,1,-0.011762700306853
27617,20,0.1937472680309955
60097,18,-0.0316813048933499
52813,11,-0.0843764487714417
53197,20,-0.1630463229521067
57809,1,-0.0626013218605811
57817,9,0.0191373472692477
79611,6,-0.0177585793136549
59185,11,-0.0457965325482498
34948,18,-0.1064946752662366
35051,9,-0.0927509076004216
18403,4,0.03646408839779
35238,13,-0.0767888307155323
13936,5,-0.0550600343053172
49971,16,-0.0727078321304464
64785,20,-0.0909090909090909
62033,17,-0.1590223295111648
91556,14,-0.0261605927718129
50948,2,-0.1460803059273422
42585,11,-0.0650276813362108
15560,4,-0.3743061862952871
76081,7,-0.0685774573588886
60580,8,-0.0671383647798742
37807,7,-0.0149625935162094
80179,5,-0.0330052113491604
80857,17,-0.0046550994498518
59627,12,0.0905603448275862
55976,14,-0.0198481417343812
82924,11,-0.0082521868295097
83011,15,-0.065617163555308
15456,15,-0.0628943217665615
40539,14,0.0026340545625587
10025,13,0.1686263263550331
10182,5,0.0043186180422263
10259,17,-0.0742358078602619
10501,6,-0.0775023533103232
77420,8,0.0353172007848268
10514,5,-0.0526315789473683
10659,5,0.0387160820648577
10645,12,-0.1410474860335195
75527,17,-0.1648044692737429
89105,17,-0.0376745696654757
71837,4,-0.0038424591738713
11154,16,-0.0732558139534883
11343,15,-0.0628600823045267
11379,14,-0.029038112522686
11174,14,-0.0533501896333754
75100,7,-0.0263341645885286
89609,14,-0.0410843373493977
12266,10,-0.1968085106382978
75489,17,0.0691881918819188
75905,20,-0.0488611315209404
76052,14,-0.035056967572305
76076,1,0.0152917505030181
76217,4,0.0132967032967032
79315,8,0.1053324555628703
90751,4,-0.0483178239083751
77007,5,-0.0821643286573146
76839,14,-0.0940803382663848
76847,12,-0.0979631425800193
77082,12,-0.0198019801980197
77357,3,-0.0270479134466768
77478,19,-0.0239726027397259
77501,18,-0.1374163664436437
77516,6,-0.0982078853046594
77584,8,0.0031559963931468
77699,10,0.0333333333333334
77862,17,-0.1842105263157895
78216,12,-0.0493827160493827
78034,14,-0.0126550240445456
78050,4,-0.036697247706422
78881,10,-0.047870637207813
78975,1,0.0178815348317396
79007,17,-0.1380145278450362
93237,19,-0.0931372549019607
78963,14,-0.0678066037735849
79195,17,0.0550458715596329
79307,10,-0.0790899241603467
79411,8,0.1394648829431439
79667,5,-0.0864414216761737
79881,8,0.0552274069698759
79797,15,0.0851861042183621
80114,2,-0.0026737967914438
80274,20,-0.0762852404643449
80233,3,-0.0687919463087248
80320,13,-0.07174638487208
93397,8,0.003641329085116
80432,17,-0.0499108734402852
81165,2,-0.0722460658082975
82598,13,0.0635268346111719
88988,8,-0.1050516647531574
83399,2,0.0774999999999999
83391,10,0.0416666666666667
83704,4,-0.0254237288135593
83822,17,-0.0366666666666666
83976,2,-0.0904046242774565
84084,8,-0.0786413143806535
84275,5,-0.0995391705069124
84255,17,-0.0649188514357053
84588,11,-0.021767297227261
84519,8,-0.0983379501385041
85019,2,-0.0672969966629588
85390,13,0.0112834978843441
85464,2,-0.0578842315369261
93398,12,-0.2359375000000001
89606,20,-0.1506189821182944
86580,1,-0.0560949298813375
86594,7,0.0017024174327544
86881,7,0.0010869565217392
89416,11,-0.100371747211896
90539,19,-0.2035398230088494
87255,5,0.0426026336173508
87310,19,-0.1582089552238806
87390,8,-0.0010126582278481
87432,11,-0.0235027855153202
90640,4,0.8762745098039215
88172,6,-0.041927409261577
88458,8,0.019108280254777
89301,18,0.0370644922164566
89397,18,-0.0430173292558613
89447,1,0.0195093112621933
89540,8,-0.0865549828178694
89908,19,-0.1901194573800364
90387,2,-0.086720867208672
90679,12,-0.1147308781869688
90657,2,-0.0881632653061225
90715,8,0.009423704240667
90706,10,-0.0610438024231129
90807,12,-0.0475177304964539
91547,20,-0.0365153886280648
76020,17,0.0064516129032257
92294,4,0.1346153846153845
91733,8,-0.009748427672956
91888,12,0.0194063926940639
92203,4,-0.0497776679841895
92322,5,0.0100645443605733
92471,4,-0.109356014580802
92635,13,-0.0436485730274203
77186,4,-0.0427098674521354
93373,2,-0.0863182618907809
91964,4,-0.1585365853658537
21020,19,-0.0956703910614524
11499,10,-0.1289288005131494
81912,8,0.0240963855421687
27991,14,-0.0752074688796681
10517,1,-0.2598204264870932
20482,17,0.0298288508557456
10656,15,-0.0760749724366041
60038,18,0.0161194029850746
10779,15,0.0621761658031088
61487,15,-0.1637015231025214
61241,4,-0.0668257756563246
88845,6,-0.0437839171188948
28222,9,0.0258902192505052
11368,5,-0.1092307692307692
28804,6,-0.5374013677012099
11587,18,-0.1380368098159509
11790,3,-0.0154707922112564
10145,18,-0.0120494889725659
45911,15,0.0809199318568993
24643,1,0.1007387508394896
28484,18,0.0009101021336839
81073,20,-0.094923679497741
12758,20,-0.0753830439223698
24109,11,-0.0677783754706832
59176,18,-0.0724148835248235
13507,3,-0.0455341506129597
58560,13,-0.0975714901566318
13769,4,0.0876249039200616
11144,17,-0.0400907715582451
85257,3,-0.0686687069625096
14008,18,0.0762017403058206
18075,3,-0.1207497820401045
83112,8,0.0473051570376115
39490,8,0.0202742993440667
14593,4,0.0287313031313891
14761,6,0.0152027027027026
10516,1,0.0519156653819994
77595,20,-0.2707423580786026
29209,18,-0.040721734812117
24272,7,-0.0376126540371527
15457,15,0.0274579273693533
15553,11,-0.0616027621297474
15721,14,-0.0825076219512195
44644,1,0.0256054490413724
16030,12,-0.0464831804281345
44601,11,-0.0788292682926828
27684,11,-0.044685172647258
40416,4,-0.0965092402464066
53110,1,-0.0522317188983855
75034,1,-0.0762928139691069
10318,1,-0.0664675130694548
57568,7,-0.0226547543075941
16505,19,-0.066705675833821
16548,16,-0.0257284034758902
49656,1,0.0416221985058697
46877,11,0.0434935349621379
39693,9,-0.1113129216398546
27887,3,0.0330567081604427
29612,11,-0.0447466982061895
39642,11,-0.0174133558748943
17444,5,-0.0625761885412433
65875,14,0.0304516656447988
43772,16,-0.0405804230201671
17778,5,-0.009354899012904
61508,14,-0.0476306196840826
61946,7,-0.1413911060433295
65154,13,-0.0744153082919913
19561,18,-0.0530535251120019
52230,6,0.0190615835777125
60898,14,-0.0483870967741935
17961,13,-0.1041055718475074
19393,1,0.0434961863533291
10874,15,-0.042724899121766
55597,3,-0.1265206812652067
19880,9,-0.1177806619078519
10890,8,-0.1394502829426031
20117,3,-0.1553711387736284
45655,13,-0.0374739764052741
64186,6,-0.020985103838208
67838,3,-0.0637087599544937
20336,1,0.106154949784792
62148,3,-0.0288867250892566
28564,7,-0.0700534759358287
86290,13,0.0743187448389761
46690,9,-0.0965683738575616
20504,4,-0.2732919254658386
20750,16,-0.059090909090909
21371,9,0.0450700116686115
27334,18,-0.0761948741630109
20618,11,-0.1440316205533597
30402,4,-0.25
18542,8,-0.0728811999631913
89792,6,-0.1630715123094959
64557,9,-0.0544529262086513
60599,13,0.0839779005524861
90011,16,-0.0745501285347043
22921,13,-0.1250893495353824
64194,9,0.0867477592829704
23182,7,-0.0874807233982896
14541,14,-0.0100343929528916
30509,15,-0.0932405405405405
23297,18,-0.0783144912641314
23393,3,-0.0824874910650463
79026,18,-0.0400621462656752
68320,10,-0.0048780487804876
47677,12,-0.0305343511450382
23916,1,-0.0067317845828933
27422,4,0.1594684385382059
46578,14,-0.049562363238512
24193,12,-0.0452765461665425
11995,14,-0.0522600787294693
11308,17,-0.0724740321057602
24441,4,-0.1503267973856209
24476,11,-0.1097173945896933
30648,13,0.0420560747663552
18729,12,-0.0701085362276328
61735,7,-0.0636030636030636
89525,18,0.0009314456035767
25129,16,-0.0309677419354837
25452,13,-0.1118262268704747
25487,19,-0.0586362874853408
25778,14,0.0048712595685456
40125,7,-0.0128164556962026
26084,16,-0.1300121506682867
79618,10,0.1990369181380415
26463,16,-0.0584588131089458
11404,13,-0.0285763768617942
41929,7,-0.0210275738940685
26607,8,0.0048230607371682
26650,5,-0.0278867102396513
23229,11,-0.0712680577849116
30840,2,0.0488415779586723
91983,20,-0.0712477266038803
27430,9,-0.037
59248,6,-0.0894012944983818
22293,9,-0.1047835990888382
27474,14,-0.1253351206434315
20204,9,-0.0773265196342118
27618,6,-0.0873015873015873
38420,18,-0.109835438193647
17726,1,-0.0645096463022508
59256,18,-0.0051347881899871
31077,13,-0.0146034598966524
27888,11,-0.0182573659027952
41080,9,-0.0965713329814851
18091,6,-0.0312690665039658
19828,7,-0.0445486518171159
92570,18,-0.0835380835380836
28629,4,-0.006644518272425
29050,17,-0.1239092495636997
91926,20,-0.0325413223140494
29285,13,-0.1074681238615664
61743,15,-0.0609423011266644
11674,11,-0.0520097598561707
76708,3,-0.0559754369390648
29867,4,-0.0919999999999999
40440,3,-0.0619865571321882
44943,1,-0.1194751381215469
26403,6,0.0016328434802892
10886,20,-0.2077431539187912
64936,3,-0.0542505592841162
38682,14,0.0235849056603771
30593,4,-0.1612523719165084
25953,9,-0.0570643210555249
20626,18,-0.0075787019043918
30681,11,-0.0172704296545914
11703,14,-0.0172677261613691
63132,1,0.0581706850363565
27959,20,-0.0277665453565171
88590,1,-0.0015426497277677
30940,17,-0.0041694687289843
31051,19,0.10752688172043
42200,7,-0.0132365499573015
63159,6,0.0492307692307691
31480,13,0.0518134715025906
11762,1,-0.1199792692407359
70578,6,-0.0252380097000179
82855,16,-0.0835613031584182
32054,4,-0.1218795888399411
32062,12,-0.0649647058823529
22103,14,-0.0408378541289934
81124,12,-0.0955056179775281
23042,16,-0.0455607476635513
32540,4,0.0315789473684209
32548,2,0.1794019933554818
26470,18,-0.0815706570657065
32791,5,-0.0273913043478259
32986,9,-0.095131086142322
52476,7,0.0489385166804521
24328,6,-0.1223573433115061
33532,20,-0.0148698884758364
31691,2,-0.0286624203821657
42550,15,-0.0130320321601599
87696,11,-0.147787610619469
87717,13,-0.0221920289855072
33823,16,-0.0745594215996384
87725,9,-0.0661577608142491
11850,14,-0.0172824791418355
19166,13,-0.0838600927096502
24205,9,-0.0838212334113973
34367,15,-0.0527533549282739
92640,5,-0.2120612951062778
47706,15,-0.0129692832764505
21135,10,-0.0015923566878981
34666,19,-0.0536809815950919
34746,11,-0.0407494145199063
35167,14,-0.1088607594936708
35263,16,-0.0672336978533819
10777,11,-0.0924489387755101
35554,11,-0.0205562273276904
36397,16,-0.0067453625632377
54244,10,0.0197931648517224
36768,6,-0.0926536731634183
88924,2,-0.0944022770398481
88853,3,-0.0524057217165149
37154,19,-0.1573770491803279
25785,1,-0.0127610208816704
31974,14,-0.0352289884247608
37234,4,-0.1052631578947367
37402,18,-0.1380266075388027
37568,13,-0.0912472105132655
37584,4,-0.0637966804979254
58421,17,0.0319526627218935
37955,9,-0.0764355675052812
12036,7,-0.0737974305348072
38093,11,-0.0343347639484978
47941,15,0.0450335356116256
12052,7,0.0018876018876019
12060,14,-0.0429984779299849
46834,4,0.0005555555555556
55212,1,-0.0839109139635893
38659,14,-0.0065314541079408
46674,18,-0.0567198177676537
39029,19,-0.1359999999999999
57154,7,-0.1029023746701847
32299,19,-0.0872093023255813
16432,15,-0.0935961123110151
53604,16,-0.1806615776081424
85908,6,-0.0373426425473394
39571,18,-0.0503329918032785
60468,7,-0.1335823039356507
52695,5,-0.0751956974869233
39731,19,-0.1148148148148148
84808,8,-0.1529437804338201
23819,10,-0.0284466976482187
25582,7,-0.0987458745874587
25304,13,-0.0510702215546375
52978,11,-0.0584354382657869
41188,20,-0.1588397790055249
10294,10,-0.1009693053311793
41241,16,-0.0778136779752288
41292,9,-0.1120923913043479
76927,4,-0.0543710021321963
32651,4,-0.0840579710144927
32707,15,-0.0848333476875375
16600,9,-0.0946903563725993
61567,7,-0.089242053789731
52716,11,-0.0508311250301132
32803,13,0.0759899290455481
42140,10,-0.1342335186656076
42439,11,-0.0963947839427254
42455,12,-0.0769230769230771
91207,11,-0.0492452363276415
21792,16,-0.0477682067345339
32934,6,-0.0183885867039331
42877,18,0.0471672539983736
42906,11,0.029350104821803
88795,12,-0.1119999999999998
87464,12,-0.2266949152542372
78892,17,-0.0068965517241378
12570,18,-0.0442827442827443
80210,17,-0.041912798874824
21928,11,-0.074010029396507
56573,1,-0.0592736409319323
43634,19,-0.007532956685499
43757,12,-0.1123287671232875
51633,9,-0.1037647058823528
12431,11,-0.0595104783234682
44274,8,-0.0154705629565964
46463,16,-0.1314516129032258
44506,20,-0.0711513583441139
59328,1,0.0967637540453074
44768,3,-0.1587048832271762
12490,2,0.0573729795332926
40272,6,-0.0315496739547372
45277,13,0.064110622250157
45306,12,-0.0776150627615062
21573,9,-0.0588468397067564
27705,1,-0.1096774193548386
45437,8,-0.075043630017452
45560,12,-0.1408775981524249
53065,7,0.0102511532547411
45728,13,-0.1850843767011432
46042,10,-0.0130585273757081
46077,18,-0.1409013690416708
52329,16,-0.0463588588588588
82694,11,-0.0808443745789355
22111,18,-0.0432995603135155
42534,11,-0.0538754255958341
46886,7,-0.0158314977973569
46923,15,0.0514516129032258
47002,3,-0.0636555113503393
42067,6,-0.2139175257731959
47088,14,-0.0397977132805628
24432,14,-0.0774097506512839
12650,7,0.0144172635103712
24053,1,-0.0562974600680805
26825,3,-0.0893455098934551
47379,13,-0.0716365754222482
44134,16,-0.0864304235090751
47619,18,0.0095419847328244
47715,15,-0.0568181818181817
17750,1,-0.066085236468261
59045,15,-0.0058050196346253
48072,4,-0.1851573273160335
48144,5,-0.0448807854137447
89456,16,-0.1052631578947369
49488,14,-0.0758339332853372
12781,14,-0.0323377960865087
48486,6,0.0358094110683635
48523,1,-0.082072299285414
48531,16,-0.0623582766439909
48961,12,0.160220994475138
50286,19,-0.1460674157303371
60943,11,-0.0431738623103852
65330,7,-0.0752290001948937
20415,2,-0.0575896262395118
50876,18,-0.017854270548496
81678,11,-0.0492272467086433
49905,19,-0.0081279496591505
21178,10,0.0388228706526474
50017,5,-0.1306497987349051
56223,18,-0.0985352862849534
59774,15,-0.0781877968578735
33849,4,-0.0397669902912621
66245,10,-0.1096071310663585
23835,9,-0.1022792022792022
50623,9,-0.025974025974026
50789,13,-0.0478359908883827
89790,10,-0.1272727272727274
51263,15,-0.191722458916616
15069,8,-0.0293086172344689
45751,9,-0.0202624469316865
34032,18,-0.0630630630630629
51829,5,-0.0013404825737265
39538,3,-0.0909674108288427
51925,10,0.0572886297376094
51960,5,-0.2808988764044944
43449,14,-0.0613460393091125
89915,14,-0.0598639455782313
17478,15,-0.0338431892087197
81061,15,0.0303420315588833
52250,5,-0.0208900999091735
17005,18,0.0131351996815709
22752,1,-0.0191875540190147
42796,11,-0.0504549214226632
53074,15,-0.0892091472129584
87437,10,-0.0039999999999998
89857,8,-0.1516245487364621
53373,10,-0.0607142857142857
53640,11,-0.1038863976083707
24010,3,-0.1128030210744305
53859,16,-0.040604343720491
54253,9,-0.0991649269311064
91109,4,-0.2173174872665534
22592,18,-0.0164061005022271
24248,16,-0.0862706913339824
54675,8,-0.0196078431372549
54704,18,-0.1251588310038119
76591,14,0.0796019900497513
42614,18,-0.089061589061589
22779,1,-0.0434129487757246
28345,8,-0.0654332129963899
65365,9,-0.0801393728222996
69550,15,-0.0424747866563228
59408,5,-0.0078074170461938
84372,6,-0.1179823311484754
13303,17,-0.0635091496232508
90377,16,-0.1473972602739726
55993,6,-0.1104972375690607
78900,15,-0.0826720797195054
25590,1,-0.1199233716475095
52337,19,0.124201107797188
34497,17,-0.1199890170236135
56945,14,-0.0901591043017088
64450,14,-0.106368089573128
47466,7,-0.1788297172912557
60986,7,0.0480800258147788
21207,4,-0.0208333333333333
34673,9,-0.0184590690208668
57534,11,-0.0643243243243244
61815,2,-0.1416214820552542
64311,9,-0.013297097932641
28118,17,-0.057509881422925
44206,3,-0.0712925745716099
38762,7,-0.0421962379257754
23931,16,-0.0443686006825937
58246,11,0.0417380470331725
24766,6,0.0304271503803394
58318,18,-0.1603406326034063
58334,16,-0.0833510074231177
90458,11,-0.1143897298333014
34817,16,0.0196954314720811
58836,18,-0.1021897810218979
34833,8,-0.0479391990646009
72611,5,-0.0259424007272962
58975,1,-0.130807628311788
67029,13,-0.0294117647058823
59089,7,-0.1147357975688414
23026,17,-0.1010944700460828
24440,17,-0.0800921187308084
13610,3,-0.0130014858841011
63714,6,-0.0611386510440137
60098,14,-0.0769230769230768
60186,8,-0.0261918775750439
91531,16,-0.1197001034126163
77157,11,-0.0995958429561201
44230,18,0.0242038216560509
90531,14,0.016100957354221
22509,15,-0.0561027388105037
60506,3,-0.0089129396784974
13688,16,-0.0697625989171178
86136,7,-0.0477509311431573
61146,17,-0.0714285714285715
61269,20,0.0215109275511959
58675,14,-0.0521472392638037
41355,9,-0.0857392825896763
61496,19,-0.1060313371968234
57509,19,-0.3021739130434783
61787,4,-0.0189753320683111
61955,19,-0.231858407079646
22517,3,-0.0714888826343934
13856,14,-0.0138795612267742
50550,15,-0.142091997479521
62341,10,-0.1410134600158353
62368,18,-0.0895121951219513
21936,14,-0.0330188679245283
21776,2,-0.1480263157894736
52898,8,-0.0930587337909991
13901,5,-0.0319504053409631
13928,5,-0.0376764259885687
62958,12,-0.0176817288801571
63125,18,-0.0660511363636363
89968,15,-0.0032837550705041
24459,5,-0.0202751629254164
80185,11,-0.0224765868886576
23501,1,-0.0229257641921396
63715,7,-0.1066075252370755
63830,1,-0.0935023412639596
18163,14,-0.0161598167705816
64486,20,0.0007211885186786
55511,18,-0.1254688032730991
23712,3,-0.1377788673694532
64929,7,-0.0804792290662848
64961,17,-0.0336448598130841
65008,12,-0.2003270645952576
87043,17,0.0245901639344261
27756,14,-0.1032258064516129
65270,8,0.0597484276729558
69649,11,0.0043366844076484
66683,10,-0.0421455938697317
65700,11,-0.1108024691358025
24942,7,-0.0160433604336043
58771,16,-0.1052698574338084
76711,17,-0.010653409090909
76282,18,-0.10656836461126
66617,5,0.0074866310160428
80294,17,0.0248627654065252
84381,7,-0.107861936720997
35991,7,-0.1354935945742275
36003,1,-0.0563333333333333
45495,17,-0.0441590980269339
67847,5,-0.0073558386969657
27633,6,-0.0222499716199342
68196,1,0.0930729325602683
54199,16,-0.0143382352941177
41320,7,0.2264406779661016
76149,5,0.0034944670937682
68591,7,-0.0586281588447653
23085,16,-0.0544508455677383
36281,1,-0.0557135682855269
85926,7,-0.0599941469124964
41574,19,-0.2147024504084014
51625,7,0.0135135135135135
50243,17,-0.0156348795769386
88742,6,-0.0902823374917924
36468,15,-0.0032864530472186
49138,6,-0.1028846153846154
70536,1,-0.01044540796216
70704,4,-0.0104166666666666
65402,3,-0.0580879386849535
60206,6,0.0141748228147149
71176,11,-0.1090371044844069
26614,16,-0.1132262870385697
63335,20,-0.1613454960091219
15720,11,-0.056960936155567
71475,17,-0.0806500150466444
18411,13,-0.0460555310709563
58683,20,0.0528667163067759
66093,8,0.006504524886878
63765,5,-0.1079358100681469
71942,14,-0.0622054665409991
71985,17,-0.052863436123348
17523,15,-0.0036049026676279
72304,15,-0.2339285714285714
39220,15,-0.1929706738303113
72494,19,-0.0336879432624113
43481,6,-0.1145273899033297
43350,11,-0.0042131632885445
18438,3,-0.0286085825747725
72726,11,0.047279214986619
36898,17,-0.0896708286038593
72980,6,-0.0496613995485327
73139,9,-0.0539611005692599
73219,10,-0.1533638366378579
52396,13,-0.0926285160038797
47861,5,0.2800740283775447
73817,17,0.006036217303823
66739,4,-0.1486902927580893
43334,3,0.0073081607795368
52038,3,-0.0469959946595461
37161,16,-0.0551948051948051
74406,8,-0.1913183279742765
74836,4,-0.170974025974026
74908,12,0.0
74932,4,-0.043222003929273
57007,13,-0.11152531842187
43123,2,-0.1651884700665189
44329,9,0.0202651515151515
63773,13,-0.0425124473381846
75460,6,-0.044156184486373
84375,15,-0.030441400304414
51369,3,-0.0704081632653063
37284,15,0.0489176751320947
15579,18,-0.0322243147101903
23579,7,-0.0501436406372421
62092,6,0.0296610169491524
76100,8,-0.0676993689041881
50606,13,-0.158147818343722
93423,2,-0.1017626321974147
14795,11,-0.346992924528302
14816,16,-0.1056385869565218
62308,11,-0.356201171875
76639,5,0.0187838268067495
76946,14,-0.0497076023391812
61209,5,-0.1749019607843137
55001,1,-0.0018298261665141
92583,10,0.0951324245655493
59600,3,-0.1273827534039333
45356,13,-0.0537280701754386
76185,20,-0.0052625808573619
77730,6,-0.0087906233351091
91103,10,0.129534940345751
17929,7,-0.0388118811881188
79244,15,-0.1221374045801526
77973,12,0.0047961630695443
78044,15,0.0403196512895023
24985,16,-0.0594422700587083
48725,17,-0.0144360902255639
63781,5,-0.0796164463170129
89329,8,-0.1161290322580644
78749,10,-0.1137469416288011
92655,18,-0.0085626911314985
53663,16,-0.0929992250064583
78829,11,-0.1066414260924435
87447,1,-0.0542567699201246
78960,12,0.0704225352112677
79039,5,-0.0508083140877597
79303,8,-0.0696889317578972
17830,1,-0.0892161108705067
79338,12,-0.2320143884892086
67360,16,-0.0540939994088086
59619,9,-0.057788944723618
16555,3,-0.0617886178861788
79573,4,-0.1956043956043955
79637,15,0.1131996658312446
79776,7,0.0110808709175738
43553,17,-0.0274603174603174
79864,20,-0.1528725824800909
80128,11,-0.041592629154327
27043,11,-0.0119076256916044
81116,13,-0.0684380032206118
61700,4,-0.0873015873015873
57808,11,-0.0490639122014202
15202,9,-0.0097254901960783
81510,12,0.0082644628099173
86008,4,-0.0753623188405797
21231,8,-0.0955916473317866
53225,6,-0.0450627208235886
24969,11,-0.0742840095465394
46068,5,-0.1160129120610388
81702,16,-0.0693160813308687
42059,16,-0.067133172971791
63829,4,-0.1159420289855072
79066,19,-0.311178247734139
62498,13,-0.0339023233760076
66384,15,0.0822307692307693
59467,19,0.1877067254685778
38033,16,-0.0529004013133892
39917,1,-0.0534904805077063
92872,15,-0.1595069107209562
25419,7,0.0245654360005744
38156,15,-0.0271431025596976
58819,1,-0.0716398291160039
25099,1,-0.0783073246168986
42286,4,-0.0690713737528778
84403,9,-0.00438421681945
27983,11,0.0659163987138264
63079,12,-0.3282275711159738
59483,19,-0.0686588402703664
88857,16,-0.0859750240153698
38295,10,-0.0763779527559054
84129,11,-0.0220563284696301
90756,6,-0.167657122276247
72996,14,-0.0329461457233368
87426,6,-0.1001799640071985
86191,12,-0.0597014925373133
88664,7,-0.0181726400807672
15318,16,-0.0088495575221236
71563,3,-0.0611209738777579
80072,13,-0.0332996972754793
85586,1,-0.0475123263110711
35917,11,-0.0487375220199648
70332,5,-0.0239334977619439
10147,8,0.1123766135155657
10028,4,0.0616438356164383
69032,5,0.000309310238169
10138,5,-0.0799668285748134
10107,18,0.0350119904076737
10200,19,-0.079859587538394
89954,18,0.0122338548406069
10302,17,-0.0733272227314391
10299,5,-0.062353940939027
10363,14,-0.0786679536679536
10333,10,-0.1546840958605664
10382,11,-0.1141750227894258
10397,16,-0.0728027159562429
10257,10,0.0846560846560846
10463,5,-0.1435643564356434
70033,7,-0.1149606299212597
10421,2,-0.1252045826513912
91204,11,-0.0790308624170753
10530,8,-0.0450581395348836
79698,18,-0.0297787861599545
10606,7,-0.0529726227118094
10550,12,0.0238095238095237
79785,18,-0.0209803758209695
75070,1,-0.127564493195206
89849,18,0.2266065388951523
10547,20,-0.2334723049434187
68857,2,0.0889518413597734
76123,5,-0.1018482107746755
79903,17,-0.0876216968011127
10667,4,-0.0574506283662478
10355,20,-0.18404378537907
10661,17,0.0666666666666666
45225,4,0.0249221183800623
75596,19,0.0821052631578946
10693,18,0.0685809868971285
10649,20,0.2432045779685263
79909,10,-0.1520395550061805
75517,16,-0.0944071588366891
10696,17,0.0223806366047745
89386,20,-0.1050384286934245
44813,19,-0.0725806451612903
89891,14,0.0798898071625344
70500,9,-0.0487651737128504
93179,19,0.0219298245614034
75224,15,0.0104253932793445
89659,10,-0.0681399631675875
35124,9,-0.1040843214756258
71191,17,-0.0215384615384615
10853,20,-0.0535748331744518
22323,19,-0.2147435897435897
10026,7,-0.042817679558011
10812,5,0.0527179006560449
10909,17,0.0701822411787516
88779,19,0.422776911076443
90441,18,-0.0990042674253199
75222,10,-0.0939284958747621
10860,8,-0.0441347270615561
10443,3,-0.0488990563340006
10032,11,-0.0914760914760914
70308,1,-0.0182719676797354
85570,12,0.078031212484994
11701,5,-0.0694497153700191
10001,13,0.2229601518026567
75215,8,-0.0009002925950933
77453,15,-0.0442847593582889
10838,19,-0.2200956937799043
11292,2,0.0909090909090908
87816,4,-0.3662711864406779
64390,16,-0.0757097791798107
65294,17,-0.0664045434687636
12173,8,-0.0036101083032491
11378,9,-0.0506045678459471
11403,7,-0.0377358490566037
85991,19,0.0015941698929629
11481,2,-0.1222921034241788
75470,2,-0.1191972920696324
11552,8,0.0147880763856544
75107,5,0.0182975338106603
11547,9,-0.116647791619479
89048,19,0.0574074074074073
11600,16,-0.0196409714889123
75104,6,-0.0813204508856683
11043,5,-0.0091807909604519
11654,12,0.0151515151515151
11638,6,-0.01599600099975
11641,2,-0.0271055179090028
11394,12,-0.0071942446043165
75526,2,0.0615942028985507
11533,6,-0.1036700125470514
11707,20,0.0178743961352656
11775,11,-0.1062015503875969
11781,4,0.0223134328358207
75233,14,-0.0072533849129593
75186,7,0.0304493130337912
11809,8,-0.1030350194552528
11731,9,-0.0558482613277133
11825,17,0.0325406758448059
75261,20,-0.1297297297297297
37217,17,0.0273809523809522
75272,1,-0.0536707317073169
88197,16,-0.0847457627118645
85789,7,-0.1505901505901505
11618,5,-0.1037583350171752
11896,11,-0.1330967169476486
84769,7,-0.0017645837658293
10180,19,0.0204511278195489
11884,1,-0.1157360406091371
75182,5,0.1328315315700603
75577,13,-0.0586881472957422
75241,15,-0.0363343196553674
75320,13,-0.0419117647058822
75285,6,-0.0820271066588096
10901,9,0.0253784505788068
75316,13,-0.0557275541795666
11891,15,0.0166666666666666
11955,14,0.0035770176615248
84176,6,0.0245746691871455
11752,17,-0.0511756569847856
81774,12,0.0197260273972601
12149,19,-0.1036496350364963
12248,14,-0.0373613800387256
75573,10,-0.1195079086115994
75326,4,-0.1863013698630136
84387,18,0.0192307692307691
17743,14,-0.0367091340963076
12226,5,0.0113065326633166
78664,15,-0.161705685618729
12062,16,0.0125976562499998
12190,4,-0.0501277955271566
80926,19,-0.1519313304721029
12209,3,-0.1065808297567953
11992,16,-0.017094017094017
36346,16,-0.0728282168517309
85269,18,0.0139720558882234
92029,7,-0.1691581431943352
75591,6,-0.0609363388654942
82540,4,0.0550458715596329
75447,17,0.0091743119266054
76573,17,-0.0537232233934036
10375,16,-0.034208918753818
75694,5,0.0081019768823593
63467,16,0.0022793878215565
75649,16,-0.1653139683895771
75646,15,-0.0198558090060275
75654,8,0.0671874999999999
12073,16,-0.042847725774555
75603,5,-0.0136323658751098
10051,14,0.0063593004769475
93101,6,0.0542991491267355
75825,2,-0.0634947800787266
75853,13,0.0146198830409356
75854,18,-0.1709090909090909
11131,20,-0.0370370370370369
76148,2,-0.0650620534035352
15070,16,-0.0208172706245182
75556,17,-0.0292580982236155
86124,11,0.0130494505494505
11628,14,-0.0982367758186399
75831,13,-0.1231422505307855
11748,12,0.0508796956728483
75828,15,-0.0632840814050738
11348,16,-0.009054895302773
23799,2,-0.0891891891891891
11285,9,-0.1237057220708448
11442,11,-0.0769060283687943
86896,16,-0.0267955801104974
11018,14,-0.0551470588235295
11513,12,0.0191780821917808
87952,7,-0.0669485553206482
10252,16,-0.0487232933819699
89440,18,-0.0707196029776675
90086,16,-0.0913070669168231
12189,11,0.040050377833753
11208,5,-0.1330798479087451
52936,16,0.0463435374149658
56611,16,-0.0264650283553874
56710,10,-0.0509956095967363
10297,8,-0.0144546649145861
12068,16,-0.0630252100840335
75860,4,-0.0902953586497891
11786,6,-0.0651689247127422
75509,11,-0.0923352756611384
81577,16,-0.065537226928221
10932,11,-0.0909955611921369
11293,11,-0.0373711340206185
11750,8,0.1599999999999999
11593,10,0.0234192037470726
69586,19,-0.0478380864765408
35685,16,-0.0505520046484602
89207,5,0.0346320346320345
10308,16,-0.0767953507679535
77519,16,-0.0134730538922155
92807,14,-0.086206896551724
83469,16,-0.0306939501779359
86814,16,-0.010124252185918
92716,16,-0.003751563151313
86384,16,-0.0160714285714285
10781,14,-0.0073284477015322
84725,18,-0.0388073828679602
83642,7,-0.0119604784191368
87759,20,-0.0813905442987683
90534,16,-0.0256541816316059
12166,15,-0.1269841269841268
10913,20,0.045152722443559
77643,11,-0.0715835140997831
77379,16,-0.0475302889095992
11006,16,-0.0997952917093142
86382,16,-0.0447504302925989
77889,5,-0.0273660205245154
11565,13,-0.0238095238095238
75714,18,-0.0193285859613427
81620,16,-0.0569169960474308
75912,7,-0.0731958762886597
85299,11,-0.046383647798742
93191,19,-0.0142909490655918
89738,15,-0.0676416819012797
77415,16,-0.027060782681099
47723,13,0.4773445732349841
83155,8,0.0047951176983433
79851,19,-0.0261569416498993
89211,14,-0.08895966029724
11844,16,0.0225014611338398
89141,17,0.0066877206018949
76266,16,-0.0240932642487046
91855,9,0.006092916984006
85726,5,0.0506134969325153
75906,3,-0.0271450858034321
77236,15,0.149741210066036
77528,16,-0.0209255533199196
79747,7,-0.0690058479532164
89828,16,-0.085990338164251
11397,11,-0.0644547185205332
20395,11,-0.0461634435433563
84516,1,-0.0757054370268409
77300,8,-0.0643686246922264
76215,6,-0.0165346995808104
93310,4,-0.0999999999999999
87652,6,-0.0057471264367816
76082,4,-0.0348564733450497
76095,14,0.0284023668639052
84184,19,-0.3007692307692308
76963,10,-0.0578699340245051
76127,8,-0.065365025466893
76128,17,-0.0596658711217185
92897,4,-0.1136363636363637
76135,11,-0.0953307392996108
78981,11,0.0332812499999999
76138,6,-0.0794680506000647
76139,6,-0.1313028764805414
76868,1,-0.4146778042959427
88965,18,-0.0144062153163151
89655,8,0.1935599928044611
76383,10,-0.0762411347517729
76392,13,-0.1496688741721854
85875,11,-0.061111111111111
76544,10,0.0135090361445784
83671,7,-0.0210373594486761
76202,13,-0.0394126738794435
76201,1,-0.1306277742549143
87053,5,-0.0631067961165049
76207,10,-0.0969051243023846
93087,12,0.0596026490066226
76360,20,-0.1143617021276595
89369,19,-0.3226521563885529
90069,4,-0.2919642857142858
90053,12,-0.0183823529411765
77486,10,-0.2775330396475771
76330,12,0.0777777777777777
76230,2,-0.1637347767253045
76461,12,-0.2903811252268602
89948,12,-0.0125673249551166
11644,10,-0.1796116504854369
76261,9,-0.0408851706922143
76224,9,-0.0521978021978022
77256,9,-0.0533333333333334
76279,20,-0.1811527904849038
76477,6,-0.0297939814814813
76478,16,-0.0314665127020786
90608,4,0.0702720935462108
79037,13,-0.0735650767987063
78071,17,0.009090909090909
76529,16,-0.0418459131795072
76515,16,-0.0092188258127121
76504,11,0.0011737089201877
76879,4,-0.2295081967213115
88284,18,0.0513555212695615
76582,1,-0.1204379562043794
76584,8,-0.1248665955176093
76613,4,-0.1113744075829383
76614,19,0.1194817148723759
76978,10,-0.1621621621621621
76624,8,-0.1156373193166885
76644,2,0.2860983102918588
76888,19,-0.1853035143769968
76837,17,0.0082199546485259
76661,20,-0.1004354136429609
76686,3,0.0814249363867685
76695,8,-0.0168858039110992
76856,11,-0.0204896683451989
76709,7,-0.0680542735603597
76934,8,-0.058282208588957
76712,3,-0.0604501607717042
76721,8,-0.1084550686144311
76684,16,-0.0815402038505097
76732,11,0.0196251100767392
91403,11,0.0596953478797859
76736,15,-0.1504073117424995
88031,5,-0.0995354075742643
76744,15,-0.0609421208280525
76750,5,-0.045121263395375
76788,5,-0.0142531356898517
76795,15,-0.027332361516035
76869,8,-0.1107078039927403
76798,17,-0.1523809523809525
76892,16,-0.0054054054054053
81564,16,-0.0517415811533458
76841,20,0.0605119089150361
89213,7,0.0626959247648901
77235,15,-0.0636704119850186
77037,6,-0.0031799623115578
77202,10,0.0125313283208019
77090,5,0.0087931034482757
77117,18,-0.0449122807017544
77114,8,0.067403896787783
77217,19,-0.1699029126213591
77165,15,-0.0007555723460521
77182,5,0.0321762508353629
77191,8,-0.117090909090909
77175,4,0.2208588957055215
77178,1,-0.0691919191919192
77173,12,-0.1304347826086956
77259,17,-0.140495867768595
90464,8,-0.0279220779220779
77271,20,0.1210664335664335
77274,10,0.1042093836690387
77292,10,-0.0309917355371899
77279,1,0.0699616339426765
77282,20,-0.0088905325443786
77281,4,-0.010357235309345
77327,4,-0.0889830508474576
77340,12,0.0092402464065708
77338,18,-0.013286625113802
77366,3,-0.0865384615384615
77393,4,-0.1672131147540982
92871,20,-0.0316410861865407
77413,8,-0.0836501901140683
77418,18,0.1817793594306049
77425,19,-0.0048413125336201
77437,10,-0.1773399014778325
77447,14,-0.0420983390889656
77496,15,-0.0980916582333382
77768,14,-0.0353809093646493
77505,5,-0.1341059602649006
77507,14,-0.0341972642188626
77515,4,0.0521472392638038
77520,16,-0.1335823550337957
83738,16,-0.0879143088116409
77599,4,-0.1666666666666666
77610,12,-0.0448598130841121
77605,6,0.0007830853563037
77649,9,-0.0486163051608077
77629,9,0.0219362386662766
77630,10,-0.0962566844919786
77660,5,-0.0761575954508529
77661,10,-0.1578519121236777
77668,14,0.0046156065195444
89810,15,0.0256410256410257
84776,17,-0.1336710833982852
77702,10,0.0038769707934869
87505,16,-0.0569763677565555
90352,19,-0.2370689655172413
77763,5,-0.0702822357498615
77780,2,0.0098901098901098
77785,6,-0.1447797716150082
77868,6,-0.1176470588235294
77892,10,0.0467836257309941
77902,11,-0.0762602326583369
77918,7,-0.064873587950511
77917,20,-0.2406522350295192
77971,15,-0.025
78001,17,-0.1426086956521739
78018,19,-0.047244094488189
78015,3,-0.1145166209210124
78186,10,-0.1476063829787233
78077,9,-0.0080624187256177
78068,4,-0.0335820895522389
78066,4,-0.1013513513513513
78091,12,-0.0653768867704097
78081,19,-0.2106277091025846
91402,1,-0.0807445908376647
78189,19,-0.0618695652173911
78139,13,-0.0890890890890891
78172,17,-0.1168941979522185
78170,5,-0.0661117717003565
78211,20,-0.0701619121048573
78137,13,-0.0764741641337386
78156,17,-0.0979911807937286
78213,17,-0.0833333333333332
78840,7,-0.0293225480283114
91128,15,-0.1495222929936306
88944,16,0.0265177948360084
78841,12,-0.045643153526971
86889,19,-0.1018935978358881
78908,8,0.0597329585382993
79033,16,-0.1573033707865168
78875,1,-0.0544544544544546
78876,9,0.1005586592178771
78916,20,-0.0394082492714639
79019,2,-0.0034398034398035
79065,12,-0.15625
79006,19,-0.124567474048443
48653,6,-0.0788443470090822
78990,8,-0.1642512077294685
78950,6,-0.1212793492327602
78987,11,-0.0776480229461176
78977,18,-0.0581297388374052
79072,11,-0.0161550888529886
79089,8,-0.0623804056639877
79108,15,0.0223880597014924
79131,11,-0.0196078431372549
79116,11,-0.0332757130509939
79133,11,-0.0881957916728847
79103,6,-0.0039841298815318
88597,20,-0.0994304698623634
79150,19,-0.0921649039499243
79166,11,-0.045420974889217
79198,17,-0.1129607609988109
79159,20,-0.2253767198078183
79237,2,-0.1041527870308682
90783,20,-0.1029228855721391
79323,18,-0.0045980926430516
79299,8,-0.0165133286152394
79248,20,-0.0584926884139482
79249,10,0.2144680851063829
83659,4,-0.1440443213296398
79336,18,-0.0225225225225226
79265,11,-0.0417506478548803
79313,14,0.0177059276366435
79444,10,-0.1867920495832443
18649,16,-0.0489014883061658
79382,7,-0.0588850174216026
79399,2,0.0673701298701299
79666,18,0.0263736263736265
79507,3,-0.1756935270805812
79499,2,-0.0559006211180124
79545,17,-0.0450989415554532
79490,4,0.0
88568,12,-0.0023798191337458
79491,5,-0.0597443630618985
81103,12,0.0773638968481373
80069,19,-0.1160027952480783
79564,20,0.0504150015370428
79588,20,-0.0427734531739025
85913,6,0.0095163806552263
79628,17,0.0676284941388638
79668,15,-0.1312691914022516
79731,1,-0.0052173913043478
79758,5,-0.0931574608408903
79686,10,0.0252519402293525
79734,18,-0.0154639175257732
79824,17,-0.0634364042078419
79857,6,-0.0168860904407555
79906,20,-0.1571580439404677
79790,19,-0.3254189944134078
79862,16,-0.0528691166989039
79839,13,-0.1127003699136868
79791,10,-0.0431778929188255
79878,1,-0.0930184379531801
79915,12,-0.0882352941176471
79841,18,-0.0643678160919539
80223,9,-0.0714285714285714
79879,2,-0.0481154771451485
79796,14,-0.0423791821561336
79884,2,-0.1637426900584795
79859,16,-0.0062578222778473
79885,8,0.0101102941176469
80034,17,-0.0714285714285712
80049,15,0.1378874130297278
80080,3,-0.098111047510017
80001,10,-0.1684491978609626
80012,5,0.0979591836734692
80007,9,-0.0961313012895661
80050,11,0.0481527604815275
84723,19,-0.0131101813110181
80079,6,-0.0433504078922406
80054,5,-0.0559026635975008
80167,15,-0.0365111561866124
80113,11,-0.0037523452157599
80112,2,0.0403071017274472
76697,1,-0.0084256138661531
80236,16,0.0447585394581859
80204,7,-0.0592199924271109
80254,15,-0.211526414700355
80191,14,-0.142097902097902
80193,19,-0.2683508102955195
80237,19,-0.2578475336322869
80266,17,-0.0981169474727453
80361,9,-0.0583388578463869
80306,19,-0.0180392156862745
80375,2,-0.1139393939393939
93223,7,-0.0212031085100259
80343,20,0.1336982017200938
80316,13,-0.2935222672064778
80362,8,-0.059611344537815
80368,19,-0.0782608695652172
80341,19,-0.0858316221765913
80336,2,0.0654252642174131
80357,12,0.0484191176470587
80303,12,0.1432160804020099
80485,4,-0.093984962406015
82541,14,-0.1253263707571801
80415,20,-0.0366991938905388
80478,18,-0.0011207621182404
80539,10,-0.1770670826833073
46392,3,0.0835308056872037
80587,5,-0.079155672823219
80569,14,-0.0122894736842105
80524,8,-0.1626297577854671
80592,4,-0.2223650385604113
80534,5,-0.1505376344086021
80498,6,0.0129870129870131
80560,19,-0.1546142208774582
80563,4,-0.1367380560131795
80575,11,-0.1636413641364136
80625,19,-0.0505154639175255
89099,4,-0.1117647058823528
80633,19,0.0772727272727271
80759,16,0.0461871541977387
80774,9,-0.0369437447523089
80828,3,-0.0675413022351796
80791,17,-0.0141843971631205
80795,2,0.2054958183990443
80808,7,-0.0073529411764706
80837,4,0.4154929577464787
80858,12,-0.0141843971631205
80928,5,-0.1043062200956937
80924,18,-0.0231213872832369
80955,18,-0.0390186125211505
80864,1,-0.0740740740740739
80918,4,-0.0957613814756672
80943,12,-0.0639269406392695
80951,6,-0.038764576110936
81010,20,-0.1148464314001583
80960,19,-0.1151219512195121
80957,20,-0.0637931034482759
80969,20,-0.076863354037267
80990,1,0.0662047729022323
81084,12,-0.0346020761245674
81095,16,-0.086219602063375
81055,18,-0.0370460048426148
81182,2,-0.0516898608349901
81162,16,-0.0718085106382977
81184,17,-0.1123768472906403
81173,10,0.0199430199430197
81128,4,-0.1473936488915518
88379,5,-0.0619520748100524
90359,9,-0.0642201834862385
88865,19,0.0018975332068311
86993,5,0.1055555555555556
85205,5,-0.0828402366863905
81220,10,-0.145413142485361
81241,13,-0.0547818012999071
81256,7,-0.010155721056195
81254,2,-0.0160642570281124
81292,16,-0.0443835616438355
81282,9,-0.6643381694429518
81278,15,-0.0257404248720731
91731,14,-0.0015882983045839
81298,8,-0.0179487179487179
81501,3,-0.0169805495523309
87532,7,-0.0586166471277842
81540,18,0.0584916047343793
81566,5,-0.0712945590994371
81541,16,-0.0040665434380776
81546,15,-0.0068754774637127
81560,18,0.012224
90470,16,-0.0324114088159032
81588,12,-0.0396039603960396
81539,4,-0.0113692535837864
81565,14,0.068472090823084
81584,3,-0.096345514950166
87476,16,-0.0168896687870148
81624,4,-0.2303030303030302
81621,8,-0.1957104557640751
81705,15,-0.155736801498953
81736,5,0.0219237606162354
85332,17,-0.0208034433285508
81740,20,-0.0702158273381294
81761,12,-0.08
81857,3,0.0472603751292275
81696,15,-0.0493239090350338
81666,20,0.0160466812545585
81665,8,-0.0487125956854557
81677,1,-0.0231262864753601
88719,16,0.0446224256292906
81776,19,-0.1150442477876106
89611,4,-0.0388732394366198
81893,14,0.1381107491856676
82251,8,0.0158159208329691
81850,4,0.0207916666666667
81869,17,-0.0060240963855421
82171,5,-0.0216513761467889
81925,17,-0.1969407265774378
91262,17,-0.071370420624152
82212,5,-0.0812933025404156
82179,16,0.0076498087547811
82176,3,0.0144665461121158
82234,17,-0.0741626794258372
82281,4,0.0192307692307691
82272,17,0.0177128116938951
82266,12,-0.0916442048517519
82287,20,-0.0030075187969925
82261,1,-0.0942655145326002
82508,10,-0.0724563206577595
82298,17,-0.0572234535563168
82518,8,0.0852105778648382
82515,18,-0.0318246110325318
82521,4,-0.0716332378223495
82513,19,0.3425482109017947
82307,17,-0.0259955752212388
82575,19,0.0153923795104717
82567,10,-0.002262443438914
82581,18,-0.0202688466562723
82618,20,-0.1218040792875612
82649,17,-0.06481905634448
82552,2,0.0157575757575758
82643,7,-0.0026993355481726
82546,8,-0.0033773411114522
82547,1,-0.1262337662337662
82642,8,-0.0107729598707246
82651,3,-0.0095748755266181
86042,20,-0.2303815694744421
82634,15,-0.0139585272011453
82573,11,-0.0958637469586375
82587,17,-0.2084893882646691
82607,6,0.0136260408781225
82599,5,-0.1110835606248449
82762,12,-0.2938775510204082
82779,20,-0.0606277056277055
82720,4,-0.0621093750000001
82686,13,0.0828137490007994
82759,17,-0.0314331379861481
89736,14,-0.0363930448847554
82768,4,-0.0216304347826087
82664,20,-0.1325071496663489
82702,1,-0.2200733577859286
82699,4,-0.0368814192343605
82747,19,-0.1037735849056603
82800,2,0.0819888047415211
82812,12,0.4571428571428573
83875,4,0.2305830139197093
86122,19,-0.1057692307692308
87832,5,-0.0422535211267605
83529,19,-0.1862348178137651
88177,4,-0.1555555555555555
84825,5,0.0337698139214335
90710,10,0.1220588235294117
83145,6,-0.0722021660649819
87471,4,0.0090702947845804
91910,5,-0.0331753554502368
83149,12,-0.1051470588235293
83120,9,-0.1404805914972273
84397,1,-0.0220905172413793
91187,10,-0.071264367816092
37381,4,0.1147540983606558
83111,15,0.0175360640000001
83124,11,-0.002680965147453
82859,15,0.0
83303,12,-0.1059602649006622
83307,9,-0.0187265917602996
83143,14,-0.0547249647390692
83272,9,-0.0837301587301586
83304,13,-0.0579029733959312
83244,10,0.1989795918367347
83390,8,-0.0015349194167305
86080,4,-0.0986301369863013
83413,1,-0.0914127423822714
83411,3,-0.0310502283105023
84215,10,0.0150526315789472
83414,16,-0.060216780409474
83421,5,-0.1290505969300739
83366,10,-0.1919283675058396
83382,19,0.3194444444444442
83405,17,0.023144453312051
83422,11,-0.0473999079613438
83520,4,-0.1937984496124031
83504,8,-0.0236599099099099
93043,13,-0.0365650969529085
83509,13,-0.0227392913802221
83462,5,-0.1304659498207885
83565,8,-0.1059390048154093
83503,9,-0.098692033293698
93312,15,-0.0205789235639981
92851,11,-0.0068985340615119
88811,20,0.0693960275638427
86091,14,0.0120856353591158
83616,6,-0.0347923681257015
83690,6,-0.0174880763116057
89202,10,0.027479091995221
83621,3,0.0147718280137167
83633,5,-0.0696909927679159
83630,2,-0.0134388998854046
83661,10,-0.0501904761904761
83602,4,-0.0639534883720929
83683,14,-0.0199449793672626
90082,6,-0.0450725744843392
83774,16,-0.0392512077294685
83779,17,0.0118371212121211
91050,19,-0.2857142857142857
83799,12,-0.0131403542182441
83756,12,-0.250778816199377
83916,9,-0.0503621938599516
83879,18,-0.0537735849056604
83844,10,-0.3460365853658536
83856,15,-0.0583771161704611
83883,12,-0.1019184652278176
83862,6,-0.0112888052681092
83910,8,-0.1299227799227799
83906,14,-0.0065022800202667
83885,12,-0.0248756218905471
83903,8,-0.0623441396508728
83831,1,0.0717595944967415
83969,15,-0.0709624796084827
92530,11,-0.0743385132297353
88436,15,-0.0419880034275921
83950,2,-0.1340713407134072
83961,13,-0.0919301164725457
83965,15,-0.178763440860215
84030,12,0.1666666666666667
88905,4,-0.2359550561797753
84026,10,-0.041522491349481
89758,2,0.0275050000000001
84103,1,-0.0647564469914039
89425,9,-0.0439921208141825
84062,2,-0.0183328559152103
84636,16,0.0071739130434782
84042,15,-0.0616161616161615
84010,15,-0.1828768876375736
84060,10,-0.1277570896591233
84041,13,-0.0926668576339156
84032,3,-0.015907710989678
84168,18,-0.0174597740499828
84203,20,-0.1313588850174215
90666,5,-0.073611111111111
84234,15,-0.0603092783505155
84172,10,-0.2064629529475391
84262,3,0.1816155988857939
84210,16,0.021119324181626
84348,3,0.0087991718426501
84325,20,0.0692102928127773
84365,8,0.0112545514730222
84342,17,-0.0061162079510703
84364,9,-0.0193970553867726
84302,12,0.1982758620689655
84320,15,-0.019510854630393
84373,13,0.0410632134946329
84319,19,-0.0554905921122568
93131,14,0.004087021197471
84331,14,-0.0325435851586947
86440,6,-0.0827653359298928
85176,15,-0.0597034683611332
88984,18,0.052158273381295
84438,1,-0.1014778325123153
84385,3,-0.033030303030303
84413,12,-0.1518072289156626
84531,16,0.0263345195729536
84563,16,-0.0314836678473042
84555,19,-0.356701030927835
84624,17,-0.0246243739565943
84606,15,0.0373134328358208
84389,18,-0.0473770491803279
84597,7,0.0245614035087717
84737,17,-0.0938661710037174
84749,5,-0.0419148936170212
84761,10,0.006294964028777
84607,5,-0.0145631067961166
84656,7,-0.066335147307187
84734,19,0.011049723756906
84780,16,-0.03000577034045
84827,10,-0.1951048951048951
84788,5,-0.0363015271876346
85079,15,0.0251423149905123
85035,15,0.1637122002085507
85002,19,-0.2836522322927156
85072,3,-0.0300578754122844
85067,2,-0.0385867038586704
85013,8,0.1593830334190229
85077,10,-0.0790155440414507
85020,7,0.0149041873669268
85059,11,-0.0569620253164556
85168,5,-0.0334473584188521
92245,15,-0.0609024227606135
85187,5,0.2186046511627906
85177,10,0.0
85173,14,-0.0729570345408593
87364,10,-0.3423597678916827
89022,14,-0.000821904562376
85198,17,-0.080119581464873
85246,7,-0.0212833293773241
89038,1,0.0112311015118791
90942,4,-0.1194029850746269
85280,20,-0.113341033785735
86818,10,0.0004697776385844
85320,19,-0.0201511335012594
85319,18,0.0047696603071196
89898,4,-0.2797619047619047
85401,4,-0.0638297872340424
85349,10,-0.036042944785276
90012,5,0.0163204747774479
85333,20,-0.1638297872340425
85348,1,-0.1453201970443349
85372,3,0.0307410423452769
91908,4,-0.0222222222222221
93295,15,-0.0305707311402998
89270,8,-0.0118343195266272
90875,5,-0.0641476274165202
85418,16,-0.0859133126934984
85502,19,-0.006323396567299
85440,13,0.023320895522388
85488,1,-0.0067415730337079
88635,14,-0.1144999999999999
85517,3,-0.0046699214604117
87139,13,-0.0243589743589742
85424,9,-0.0775357012083486
89615,10,0.0235414534288638
87837,15,-0.0063492063492063
85427,10,-0.1232356778555331
85419,15,0.0335570469798658
85496,8,-0.0232300884955751
85540,17,-0.0094091903719912
85621,9,0.0156411255091684
85627,18,-0.0884557721139429
85539,4,-0.15
85571,4,0.109048723897912
85798,5,0.0227518959913324
85593,10,-0.0299415301821582
85567,4,-0.2694262890341321
85576,8,-0.0144167758846658
85522,5,-0.2284828862164662
85526,10,-0.1106719367588932
93285,4,0.0347826086956521
85686,20,-0.2841726618705037
85725,8,-0.0477910530702972
85675,7,0.0480579328505594
85559,6,0.0310077519379845
85645,11,-0.0187899786780385
91419,10,-0.2158536585365853
85710,18,-0.0644768856447688
85663,20,0.0111715840733315
85728,5,-0.0124999999999999
85883,13,0.024561403508772
92878,1,0.0040281973816718
89938,5,-0.1110406091370558
92557,12,-0.1098398169336384
92320,15,-0.1305767138193688
85731,16,-0.0111870727159726
85751,18,-0.0256166982922201
85656,5,0.0001896693431118
88183,14,-0.0188434048083171
85744,10,-0.1576313594662218
85753,14,0.1073550501946321
85768,15,-0.0434782608695651
85724,4,0.091880341880342
85738,13,-0.0255731922398588
85792,9,-0.0315211104684788
85839,9,-0.0326906957250628
85966,5,0.0919175911251981
85886,15,-0.0120889748549323
85889,1,-0.1134453781512606
92560,4,-0.035
88384,14,-0.037780401416765
85931,6,-0.1565745326729509
85903,4,0.0114832535885167
85804,2,-0.0497484628283957
85739,4,0.0837004405286343
88203,10,0.1698275862068965
85963,8,0.0307112068965518
86102,11,-0.0873221216041397
86111,1,0.0490108913091797
87014,16,0.0
85860,16,-0.0362860192102454
85863,11,-0.0954627949183303
87488,14,0.0078947368421053
32687,5,-0.096014492753623
85829,16,0.0335628227194493
87501,9,-0.0729783037475345
87508,19,-0.1005154639175256
88820,9,-0.1277699198491277
88951,14,0.1075429424943987
85939,17,0.0
85951,18,0.0248538011695906
90603,20,-0.0613367174280879
85953,13,-0.0372
86302,11,-0.0208078335373317
87614,16,-0.0703703703703705
85994,17,-0.0160183066361556
89821,6,-0.0287053309900411
85992,17,-0.1472553006099332
85972,16,0.0360086767895877
86047,20,-0.2084078711985688
89681,3,-0.0367395507957756
90331,10,-0.0199449793672626
90544,15,-0.0272556390977444
86062,8,0.1542056074766356
86026,1,-0.068566133889275
86021,9,-0.1307660455486543
86097,1,-0.0249227600411945
86051,17,0.0046728971962615
86113,14,-0.0324825986078886
86048,11,0.0050251256281408
86196,6,-0.0232321777520444
86128,15,-0.0041816009557943
88341,14,-0.0095846645367411
86211,5,0.0178495235386146
89279,14,-0.0168742466854159
87404,4,-0.0124999999999999
86150,4,-0.0786885245901638
87318,6,-0.0130370370370369
86157,11,0.0510677808727948
92919,2,-0.0501813784764206
86158,4,0.0028624003271315
87067,16,-0.0601374570446735
88836,19,-0.2217898832684824
86155,6,-0.2139605462822458
86178,4,0.0007645259938837
86288,15,-0.0912941771511665
90221,14,0.0009478672985783
86228,11,-0.0010534632604687
88257,8,-0.0263543191800877
89643,14,0.0
86299,10,0.0411622276029055
86236,17,-0.1153039832285115
86250,1,-0.0433369447453955
88516,19,-0.0187499999999999
86233,19,0.8778877887788781
86260,4,-0.0699588477366256
92935,5,0.0477272727272726
86728,19,0.0156507413509061
86312,8,-0.0559813395534822
87160,8,0.1300000000000001
86305,11,-0.095615671641791
86339,1,-0.0010772959870724
88850,12,-0.1245136186770426
86362,13,-0.073051948051948
86356,14,0.0553335996803834
88940,20,-0.0780141843971632
86868,14,0.0324295269947443
87658,4,0.0493273542600896
89109,15,-0.0775193798449612
91431,17,-0.046242774566474
90914,5,0.0316770186335404
86435,19,-0.2090196078431372
86432,11,-0.071405750798722
86489,12,-0.0222652468538238
86544,5,-0.095389507154213
86525,5,-0.0040711377758732
86526,5,-0.0135810810810811
86533,14,0.0732099758648432
87069,14,0.0055777552642184
86573,14,0.0018995736617715
86578,10,-0.0700636942675159
90591,16,-0.0337763012181616
87342,19,-0.0554592720970535
86582,16,-0.0083333333333333
86547,18,-0.0264690312334568
91608,14,0.0218274711588286
86560,1,-0.1192917054986021
86719,9,-0.0265790225778793
92094,14,-0.0144444444444444
86709,19,-0.0536779324055667
86595,5,-0.0116429495472186
86717,8,-0.0538101604278076
86720,18,-0.0901495162708883
90590,16,-0.0494425593795443
86759,4,-0.2958801498127341
86763,19,-0.1639969488939739
86778,3,0.0172855313700384
86783,15,0.0327929758935992
86810,12,-0.0232477446217904
86820,16,-0.0378289473684211
86822,12,0.0585585585585584
86819,4,-0.0499999999999999
86827,13,0.0091891891891893
86799,8,-0.157369220751031
86830,2,-0.1102384291725104
86899,7,0.1549114331723027
86916,19,-0.1122448979591838
92318,16,-0.0591979630808403
86924,13,0.0082987551867219
86876,18,-0.091340588099097
86946,1,-0.0745650372825186
86964,8,0.0103194544149318
86949,15,0.1415754923413565
88368,14,0.0578078078078077
86996,6,0.0452590420332357
87006,18,0.0276867442648887
86989,4,-0.1323529411764706
87000,10,-0.0611457405758385
86965,16,-0.0520922288642187
86979,16,-0.0407497962510187
87016,13,0.0514705882352939
87077,10,-0.0647291941875827
87020,6,-0.0089470061940811
87121,15,-0.0792811839323467
87066,8,0.0643533123028392
87075,18,-0.0381439244986235
87056,6,-0.0062690885709693
87034,6,-0.0474489226303449
87086,18,-0.1273754494093477
87162,6,-0.1172413793103447
87167,10,-0.189655172413793
87179,15,-0.0408209291835814
87173,12,-0.0974358974358974
87172,6,-0.0353535353535353
89529,19,-0.0009523809523809
87227,10,-0.0590841949778433
87264,6,-0.1916978442900411
87261,10,0.0302884615384615
87236,2,0.0226950354609929
87267,18,-0.0465269071800091
87345,2,-0.0099206349206348
93313,4,0.1985616010006254
87268,6,-0.0681965512770645
88475,6,0.1117620549797206
87361,8,-0.0679851668726823
87269,2,0.0021030494216613
87277,8,-0.0404255319148937
87356,14,0.0461022632020118
87302,2,-0.0062499999999999
90358,5,0.0408618127786031
87299,6,-0.0334097608909269
87321,10,-0.1432291666666666
87337,19,0.1581196581196582
87379,5,0.0219499744767739
89597,4,0.6547619047619047
87439,4,-0.0821917808219176
87430,13,-0.0641025641025641
90808,15,0.0083798882681562
87394,10,0.0731132075471698
87415,13,-0.0678137651821861
87424,10,0.025522041763341
87373,4,0.0222222222222221
87510,15,0.0108433734939759
87445,7,-0.0614387156529793
92942,19,-0.3038147138964577
87496,3,-0.0859247135842881
87498,4,0.0064153969526865
87487,3,0.0524193548387097
87525,18,0.0078616352201259
88926,20,0.1928934010152285
87632,12,-0.0310077519379845
87541,20,-0.0745558819415302
87583,19,0.0248447204968942
87589,13,-0.0362204724409448
87602,12,-0.0998116760828624
87771,12,0.201859229747676
87612,3,-0.1418060200668895
87797,12,0.0345572354211662
87825,10,0.0204778156996587
87814,12,-0.0763737969574666
87812,11,-0.172994923857868
93271,17,-0.1010101010101011
87657,5,0.0513746505125816
87659,7,-0.0595755142178152
87789,17,0.0612244897959184
88207,1,-0.0799212598425196
88152,3,-0.0998880179171333
93368,2,0.0238095238095237
88167,5,0.0271604938271605
88468,4,-0.1217712177121771
88173,4,-0.0869565217391304
88174,17,0.1605911330049261
88195,20,-0.2220039292730844
88159,4,0.1887905604719764
90354,4,-0.1545454545454545
88370,4,0.0
88246,6,-0.0688705234159779
88182,16,-0.0634573304157549
88260,20,0.0396301188903567
23887,13,0.1215753424657535
89572,17,-0.0365605958023018
88534,1,-0.2002688172043011
88264,14,-0.0167130919220055
90071,6,-0.167741935483871
88343,6,-0.0347463516330784
88319,15,-0.0155654056282857
88352,8,0.1110976229018363
88331,5,-0.2148518982060908
91040,20,-0.1789869952087611
88281,11,0.0128923766816142
88313,1,-0.0873397435897436
88280,16,0.0409130060292852
93190,12,-0.0696969696969697
88332,8,-0.0794701986754967
88287,2,-0.1005586592178771
88439,18,-0.1640596580574753
88417,8,-0.125
19675,2,-0.016814005893569
88466,17,0.0494505494505492
88485,20,-0.1012861736334405
88421,19,-0.2098976109215017
88446,20,-0.1043463147947975
88511,4,0.043010752688172
88542,2,0.015228426395939
88504,9,-0.0634528224145034
88497,12,-0.1304347826086955
88545,5,-0.1958017894012387
88574,12,-0.0425531914893617
88564,5,0.0505747126436784
89617,7,0.0210862011518873
89395,15,-0.0628166160081052
71862,4,-0.0188679245283018
48506,15,-0.0075290896646131
88648,17,-0.0841463414634146
89169,12,-0.2304761904761905
88739,2,0.1231585150265173
88620,12,-0.1395348837209301
88615,6,0.0091724419078678
88661,4,0.0108218777420299
91360,14,0.0574018126888218
88740,10,-0.1308523409363745
88750,17,-0.0638670166229221
89576,4,0.3222543352601157
89925,19,0.0
88792,16,0.0396551724137932
88807,4,-0.0157068062827224
88786,10,-0.2607734806629834
89029,4,0.0541401273885349
88860,15,-0.0326552462526766
90478,20,-0.1894466837669475
88949,18,-0.0797385620915032
88839,13,0.0153846153846155
90029,4,-0.075
88908,11,-0.0696428571428571
88897,17,-0.0436885629583398
92601,12,-0.0122774708410067
88991,4,-0.07217125382263
88895,1,0.0228915662650601
89004,3,-0.004421156050434
90238,19,-0.1843930635838151
89290,20,-0.2031112091791703
89006,8,-0.0422786492954001
89110,6,-0.0456287008011147
88970,14,-0.0022197558268589
89046,18,-0.0184713375796178
88994,10,0.1919999999999999
88987,17,0.0191831683168315
89642,6,-0.1189591078066915
89031,15,-0.0932330827067668
89002,15,-0.0674132977777778
89014,11,-0.0623240337855132
90176,12,-0.1025974025974026
89167,2,0.1027607361963192
89036,6,0.1443914081145585
89044,20,-0.0970782280867106
89215,7,0.0650406504065039
89070,7,-0.0364914307721934
89327,20,-0.0176025603724176
90175,19,0.0793151642208245
89413,8,-0.1923390383048084
89203,13,-0.0329797492767599
89179,7,0.0204441966360005
90223,1,-0.0730337078651686
89244,4,0.0753594447198808
93302,12,-0.2216477272727273
89269,15,-0.0465546885332627
89168,13,-0.0135135135135135
89217,15,-0.1023569522680105
90643,17,0.0224948875255623
89230,3,0.0689470871191875
89307,17,-0.0853658536585365
89252,8,-0.087824351297405
89262,13,-0.032171581769437
90125,12,-0.1464285714285713
90081,14,-0.0519730510105871
91379,4,-0.308695652173913
17279,4,-0.008036739380023
89297,6,0.0046309696092621
89353,15,-0.0119815668202764
89321,4,-0.0672451193058569
91015,3,-0.0347633136094673
92174,3,0.0775510204081633
89409,9,-0.0777251184834123
90192,10,-0.0830258302583025
89332,4,-0.0802919708029197
89424,8,-0.0064655172413792
89387,14,0.0349056603773583
89394,10,0.0304375396322131
91975,11,0.0543478260869565
89445,19,0.056338028169014
91665,16,-0.0963704630788486
93016,4,-0.2311688311688312
89567,12,0.2719298245614037
89920,10,-0.101615074024226
91152,9,0.003946012432501
91727,10,0.0123873873873874
89753,5,-0.1887019230769231
89471,12,-0.0176870748299319
89453,15,-0.0960674157303371
91269,10,0.7531914893617022
89406,7,-0.0647895024603607
89626,17,0.0421423537702607
89443,18,-0.1037641572285142
89916,19,-0.0972679713233868
89533,18,0.0271728656773944
90601,9,0.0924391506991195
93069,4,-0.0217391304347824
89452,19,-0.1124567474048443
89482,12,0.0889908256880733
90313,1,0.0149597238204834
89941,4,-0.1090439276485789
93150,13,0.073208041958042
90067,5,-0.0686274509803921
89876,7,0.1106920063832872
89653,16,-0.0352193995381061
89826,18,-0.0352177942539388
89574,2,-0.0095750041995632
89546,6,-0.0562613430127042
89509,20,-0.0309494611076633
89573,18,-0.0154639175257731
90436,12,-0.01417004048583
90492,20,-0.05
16852,12,0.0256410256410257
89781,5,-0.0846963925610576
89698,12,-0.0203562340966921
89796,17,0.1166666666666667
89793,17,-0.0173818576860401
89741,12,0.1507142857142855
89800,13,-0.099511072763877
89799,14,0.0025597269624573
90170,19,-0.0994871794871794
90080,16,-0.0244672454617206
89824,15,0.0825362120798032
90007,14,0.0304975922953449
90716,1,-0.08363201911589
89901,10,0.1026791277258567
89866,8,-0.0200449606594229
89889,5,-0.0883534136546185
89964,5,-0.0048274197441467
89922,12,0.1508152173913044
89877,19,-0.0323809523809524
89913,14,0.0115448048378228
89905,15,-0.1021775544388609
91086,3,-0.1317116582616434
89973,13,-0.0140032948929159
89971,10,-0.0835845896147403
90038,9,-0.0334096109839816
89952,3,-0.1015249634426571
89904,15,-0.1230462782544036
89960,17,-0.0485003190810465
90052,6,0.142649687220733
90088,15,-0.0848585690515806
90129,4,-0.25
92636,12,0.1416666666666668
90085,16,-0.0716332378223495
90126,19,-0.1150627615062761
90490,13,-0.2023509655751469
91977,1,-0.1413276231263383
92282,12,-0.0079286422200198
90210,8,-0.192654903569963
93012,4,0.0782608695652173
90604,10,0.0631313131313131
90248,15,-0.0149131208099603
91901,17,0.0738255033557047
90232,4,-0.1159420289855072
90110,3,0.0798131204983454
90275,12,-0.0019940179461614
90700,12,-0.0687679083094556
90319,2,-0.0087570598374147
90533,12,-0.180818570555895
90708,16,-0.0557025483915889
90325,19,-0.0704225352112676
90427,9,-0.0430769230769231
90292,4,-0.0601127819548872
90447,14,-0.0325751072961373
90614,4,0.2016129032258065
90288,19,-0.0876288659793813
90227,12,-0.0592492085029398
90314,2,-0.0876494023904381
92453,10,-0.2872340425531914
90353,1,-0.1654589371980676
90515,2,-0.0056433408577877
92132,13,-0.0970039807249109
90421,8,-0.0599478714161598
90423,12,-0.2713230355943586
90312,5,0.0433381088825215
90536,17,0.3644578313253013
90090,6,-0.0934379457917261
91400,14,-0.0748230535894843
19721,16,-0.1098993288590604
90901,4,0.0352941176470589
90411,4,-0.0891566265060241
90098,19,0.009771986970684
90455,15,-0.0262101534828806
90274,1,0.0554089709762533
90249,6,-0.0779183020787905
90444,11,-0.1054457162677765
92332,4,0.1191709844559587
90404,8,-0.1142643764002988
90416,2,-0.0360144057623049
90833,7,0.1526328561028875
90371,20,-0.2103293413173651
90488,10,-0.1047227926078028
90476,12,-0.0252100840336134
90487,16,-0.0068259385665528
90496,4,-0.1785714285714286
90568,20,-0.149014778325123
90505,18,-0.0310942009971136
90600,9,-0.0046235138705416
90637,18,0.0078192875760207
90718,1,-0.0842293906810035
90540,16,-0.0331905781584582
90417,14,0.0044642857142858
90409,6,-0.146568765885343
90548,2,-0.0699658703071672
90803,3,0.006294964028777
92521,19,0.234726688102894
90520,1,-0.0944306160547604
90440,15,-0.0664158043273753
90564,15,-0.0911773384479197
90605,5,-0.0421924290220819
90550,13,0.0333333333333332
90569,6,0.0281032676002668
90558,6,-0.0729537366548043
90734,13,0.0987365465605989
90547,4,-0.0862533692722371
91500,16,-0.0475382003395585
90494,4,-0.1034353995519044
90948,19,-0.0647482014388489
90711,16,-0.0642066420664206
90634,19,0.0152443174084662
90672,8,-0.1381789137380191
91018,8,0.0344071882533421
90664,20,-0.0499243570347957
90742,17,-0.0114345114345113
84553,12,-0.1493506493506493
90849,5,0.0388208974865114
90720,20,-0.2058823529411765
90636,2,-0.0365714285714285
91114,13,-0.0580392156862744
86165,19,0.1667756703727927
92571,4,-0.1155172413793103
90993,14,0.0175754906074903
90763,17,0.0707148347425057
90735,4,-0.178173719376392
90786,4,-0.0104166666666665
90730,5,0.0136157337367626
90885,6,-0.0595505617977529
90752,5,-0.0521642619311876
93387,10,-0.0996677740863788
90792,2,-0.1004464285714286
91605,5,0.1759514616657473
90791,6,-0.1760299625468164
90856,10,-0.1039173014145811
90871,6,-0.0809716599190283
90867,10,-0.0051413476201601
90984,10,-0.0803602355386213
90776,15,-0.0378151260504202
90722,13,-0.0266277570839956
90779,2,0.0329581993569132
90829,9,0.0407849332723568
90831,3,-0.0662168523458339
90775,11,-0.0820532034469838
92619,5,-0.1822660098522167
90868,5,-0.1365953109072375
90795,19,-0.0148760330578512
91141,19,-0.0369745718733782
90955,4,6.658779576587796
90805,5,0.1471459343026386
90952,17,-0.065158371040724
90961,20,-0.0333041191936898
90862,12,-0.0967741935483871
92681,12,-0.1381215469613259
92227,15,-0.1995768688293371
91286,19,-0.135128205128205
90971,7,-0.2095238095238096
91032,18,-0.1713718570798412
90956,12,0.0112612612612612
91594,5,-0.0335311572700297
90825,17,0.032761310452418
90870,9,-0.1338017174082748
90963,18,-0.1000737644455372
90940,3,-0.0036068530207393
91349,4,-0.3082706766917293
90951,4,-0.1218905472636815
90900,2,-0.0700729927007298
90957,13,-0.0709812108559498
91356,14,-0.0840950639853748
90988,9,0.0392921415716855
90989,17,-0.0770171149144254
91020,12,0.0701176470588234
92044,10,-0.1023241774826442
91090,13,0.0558882235528941
90978,19,-0.1037091264031234
90979,12,0.1220373171961672
90969,5,-0.0460405156537753
91967,12,-0.0923994038748137
91488,12,-0.2233250620347395
91075,20,0.0095912645713442
91083,5,-0.0448318804483187
91408,18,-0.0440273556231002
91073,10,0.0908122503328896
91063,7,-0.0468119451170299
91192,20,0.1235955056179776
84185,20,-0.1595559210526316
91041,15,-0.0599432968813284
91515,19,-0.1100892857142856
91099,4,-0.0337078651685394
91080,20,-0.0044028618602092
91096,16,-0.060529634300126
91088,4,-0.0438596491228068
89003,9,0.0303251735476799
91603,18,0.0198517101171968
91100,10,-0.0689152233363719
91176,14,-0.0080321285140562
91095,17,-0.1440355329949239
93175,17,-0.0794997766860206
91151,8,0.0208295267677691
91186,20,-0.0914709517923362
91428,4,-0.1547619047619047
91234,15,-0.1030092592592593
91201,19,-0.2886823015705331
91348,17,-0.1411042944785275
91237,1,-0.0719999999999999
91215,18,0.0350690754516471
91359,17,0.0291970802919707
91395,4,-0.0946930280957335
91366,1,0.1558924485125856
91350,2,-0.1217075386012715
91167,5,0.0161564625850338
91299,20,-0.0621052631578947
88258,12,-0.1191836734693878
91363,20,0.0932703659976386
91463,2,-0.0233882448647548
91371,4,-0.0624645088018169
91277,7,-0.0446185286103542
91283,19,-0.1838134430727023
93035,15,-0.0038461538461538
91472,4,0.0051282051282051
91579,17,-0.1337526205450734
91514,7,-0.0657748049052396
91485,2,-0.1323315559864275
91503,3,-0.0193470374848852
91446,10,-0.0057077625570775
91391,2,0.1506024096385543
91432,13,-0.0411764705882352
91614,3,0.0496786520757339
91468,11,-0.022341628959276
92506,2,-0.0362520914668152
91434,10,-0.0524967989756721
91392,6,-0.0022451135763338
91413,6,-0.0534351145038167
85208,7,-0.0274072277467861
91618,15,-0.0470409711684369
91659,15,-8.491126772514068e-05
92040,4,0.2664670658682637
91355,5,-0.2279293739967898
93189,19,0.0112435349673938
91405,8,-0.0226308345120226
91397,16,-0.0311707715927741
92093,19,0.0305934389974198
91461,8,0.0074971164936561
91416,20,-0.007415684681024
92682,19,0.1714975845410629
91486,12,0.1453785415699025
91611,10,-0.1118772867998875
91742,19,-0.1326860841423947
91615,4,-0.4252873563218391
92054,4,-0.1494845360824742
91622,14,-0.014336917562724
91501,16,-0.0023724792408066
91625,19,-0.1095732410611303
90077,4,0.0945273631840797
92773,15,-0.1719833564493759
91516,3,-0.1523593940449242
91683,14,0.0346889952153111
91668,5,-0.0210755813953489
91613,4,-0.0839694656488549
92456,12,-0.1005586592178771
91571,5,-0.0204808548530721
91616,4,-0.0310077519379845
92921,2,-0.0174563591022443
92589,19,0.1950810745829592
92252,19,-0.3222748815165877
91658,7,-0.1384995877988458
91678,2,0.0547752808988764
91754,20,-0.0914760914760913
91666,2,-0.151315789473684
91650,9,-0.0367231638418078
92035,2,-0.1501706484641638
91741,14,0.0210396039603959
91743,16,-0.0383365821962312
92449,10,-0.0363288718929255
91883,6,-0.0149354378818737
91736,14,0.0148279952550414
91822,8,-0.0828098229583097
91907,15,0.0356153541749111
91836,4,0.015625
91688,8,0.0056657223796034
91692,20,-0.0868513041140091
91826,12,-0.0914127423822714
91750,18,-0.0268817204301075
92232,18,0.0257393209200438
91814,3,-0.1056818181818182
91959,13,0.0395327942497754
91854,17,-0.1617269544924153
91956,14,0.0890909090909091
91968,11,-0.0546984572230013
92091,17,-0.0340909090909091
91900,10,0.1220000000000001
93177,4,0.0372093023255815
91905,2,0.0166666666666666
91909,4,0.4444444444444446
92421,12,-0.1664335664335664
91849,18,-0.0304995196926033
93188,12,-0.1055045871559633
92101,4,-0.1572826086956522
92210,10,0.0610578629747957
91915,7,-0.0723981900452489
91979,8,-0.1326669695592912
92052,1,-0.1383219954648527
92207,8,-0.0521472392638037
92034,18,-0.0606121627064034
92050,10,-0.1091504915553314
92345,4,0.2911392405063291
92038,5,-0.0543535620052769
92095,5,0.0
92096,19,-0.0495203761322614
92195,1,-0.0353982300884956
93382,4,0.2521246458923514
92201,14,0.0634008668481
92097,2,-0.1601307189542484
92121,6,-0.0148434979025491
91976,4,-0.1675531914893616
92021,14,-0.0469099032017871
86812,5,-0.0235294117647059
92150,12,-0.0260416666666666
93126,19,-0.0552763819095477
92143,1,-0.0310136157337367
92102,7,0.0200112739571589
92229,15,-0.1262569832402233
92220,13,0.0203389830508473
92177,4,-0.3008849557522123
92239,10,-0.0256055363321798
92805,4,-0.1666666666666666
92184,15,-0.055963623644631
92188,6,-0.0874368095862196
92296,10,-0.0058339327099815
92172,17,0.2036793692509855
92183,15,-0.00561797752809
93149,17,-0.0589318600368322
92221,8,-0.030398322851153
92257,8,0.0263402541059807
92223,4,0.7203107658157604
93004,4,0.031111111111111
68145,12,-0.1309904153354631
92936,12,-0.0634146341463414
92293,17,0.0487562189054724
93130,20,-0.3384982121573302
92302,5,-0.0305200872002491
89756,19,-0.2125984251968504
92402,11,-0.0130861504907306
92303,18,-0.0321987120515179
92308,14,-0.0190909090909091
92326,6,-0.0230338244449055
93052,2,-0.0999999999999999
92354,20,-0.0672043010752688
92445,4,-0.0379746835443037
92454,10,-0.2350396539293439
92428,2,0.0383944153577662
92429,12,-0.0743510778706555
92432,16,0.0595238095238095
92443,13,-0.026697177726926
92395,19,-0.0740924912978616
92448,4,-0.1394285714285713
92460,4,-0.1621621621621621
92493,2,-0.0315745741587037
93239,4,-0.2814814814814815
92464,5,-0.0700525394045534
92466,8,0.0343980343980343
92478,5,-0.0204295442640125
92497,10,-0.0295810313075505
91136,12,0.0222222222222221
92467,16,-0.0018467220683286
92535,10,0.1212121212121213
92469,7,-0.0423120513789194
92917,19,-0.0108323831242872
92528,15,-0.1097046413502108
92523,7,-0.5771028037383178
92527,8,0.1121664405246494
92555,16,-0.0400745573159365
91365,20,-0.1335044929396662
92687,10,-0.2516778523489933
80452,12,0.0406504065040651
92614,11,-0.0339737108190091
92587,10,0.0041841004184099
92611,6,0.0014236627865946
92648,15,-0.1552186745371613
92588,3,-0.1360163015792154
10258,19,-0.1979166666666667
92602,14,-0.0272802751749495
93347,12,0.0555555555555555
92597,5,-0.0787860208461066
92984,5,-0.1267696267696266
92931,14,0.0641489912053803
92618,9,0.0030727210652099
82831,19,-0.1344860710854947
92753,9,-0.089430894308943
93031,12,-0.1157407407407408
92670,12,0.5
93345,4,0.4383561643835618
92621,17,-0.1163484486873508
92765,2,-0.1001188354129529
93079,14,0.1481481481481481
92780,19,-0.0172413793103448
92924,12,-0.0593525179856115
92852,15,-0.0646073526212747
92685,8,0.0446343779677114
92688,12,-0.1890547263681591
92709,9,0.0156519595760413
92692,16,-0.0136384815244773
92810,14,-0.0045413260672115
92696,19,-0.0564853556485356
92772,3,-0.0346399270738377
92771,9,-0.0565496286293045
79678,15,0.0035874439461882
92775,19,-0.1242278654770075
92729,6,-0.159406260083898
93384,18,-0.1053380782918149
93111,4,-0.0592592592592593
93095,13,-0.1596091205211727
92782,3,-0.0205290169759179
93089,5,0.0003332222592469
82526,4,-0.1903485254691689
92777,8,-0.0610513558551736
92797,20,-0.2163050624589086
92890,5,-0.0185682086508532
92913,17,-0.008230452674897
92809,14,0.0033126550868487
87078,13,-0.0080996884735202
91161,20,0.1405536963796776
92808,8,-0.2220858895705522
93344,10,-0.1241379310344826
92854,3,0.0952689565780946
92940,10,0.047418827376781
93274,4,-0.1951219512195121
92987,13,-0.0373563218390803
92988,9,-0.0126268320180383
93073,19,-0.0151245551601423
93098,9,-0.0352574614627746
93132,13,-0.0230799840827695
93230,17,-0.0864197530864196
93225,12,0.0306134969325153
93085,19,-0.2178160919540229
92596,8,-0.0330969267139481
93185,15,0.132358830596716
78003,19,-0.1534500514933059
93246,15,-0.1095609355765285
93128,14,-0.0521327014218009
93272,2,0.1356968215158924
93091,7,-0.0311636089469716
93356,20,-0.1557208419053647
93305,6,-0.1397968197879858
93301,4,-0.3114754098360656
93307,4,0.0298913043478259
90295,14,0.0252764612954186
93400,4,-0.0896159317211948
88244,12,-0.0321800145172997
93401,17,-0.1265377855887522
93224,5,0.1402439024390245
93233,6,-0.0497998398718975
93304,7,-0.0397350993377483
93234,16,-0.0115999999999999
93264,12,-0.0345727332028701
93372,3,-0.0522133938706016
93434,12,-0.0154083204930662
93266,4,-0.0943738656987295
88278,4,0.4918032786885247
93420,10,-0.0436571837538021
93429,18,-0.0150375939849624
93428,17,-0.0754073512694203
93393,20,-0.2091648189209165
93289,5,-0.0585898709036742
93418,4,0.0971128608923883
93106,4,-0.1571428571428571
93374,18,-0.0233897085282475
93433,4,-0.1313131313131312
93436,19,-0.0698158793634924
86092,14,-0.2174688057040998
10966,12,-0.1402877697841725
85511,19,-0.3472328244274809
92185,8,0.0511463844797177
90542,10,0.0276497695852535
91021,4,-0.1422594142259415
93270,4,-0.1486486486486486
90199,7,-0.0374531835205992
90272,18,-0.1644789713367264
90276,3,0.0271404588696138
90178,19,-0.1433116985911035
90188,7,0.0508855777340455
90187,4,-0.0803571428571429
90164,2,-0.0706598984771572
92457,1,0.1314553990610329
90233,4,-0.1192052980132449
90097,3,-0.0419889502762431
92870,18,-0.0065963060686015
90200,6,-0.0647435897435897
90207,19,-0.0084388185654008
91609,14,0.0355377735937869
90399,12,0.0270935960591134
92894,12,-0.0484745762711865
92155,19,-0.0864197530864198
92983,3,-0.0842155919153031
82678,12,-0.1476014760147601
54594,1,-0.0239477503628446
14526,15,-0.0691336775674124
11581,3,-0.0662424067110211
15203,17,-0.0039895470383275
16126,8,-0.0529513888888888
16249,4,-0.203030303030303
17137,1,0.1079027355623101
20670,19,-0.2146814404432132
64899,19,-0.0587501417715776
23660,6,-0.0147938306578533
23975,11,-0.0410670978172998
82542,15,-0.0114235500878734
30680,16,-0.0040439052570768
56274,13,0.0151617250673854
31668,2,0.2075949367088605
32046,13,-0.0884638374178123
47511,13,-0.0707732634338138
53866,14,0.1301784094345328
60628,18,-0.0297265160523186
57330,8,0.0131355932203389
37875,7,-0.0717255717255718
20765,20,-0.0706806282722514
17144,3,-0.0454891511229539
39328,14,-0.0534883720930231
41452,6,-0.115454395513772
89888,4,-0.176706827309237
84226,16,-0.0889423076923077
64020,2,-0.1462585034013606
51423,7,-0.0317808219178081
52090,1,-0.0811565861153792
53613,19,-0.0728376327769347
54114,11,-0.033068783068783
55213,17,-0.2081686429512517
57665,2,-0.0054158607350096
35107,2,-0.0017724211272598
61621,11,-0.0132338787295477
51692,12,-0.0227125243348474
64742,20,-0.0029542097488921
65307,6,-0.043308791684712
66852,4,-0.0477554918815663
46922,19,-0.0669456066945606
77354,16,0.0390143737166324
69199,7,0.0268733850129199
38850,4,0.1459854014598538
44951,12,0.1155717761557175
74500,4,0.063758389261745
74740,14,0.0045454545454544
65752,11,-0.0343734763529985
65306,7,-0.0829245283018869
92874,4,-0.0416012084592145
81294,7,-0.1124700877426215
19502,15,-0.072305409415891
81614,5,-0.0729665071770334
51086,15,-0.0667196187450357
83601,6,-0.1112918215613383
62042,18,-0.0428682774746688
21785,4,0.0432276657060517
10044,14,-0.029567854435178
10104,1,-0.003454231433506
75510,15,-0.0429809286898839
70092,10,-0.1274089935760171
75033,2,0.0531349628055259
12211,3,-0.0416715993843967
80297,10,-0.1638795986622074
75976,8,0.0788238201136644
77488,1,-0.0271842355175687
76858,12,0.0471698113207548
76568,15,-0.0647644927536231
76605,18,-0.035823437934944
76752,2,-0.035773710482529
77637,6,-0.0630899155489319
77669,5,-0.1160053799596503
79094,8,-0.0449760765550237
87055,1,0.0206668982285516
79866,4,0.0245492903720752
80719,20,0.1189236111111111
81138,2,-0.10624
91364,4,-0.1234567901234569
81655,2,0.0103738923708665
82777,5,-0.1082183186951065
83148,7,-0.0224179343474779
83597,1,-0.0012470901230462
20598,15,-0.0419806243272334
89508,10,-0.0615266294943279
85040,5,0.0622597864768683
85982,2,-0.0979661016949152
85272,10,0.283720930232558
85394,1,-0.0544577205882353
85796,1,-0.0019828155981495
87092,17,-0.0431333663857214
87184,3,0.051565044327845
87214,3,-0.1122112211221121
88668,18,-0.0933942600609266
88841,13,0.1517925247902365
88873,9,-0.0491420727522305
89216,15,-0.2240867992766727
89900,15,-0.1146190803019903
90992,18,-0.0316945529593866
92378,8,-0.1172140430351076
93065,11,-0.1386623164763457
93399,4,0.0094155844155843
90179,16,-0.1059399877526025
