Momentum Factor,1SN,888,AAF,AAL,ABDN,ABF,AC8,ACG,ACPE,ADM,ADMR,ADVT,AEET,AEP,AEWU,AEX,AFP,AGR,AGRO,AHT,AIQ,AIRE,AJAX,AJB,ALFA,ALGW,ALK,ALNA,ALTE,ALTN,AMGO,AML,AMOI,ANTO,AO,API,APTD,AQSG,ARA,ARB,ARIX,ASAI,ASC,ASCL,ASHM,ASIA,ASLI,ASPL,ATG,ATN,AUTO,AV,AVAP,AVGR,AVON,AWE,AZN,BA,BAB,BAF,BAG,BAKK,BARC,BATS,BAY,BBGI,BBOX,BBY,BCG,BCPT,BDEV,BEZ,BFSP,BGEO,BIH,BISI,BKG,BLND,BME,BMS,BMV,BMY,BNZL,BOOK,BOOT,BOWL,BOY,BP,BPCR,BPT,BRBY,BREE,BRES,BRS,BSFA,BT-A,BVC,BVIC,BWN,BWY,BYG,BYIT,CAD,CAL,CAPD,CAR,CARD,CARR,CAU,CBA,CBG,CBX,CCC,CCH,CCR,CDFF,CDL,CEY,CFYN,CGEO,CGL,CGO,CGS,CHF,CHG,CHLL,CHSS,CINE,CIZ,CKN,CLDN,CLI,CLIG,CMCX,CMRS,CNA,CNE,COA,COBR,CODX,CORD,COST,CPG,CPI,CRDA,CRE,CREI,CRES,CRH,CRL,CRN,CRST,CRTM,CSH,CSN,CTEC,CTO,CTPT,CURY,CWK,CZN,DAR,DARK,DCC,DEC,DEV,DFS,DGE,DGI,DIA,DISH,DKE,DLAR,DLG,DLN,DNA3,DNLM,DOCS,DOM,DPA,DPEU,DPH,DPLM,DRX,DSCV,DSI,DVNO,DVT,DWF,DWL,ECEL,ECOR,EISB,EJFI,ELEG,ELM,EMG,ENOG,ENPL,ENQ,ENT,EPIC,ESKN,ESNT,ESP,EST,ETLN,EVR,EVST,EXPN,EZJ,FAN,FAR,FCH,FCM,FDM,FGP,FINA,FINS,FIVE,FIXP,FLTR,FORT,FOUR,FOXT,FPP,FRAS,FRES,FSG,FSJ,FSTA,FUTR,FXPO,G3E,GAW,GCAT,GCG,GDWN,GEMD,GEN,GENF,GENL,GFHG,GFRD,GFTU,GHT,GILD,GKP,GLE,GLEN,GLTR,GMS,GNC,GNS,GPE,GPH,GPL,GR1T,GRG,GRI,GRIO,GRIT,GROW,GSC,GSCU,GSEO,GSK,GST,GVCT,GVMH,GYM,HAMA,HAS,HBR,HCFT,HEAD,HEIQ,HEIT,HELD,HEMO,HFD,HFG,HGEN,HIK,HILS,HL,HLCL,HLMA,HLN,HMA1,HMSG,HMSO,HNG,HOC,HOME,HOYE,HSBA,HSBK,HSD,HSW,HSX,HTG,HTWS,HWDN,HWG,IAG,IBST,ICGC,ICON,ICP,IDHC,IDS,IGG,IHG,IHP,IHR,III,IKIV,IMB,IMC,IMI,INCH,INDV,INF,IPF,IPO,IQAI,ITH,ITRK,ITV,IWG,JD,JDW,JEL,JMAT,JTC,JUP,JUST,KAV,KCT,KEN,KGF,KIE,KLR,KLSO,KMR,KNB,KNOS,KSPI,LABS,LAND,LAS,LFI,LGEN,LIO,LLOY,LMP,LMS,LOOK,LRE,LSAA,LSEG,LSL,LUCE,LWDB,LXI,MAB,MACA,MACF,MARS,MAST,MCB,MCI,MCLS,MDC,MDMG,MEGP,MER,MGAM,MGCI,MGNS,MGP,MHPC,MII,MILA,MKS,MMM,MNDI,MNG,MNRG,MODE,MONY,MOON,MORE,MOTR,MPO,MRO,MSLH,MTO,MTRO,MTVW,MUST,N91,NANO,NARF,NBS,NCC,NEOA,NETW,NEX,NFX,NG,NLMK,NOG,NRR,NSF,NVIQ,NWG,NWOR,NXR,NXT,NZI,OBOR,OCDO,OCI,OCN,OCTP,OFG,OHG,OKEY,ONDO,ONT,ORIT,ORNT,OSB,OTB,OXB,OXIG,PAG,PAGE,PALM,PAY,PBEE,PCA,PCTN,PDG,PDL,PERE,PETS,PFC,PFD,PHAR,PHLL,PHNX,PHP,PINT,PLAZ,PLUS,PNN,PNPL,PODP,POLN,POLY,PPH,PPP,PRD,PRE,PROC,PRSR,PRTC,PRU,PRV,PSDL,PSN,PSON,PTEC,PUAL,PZC,QLT,QQ,QRT,RAT,RBW,RCDO,RCGH,RCH,RCP,RDW,RE,REC,REDC,REDD,REL,RESI,RGL,RGP,RHIM,RHM,RIII,RIO,RKT,RM,RMII,RMV,RNK,ROC,ROO,ROOF,ROQ,ROR,ROSN,RR,RS1,RSW,RTN,RTO,RWA,RWI,SAFE,SAGA,SBRE,SBRY,SBSI,SCGL,SCS,SCSP,SCT,SDR,SDRY,SDY,SEFA,SEPL,SERE,SFOR,SFR,SGE,SGRO,SHC,SHED,SHEL,SHI,SIHL,SIV,SMDS,SMIN,SMJ,SMWH,SN,SNR,SNWS,SOHO,SOLG,SPI,SPMU,SPT,SPX,SRAD,SRE,SREI,SRP,SSE,SSPG,STAN,STB,STEM,STJ,STK,STVG,SUPR,SURE,SUS,SVS,SVT,SXS,SYME,SYNT,TATE,TBCG,TCAP,TCS,TEG,TENT,TEP,TET,TGR,THAL,THG,THRL,TIFS,TLEP,TLW,TM1,TMI,TMOR,TMTA,TOOP,TOWN,TPK,TPT,TRA,TRD,TRI,TRN,TRST,TSCO,TTG,TW,TYMN,UKCM,ULVR,UMR,UPGS,UPL,URAH,UTG,UU,VANQ,VCT,VID,VKCO,VMUK,VOD,VOX,VP,VSVS,VTY,WCAT,WCW,WEIR,WG,WHR,WIL,WIN,WISE,WIX,WIZZ,WKP,WOSG,WPP,WPS,WRKS,WSL,WTB,XAR,XPP,XPS,ZAIM,ZAMZ,ZEG,ZEN,ZTF
1,,,,,,0.03359320710892799,,,,,,,,0.0,,,,,,-0.018049473310450925,,,,,,,,,,,,,,0.07148424451620072,,,0.0,,,,,,,,,,,,,,,0.10135202554380363,,,-0.002207530965953386,,,0.06177808473647861,0.16482873036010548,,0.02175951978990809,,0.11391845371569342,,,,,0.10198253419588532,,,-0.0171603257379197,,,,,0.033290066427426046,0.32167074778677707,0.0384569188604873,,,,,0.2222222222222221,,0.0275090689238211,,0.1256476079346558,0.08851477211100889,,,,,,,,0.16667386577973575,,,,0.1588320115356887,,,,0.09090857178750689,,0.053090453215818956,,0.35460040295500317,,,0.05161382564249206,,,,,-0.07407598045523567,,,-0.019309134223559732,,,,0.08563899868247682,,0.0,,,,,0.03137021318839506,,,,,,,0.09539500782601551,0.07894750617012547,,,,0.10288054565627536,,0.011508951406649759,0.09538324395048248,,,,,0.0,,,,,,,0.017843726521412417,,,0.07571646599966075,,,,,,,,0.15993726520042295,,,,,0.20772713776722074,,0.013794099591954767,,,,,,,,0.1395085219221892,,0.0,,,,,,,0.03571428571428581,,,,0.17443104879220717,,,,,,,,,,,,,,,,,,,,,,,,,,,,0.10293305041663903,,,,,,0.013696290199853856,-0.014288148701613657,,,,,,,-0.06452433440732586,,,,,,,,0.08108348661959286,,,0.08554300207516707,,,,,,0.019157898251139116,,,,0.004387096774193688,0.0146441723045303,,,,,,,0.036736991531646224,,,,,,0.05504144977829184,,0.0,-0.12967945268660164,,,,,,,,,0.416097416097416,,0.2174111039429243,0.17267017641082472,,,,-0.004165778613086313,,,,,-0.011143089070917211,,,,,0.06918669717874626,,,,,,,,,,,,,,,,,,,0.08889121557952051,0.20057306590257884,,,,,,,,,,,,0.0,0.07287251963896213,,,,,0.07500082745837888,,0.2344171643441717,,,,,,,,,0.11879483724227113,0.09996939712332953,-0.09093015174331043,0.1404432472143995,,,,,-0.045454545454545414,,,,,,0.019371401898241825,,,,0.0,0.1411876371833658,,,,,,,0.008953258722844026,,0.1307670161464458,,-0.08256457564575648,,,,,0.2042928180273178,,,,,,,,,,,,0.12034550115980958,0.0,,0.0,,,,,,,,,,,,,,,,,0.14465503288054937,,,0.06352193859545929,,,,,0.06976203755344867,,,,,,,,,,,,0.0,0.0,,,,,,,0.0,,,,,,,,,,,,,0.09988525877166499,,,,,,,,,,,,0.185852826291923,-0.024084617766872207,,0.18047518061895684,0.1270988451603099,,,0.0,,,-0.07143959265545441,0.012661860181498508,,0.0,,0.04117223650385604,0.08640994880286557,,-0.036697692456854836,,,0.0434767689245763,0.1653615361536156,,,0.0,,,-0.009440130772374267,0.10556090846524424,0.1222485723500728,,,,0.07785370118700286,,,,,0.16893732970027253,,0.1200092850510679,0.12084839391666091,0.033789954337899664,0.3424236414121382,0.09040742650850953,,0.055777024542928766,,,,0.15748109337155847,,,,,,3.269230769230769,,-0.04538653366583545,,,,,0.0,0.06861755802219971,0.05092262388158786,,,,0.015257447907697674,,,-0.01656332654034587,0.14102141197340545,-0.029372808726139565,,-0.028688186246181746,0.0,0.17573595004460318,,,,,0.10526315789473695,0.05495445409057864,,,,0.014451302122534981,,,-0.02447560772362556,,,,,,,,0.06667220192627021,0.0,0.05112966155521281,0.07583972494049207,,0.07961652590732715,0.15654533545429028,,,,,,,0.0,,,,,,,0.23578010803940241,,,,,,0.013203248232751097,0.17543792985522666,,,,,,,0.177346278317152,0.1292791936097375,0.0648773071512807,,,0.12498188557786927,,,,,,0.07133213321332121,0.0,,0.017979150850815806,,,0.20301974448315918,,0.09450720253129408,0.19473690953564282,,,,0.14340167716567032,,,,,,,,,,,,,,0.19945975620406986,,,,,,,,
2,,,,,,0.0389635243234967,,,,,,,,0.0,,,,,,-0.09918566775244309,,,,,,,,,,,,,,0.07148424451620072,,,0.0,,,,,,,,,,,,,,,0.08666010337189278,,,-0.03004325511553374,,,0.09127625201938616,0.1521680373759604,,-0.020852058241955684,,-0.020740206013826756,,,,,0.011411401812399191,,,-0.0171603257379197,,,,,0.0,0.13855910430808338,0.032347354138398954,,,,,0.01023078753271478,,0.029843963035903753,,0.0969253161102519,0.026276593379721325,,,,,,,,0.07192560059265518,,,,0.0478860384001043,,,,0.09090857178750689,,-0.008335271075178285,,0.04183884297520657,,,-0.07820283861265165,,,,,-0.08536802385336428,,,-0.04150953906141208,,,,-0.026004728132387744,,-0.022823671985457428,,,,,0.08229809620543271,,,,,,,0.16186814627113466,0.05579416178783081,,,,-0.035971481530775784,,0.023727351164797295,-0.01166260183695711,,,,,-0.12,,,,,,,0.055512271133618896,,,-0.02736890524379032,,,,,,,,0.15820525894092796,,,,,0.05484780706019632,,0.0,,,,,,,,0.14619049558170794,,-0.01174613367581745,,,,,,,-0.09375,,,,0.2296056618227138,,,,,,,,,,,,,,,,,,,,,,,,,,,,0.11111111111111116,,,,,,0.057132678013311455,-0.09922137038811696,,,,,,,-0.033295364934723626,,,,,,,,-0.06976922291432652,,,0.0,,,,,,-0.056736894688866335,,,,0.004387096774193688,-0.08770308770308766,,,,,,,0.021991676216901013,,,,,,0.03596781826786577,,-0.05660664661768622,-0.381615598885794,,,,,,,,,0.0535852392000884,,0.0956658355818163,0.031648655236857115,,,,0.02429399924268094,,,,,-0.10998937300743883,,,,,-0.10525727225709058,,,,,,,,,,,,,,,,,,,0.08889121557952051,0.09114583333333326,,,,,,,,,,,,-0.05553184679398271,-0.03636189884607122,,,,,0.03864664779904392,,0.21221599548199332,,,,,,,,,0.06584346871080982,0.04760516856115804,-0.16670205988532594,0.0642138939670931,,,,,-0.1322054199730498,,,,,,0.0,,,,0.0,0.08079105567728528,,,,,,,-0.021703051193667777,,0.049991645781119365,,-0.12279670111579899,,,,,0.1428588495310914,,,,,,,,,,,,0.08034847102451681,-0.03160377358490574,,-0.03141336996636512,,,,,,,,,,,,,,,,,0.0,,,-0.25553756210029366,,,,,0.022205444775058814,,,,,,,,,,,,0.0,0.0,,,,,,,0.0,,,,,,,,,,,,,4.065498539841469,,,,,,,,,,,,0.12071708921183855,-0.07953983732530445,,-0.03680675719271498,0.09883893189141135,,,-0.005870399638744694,,,-0.09091939047187458,-0.047631898529213346,,-0.08000473260766683,,0.02906681301705394,0.01850179790587525,,-0.06666744949302217,,,0.05262732790252245,0.08557973141044473,,,0.09004551086589219,,,-0.027795604042996858,0.0847469072443412,0.1292025870297262,,,,0.05242889620934443,,,,,0.10424710424710426,,0.23417316792428688,0.030278335005014867,0.009900254011523613,0.40004136932464585,0.026608400097110962,,0.03515601808266111,,,,0.18547580777846684,,,,,,2.8675958188153317,,-0.06661464937091577,,,,,0.0,0.10948140387637495,-0.02363847501328542,,,,-0.014822117875106566,,,-0.003383425608577073,0.11715015717628141,-0.08329654157468724,,-0.021091604958815235,0.0,0.20036429872495432,,,,,0.12903225806451601,-0.017211155378486165,,,,-0.016778523489932917,,,-0.11644707049360614,,,,,,,,0.23079133933703755,0.0,0.005435313262815322,0.02254016800385439,,-0.0827321387014196,0.1335735342286275,,,,,,,-0.13978063135366503,,,,,,,-0.01701912545286044,,,,,,0.054798686291205545,0.13558855380774948,,,,,,,0.16242411332410245,0.10080645161290325,0.12047184056692628,,,0.05158747841089961,,,,,,0.006749017603834284,0.0,,0.02410401609418078,,,0.09840933191940615,,0.014614315854474258,0.2010599091334937,,,,0.1659983633387887,,,,,,,,,,,,,,0.15223410120574332,,,,,,,,
3,,,,,,0.0075627522850647555,,,,,,,,-0.1500127713920817,,,,,,-0.18353589529104952,,,,,,,,,,,,,,0.020466595970307422,,,0.0,,,,,,,,,,,,,,,0.03164978444498967,,,-0.04641401344056395,,,0.1022027738633835,0.19100361212556627,,-0.08737538745078322,,-0.022423016158984344,,,,,0.11305953741975205,,,-0.04445665476160743,,,,,0.0,0.01069499459848755,0.02035233027207961,,,,,-0.03882286361063947,,0.018121911037891403,,-0.048676580805490866,-0.011900430213394375,,,,,,,,-0.020252950280518434,,,,0.0478860384001043,,,,0.0,,-0.09849100783765319,,-0.18587285570131185,,,-0.08573648228713493,,,,,-0.08536802385336428,,,-0.07299741950081606,,,,-0.13807531380753135,,-0.1042399555637844,,,,,0.2464420149667823,,,,,,,-0.046160467702019314,0.012345906389666483,,,,-0.011070382737494389,,0.005508474576271238,-0.023043779333692394,,,,,-0.2142857142857143,,,,,,,0.07137208382759974,,,-0.05335024623190565,,,,,,,,0.18655324229535108,,,,,-0.0039790640017141055,,-0.005415116779270646,,,,,,,,0.17362298294625345,,-0.01174613367581745,,,,,,,-0.19444444444444442,,,,0.24633499055499541,,,,,,,,,,,,,,,,,,,,,,,,,,,,0.00671817943389752,,,,,,0.1127797760087279,-0.12659124698011526,,,,,,,0.035767930904994305,,,,,,,,-0.23077410229887485,,,-0.007105544920671059,,,,,,0.01140285485518655,,,,0.02007653194946779,-0.24361593462717057,,,,,,,0.1383155971192087,,,,,,0.0647922949703279,,-0.07407776421650425,-0.381615598885794,,,,,,,,,0.1380833034968374,,0.13005495279695634,0.031648655236857115,,,,0.0331477275011558,,,,,-0.12589693411611214,,,,,-0.13264587116182014,,,,,,,,,,,,,,,,,,,0.1611354564992884,0.09114583333333326,,,,,,,,,,,,-0.05553184679398271,-0.13114812953256272,,,,,-0.01827194825214995,,0.19079930013229207,,,,,,,,,0.10213164316078638,0.07582560111742986,-0.23081446633343128,0.07279428703063817,,,,,-0.11022413263739639,,,,,,0.009981886152541808,,,,0.0,0.002605931099181502,,,,,,,-0.2187388489575368,,0.07298721699240773,,-0.1769541648850328,,,,,0.08737610257342898,,,,,,,,,,,,0.10000000000000009,-0.03160377358490574,,-0.1628968123097797,,,,,,,,,,,,,,,,,-0.04711900372353084,,,-0.3619018491507081,,,,,0.09521317091739623,,,,,,,,,,,,0.0,0.0,,,,,,,0.0,,,,,,,,,,,,,3.6491384811742185,,,,,,,,,,,,0.10390153177439254,0.06579597783385815,,0.026152163724417976,0.06888166367951287,,,-0.014474371409386011,,,-0.11565025716385013,-0.047631898529213346,,-0.16058898460608417,,-0.1490402393518674,-0.0022810502141394906,,-0.06666744949302217,,,0.1111151710026308,0.11557406476628129,,,0.09004551086589219,,,-0.07080426282297014,0.13834008900479033,0.13522715059954238,,,,0.05797574626865676,,,,,0.11815812337098164,,0.32548875967217605,0.019983863960777004,0.08127039719812146,0.3243005282723539,0.015806668588450146,,0.015326509842852554,,,,0.12213530123513006,,,,,,2.5350318471337583,,-0.11577196710708682,,,,,0.0,0.14054927302100162,-0.013633802816901297,,,,-0.05000080568491261,,,-0.0747735987598922,0.1361658953883884,-0.08839455583199185,,-0.007912192928214101,0.0,0.13425129087779708,,,,,0.17318435754189943,-0.021315003818648925,,,,-0.030499208746942896,,,-0.15097701983049794,,,,,,,,0.21209548070572692,0.0,-0.039796098096708254,0.050939780825457026,,-0.06154761904761896,0.029509757258448177,,,,,,,-0.18367605991368363,,,,,,,0.02983493688763339,,,,,,-0.02529084471421339,0.11667027651433104,,,,,,,0.15073981653955637,0.1292791936097375,0.05283490672061131,,,0.11413464262109341,,,,,,0.0033719704952581697,0.0,,0.03657754817300818,,,0.00797975866095757,,-0.06080453473694247,0.03652942745310517,,,,0.23948501587577753,,,,,,,,,,,,,,0.1462100211630748,,,,,,,,
4,,,,,,0.002511356501827988,,,,,,,,-0.19999519184536962,,,,,,-0.20729027326581306,,,,,,,,,,,,,,0.04348297549338542,,,0.0,,,,,,,,,,,,,,,-0.046785267066798975,,,-0.05439389966789021,,,-0.01784416099398589,0.0599978686369933,,-0.12152245786630111,,-0.032426204323493746,,,,,-0.02851528618908361,,,-0.04709838107098374,,,,,-0.13890302876049887,-0.06435016445906316,-0.12903521223499237,,,,,-0.08333333333333337,,-0.015353418308227118,,-0.048676580805490866,-0.037687866091343,,,,,,,,-0.049111648320698476,,,,0.03141142875477265,,,,-0.07692270524398326,,-0.07752079866888517,,-0.19464963066480345,,,-0.08573648228713493,,,,,-0.08536802385336428,,,-0.07636607622114866,,,,-0.13807531380753135,,-0.25218332174047453,,,,,0.308449174288818,,,,,,,0.11650363155464127,-0.012047620112731527,,,,-0.1096346985031551,,0.16380578715056404,-0.07049522345448545,,,,,-0.2666666666666666,,,,,,,0.07137208382759974,,,-0.14456206594295729,,,,,,,,0.16691740358859564,,,,,-0.1554154013859692,,0.0,,,,,,,,0.17362298294625345,,0.0,,,,,,,-0.19444444444444442,,,,0.1820080233005441,,,,,,,,,,,,,,,,,,,,,,,,,,,,-0.11243129791359097,,,,,,0.1745897509716423,-0.12659124698011526,,,,,,,-0.1714478822469211,,,,,,,,-0.4117713529307311,,,-0.03457631396302607,,,,,,-0.11333578606974815,,,,0.02007653194946779,-0.282765300562988,,,,,,,0.11581165623971024,,,,,,0.008755760368663656,,-0.06716520909923585,-0.381615598885794,,,,,,,,,0.12188235294117633,,-0.08363802559415001,0.038228800392509754,,,,-0.09240848328594886,,,,,-0.11801487527150656,,,,,-0.17072823143793636,,,,,,,,,,,,,,,,,,,0.10360927986841584,0.09114583333333326,,,,,,,,,,,,0.06253375742663381,-0.19939527067261253,,,,,-0.04017613073865578,,0.22096788308392412,,,,,,,,,0.033933687499100085,-0.1200424351232251,-0.30233798559871994,-0.047842976896340206,,,,,-0.1923076923076923,,,,,,-0.04235337109446369,,,,0.0,-0.07616577822600024,,,,,,,-0.3478020341291118,,0.017299805741420426,,-0.22480318029464497,,,,,0.10616081959251633,,,,,,,,,,,,0.0,-0.03160377358490574,,-0.19565182946841853,,,,,,,,,,,,,,,,,-0.10565076143669583,,,-0.2795633234169146,,,,,-0.04167707552668831,,,,,,,,,,,,0.0,0.0,,,,,,,0.0,,,,,,,,,,,,,3.7141193218584183,,,,,,,,,,,,-0.021831716169172566,0.1571662617931191,,0.026152163724417976,-0.005338764289785081,,,-0.014474371409386011,,,-0.08450597094394163,-0.047631898529213346,,-0.1785721831357885,,-0.1954645859487978,-0.11112186355153109,,-0.05829665479921098,,,0.05262732790252245,0.047166504906718476,,,0.09004551086589219,,,-0.09464759272401291,0.13385660036421632,0.05106736841357118,,,,-0.003715806672639932,,,,,0.08424599831507984,,0.2514589547399819,-0.01924511412800245,0.0662061928495743,0.5556193978395771,-0.03500684618895478,,-0.011193959312860935,,,,0.1011214821432771,,,,,,2.7500000000000004,,-0.19996656077579,,,,,0.0,0.18721973094170385,-0.07372574892788009,,,,-0.03624147908390951,,,-0.12647795108800308,0.03088884915194745,-0.08839455583199185,,-0.04496935752262665,0.0,0.08121410992616895,,,,,0.09947643979057585,-0.03343292354410532,,,,-0.03577049649449138,,,-0.21122340937530082,,,,,,,,0.1764652014652015,0.0,-0.039796098096708254,0.050939780825457026,,-0.10294731252133671,0.00640928706859456,,,,,,,-0.2920519594892118,,,,,,,-0.01701912545286044,,,,,,-0.08330250013214235,0.08648999877070063,,,,,,,0.14498531263113712,0.1292791936097375,-0.04778542931923879,,,0.026655205056101527,,,,,,-0.014829631673334287,0.0,,0.02410401609418078,,,0.04986823434015819,,-0.15757316812646882,-0.11328109114329776,,,,0.13899158656248112,,,,,,,,,,,,,,0.08932942029642388,,,,,,,,
5,,,,,,-0.040761877838047966,,,,,,,,-0.2272843376291651,,,,,,-0.1173936170212766,,,,,,,,,,,,,,0.22961921799131102,,,0.0,,,,,,,,,,,,,,,-0.07909392403479121,,,0.09178859737638745,,,-0.090903529699639,0.02912520908416827,,-0.1296636574259007,,-0.007010332498099459,,,,,-0.06737209765011898,,,-0.11796846182220577,,,,,-0.225047242741797,-0.010471019602312892,-0.10913672299449206,,,,,-0.07847903463842343,,0.02041429000300221,,-0.027148043565953905,-0.017745058405498004,,,,,,,,-0.059879336349924595,,,,0.03683395690878588,,,,-0.07692270524398326,,0.0917451065338113,,-0.17217319926123542,,,-0.046815265988466304,,,,,-0.11764685273034325,,,-0.10088775792790294,,,,-0.06469920544835417,,-0.27737117251680365,,,,,0.28292042911167714,,,,,,,0.09148368561461129,0.020747273244993147,,,,-0.14649688283036577,,0.16380578715056404,-0.02141242357293327,,,,,-0.2666666666666666,,,,,,,0.055512271133618896,,,-0.1743996876423506,,,,,,,,0.13120031301687796,,,,,-0.1694274994257129,,0.02083484837466365,,,,,,,,0.12642068192732503,,0.030667485210402967,,,,,,,-0.17142857142857137,,,,0.06518164890456002,,,,,,,,,,,,,,,,,,,,,,,,,,,,-0.18478704807959356,,,,,,0.2333314440098999,-0.08000146814133313,,,,,,,-0.27500328558286247,,,,,,,,-0.6190421427899342,,,-0.027844401734517188,,,,,,-0.1307195436230144,,,,0.03864218616567028,-0.3290293351455431,,,,,,,0.0063671568743912665,,,,,,0.03596781826786577,,-0.06716520909923585,-0.381615598885794,,,,,,,,,-0.7017856584420052,,0.02856776427586638,0.01877632898696091,,,,-0.15944067380816096,,,,,-0.170330010525664,,,,,-0.1787400564536823,,,,,,,,,,,,,,,,,,,0.1060888061685723,-0.07709251101321601,,,,,,,,,,,,0.6999519923187709,-0.2159740310228201,,,,,-0.04445425125036784,,3.5602222585389773,,,,,,,,,-0.035379449294828724,-0.26666213275299244,-0.25,-0.059096878472572945,,,,,-0.1797339371638833,,,,,,-0.0398622407855207,,,,0.0,-0.08058117860727432,,,,,,,-0.30767493336947194,,-0.02000270306798213,,-0.23954324165880758,,,,,0.11720602146519199,,,,,,,,,,,,-0.01626735273623836,-0.06170018281535661,,-0.2291672089613105,,,,,,,,,,,,,,,,,-0.13743842184641342,,,-0.22091687252254832,,,,,0.0,,,,,,,,,,,,0.0,0.0,,,,,,,0.0,,,,,,,,,,,,,0.6587431693989072,,,,,,,,,,,,-0.057184672223312916,0.19118373993195914,,0.10564233773229192,-0.031215562067867686,,,0.014905877833269132,,,-0.14474525687486683,-0.047631898529213346,,-0.1843965680001678,,-0.20628674453241347,-0.1571033415922708,,-0.07489073947985592,,,0.1111151710026308,0.0,,,0.09004551086589219,,,-0.10935146059158551,-0.00860935735313162,-0.0007837970235984315,,,,-0.031510183168950934,,,,,0.052760736196318936,,0.12755598831548198,-0.05991705991706009,0.033789954337899664,0.3611865258924083,0.023874092009685377,,-0.05017808642055377,,,,0.09702051906680409,,,,,,2.7500000000000004,,-0.2222041612483745,,,,,0.0,0.37176165803108807,-0.9353407430483412,,,,0.09916662005705024,,,-0.0571582973062853,-0.05319278354277912,-0.0933702059529874,,-0.050761080034423256,0.0,0.003044140030441511,,,,,0.10526315789473695,-0.08012715933138803,,,,-0.030499208746942896,,,-0.12131674887411548,,,,,,,,0.23079133933703755,0.0,-0.021166032953105263,0.15816072318314478,,-0.0827321387014196,0.09408194233687395,,,,,,,-0.36003582446014526,,,,,,,0.02983493688763339,,,,,,-0.08330250013214235,0.20358733926035444,,,,,,,0.16242411332410245,0.007679253288078058,-0.12813085308112016,,,-0.04940441760532854,,,,,,0.03247492545405262,0.0,,0.0759535784879739,,,-0.03807578008915302,,-0.12576761921652968,-0.1950368757125539,,,,0.14340167716567032,,,,,,,,,,,,,,0.12276347752966466,,,,,,,,
6,,,,,,-0.040761877838047966,,,,,,,,-0.2272843376291651,,,,,,-0.13492518638235762,,,,,,,,,,,,,,0.20002494076568134,,,0.1673098262640984,,,,,,,,,,,,,,,0.0,,,0.03196385139968516,,,0.041683216897591135,0.009523487321751789,,-0.1455016079692525,,0.036560277434902755,,,,,-0.011164498613227103,,,-0.0171603257379197,,,,,-0.225047242741797,0.227276702425373,0.0572273419522662,,,,,-0.04806743789794632,,0.08472953566299668,,-0.03156246235393323,0.062387812399318676,,,,,,,,0.060214322163633094,,,,0.13871767623095987,,,,-0.039999798995984936,,0.08181782703715279,,-0.14858590122414528,,,-0.026084941573703224,,,,,-0.11764685273034325,,,-0.12414105526768526,,,,-0.06043329532497155,,-0.2833654273440972,,,,,0.2523770059519326,,,,,,,0.19938664141072482,-0.008064263869739796,,,,0.007518891112328063,,0.14031715521383958,-0.05519867056897654,,,,,-0.3125,,,,,,,0.09607605177993528,,,-0.19319554848966614,,,,,,,,0.1920236890438174,,,,,-0.23313852099731347,,0.05755260184039179,,,,,,,,0.1329496055385606,,0.10527575784780208,,,,,,,-0.23684210526315785,,,,0.23791380818638053,,,,,,,,,,,,,,,,,,,,,,,,,,,,-0.2499962424661446,,,,,,0.30971871112716176,-0.08000146814133313,,,,,,,-0.32557002261751955,,,,,,,,-0.6261669778607628,,,0.0,,,,,,-0.1307195436230144,,,,0.045786758383491,-0.3599827139152981,,,,,,,0.035381249770847,,,,,,0.08484488056298933,,-0.10714800403516356,-0.41977143442832987,,,,,,,,,0.002523128679562614,,0.008012568735271008,-0.04677352753481734,,,,-0.09240848328594886,,,,,-0.11801487527150656,,,,,-0.20187284130724825,,,,,,,,,,,,,,,,,,,0.2436472346786247,0.0,,,,,,,,,,,,0.7708541708341667,-0.2876359911458579,,,,,-0.022732401570656924,,3.473945807279141,,,,,,,,,-0.0038422593039546538,-0.24138173631630788,-0.268319970165952,-0.009886254916551485,,,,,-0.06259097525473067,,,,,,-0.016881752701080388,,,,0.026176526176526105,-0.1434995547640251,,,,,,,-0.16665760426295462,,0.0,,-0.23954324165880758,,,,,0.11166244451158569,,,,,,,,,,,,0.10000000000000009,-0.08957871396895789,,-0.24489808928025014,,,,,,,,,,,,,,,,,-0.021504262740581814,,,-0.2023820026466696,,,,,0.06976203755344867,,,,,,,,,,,,0.05555703023385439,-0.04242317668263951,,,,,,,0.01574344023323615,,,,,,,,,,,,,,,,,,,,,,,,,-0.15279381575570938,0.10958829902491862,,0.17167320727791635,0.013605384076661675,,,0.0793430299068476,,,-0.17722254503195822,-0.047631898529213346,,-0.1843965680001678,,-0.2133412060848081,-0.1497692500958704,,-0.08695227647366277,,,0.07143108814375476,0.06988114421077296,,,-0.5287303291973278,,,-0.10935146059158551,0.05109632334177405,0.036553781020772114,,,,-0.05996684624948201,,,,,0.11815812337098164,,-0.574565012932048,0.05698115634445933,0.22400432510362256,0.3424236414121382,0.09657175457704481,,-0.06360386073132929,,,,0.10526626311255871,,,,,,2.9222614840989407,,-0.20751904604173566,,,,,-0.0852624341049737,,-0.9316580560721912,,,,0.08128530555351765,,,-0.0747735987598922,-0.014760521302115914,-0.1032248776274114,,-0.16242895957666426,-0.039999999999999813,0.057784911717496,,,,,0.19318181818181812,-0.03343292354410532,,,,0.0,,,-0.14643139869172128,,,,,,,,0.21209548070572692,-0.024207746478873138,,0.15816072318314478,,-0.06871701976844913,0.15441578715625703,,,,,,,-0.36509033468259455,,,,,,,0.35159870250231706,,,,,,-0.09407647304638522,0.14857514155759777,,,,,,,0.19579270296921214,0.212961544354221,0.08139501327484688,,,-0.0100108061668982,,,,,,,-0.1910112359550563,,0.08975222993062437,,,-0.03807578008915302,,-0.0544085557393954,-0.14339682851971458,,,,0.19431696737285487,,,,,,,,,,,,,,0.1492176012814841,,,,,,,,
7,,,,,,0.03359320710892799,,,,,,,,-0.27660268255037923,,,,,,-0.1450873306198155,,,,,,,,,,,,,,0.17654970045237794,,,0.015825202138852523,,,,,,,,,,,,,,,0.07946015989829092,,,0.0,,,0.005503056000360829,0.009523487321751789,,-0.16070878274268108,,0.2219796971901744,,,,,-0.026377937612985125,,,0.0,,,,,-0.18421845801434678,0.3695673389720233,0.13960984494452044,,,,,-0.0917258492341918,,0.08472953566299668,,0.018927711352401788,0.1178507433774032,,,,,,,,0.14144644165211018,,,,0.3221733229136676,,,,0.09090857178750689,,0.072069458947287,,-0.14858590122414528,,,-0.046815265988466304,,,,,-0.157304235512993,,,-0.11652324817218429,,,,-0.04629629629629639,,-0.3228831350594821,,,,,0.4371379662130619,,,,,,,0.28207106011666605,0.018633675941155836,,,,-0.10067121593106987,,0.19667170953101376,-0.08998064932272631,,,,,-0.3037816557519779,,,,,,,0.07948207171314747,,,-0.19319554848966614,,,,,,,,0.2998446824164145,,,,,-0.24242212599525081,,0.03521386430678475,,,,,,,,0.2173781410838631,,0.10527575784780208,,,,,,,0.0,,,,0.2723003028582245,,,,,,,,,,,,,,,,,,,,,,,,,,,,-0.3023223298798987,,,,,,0.2542317520702442,-0.08000146814133313,,,,,,,-0.3695428571428572,,,,,,,,-0.569894123062759,,,0.04491830706981026,,,,,,-0.09215274198025303,,,,0.045786758383491,-0.3599827139152981,,,,,,,0.11818277810041722,,,,,,0.1385623634661397,,-0.10714800403516356,-0.31885453014077736,,,,,,,,,-0.005941832586260909,,-0.08030159685788829,-0.012099284158107682,,,,-0.05657329564227764,,,,,-0.07643531601075193,,,,,-0.3089372084988772,,,,,,,,,,,,,,,,,,,0.11871562840354444,0.09114583333333326,,,,,,,,,,,,0.7708541708341667,-0.2638882129647654,,,,,0.03365529971516312,,3.8285170444713623,,,,,,,,,0.023719922454099596,-0.1538763339610798,-0.34784776466677747,0.1086775383882872,,,,,-0.11022413263739639,,,,,,0.01834149374368521,,,,0.037847653636624345,-0.12019208781157098,,,,,,,-0.15888260797980347,,0.03520871542001158,,-0.2673943203722574,,,,,0.1851801377669855,,,,,,,,,,,,0.14149329850421388,-0.012980769230769296,,-0.2599997501103678,,,,,,,,,,,,,,,,,0.12346013717264537,,,-0.3299985178597895,,,,,0.09521317091739623,,,,,,,,,,,,0.0466113962363468,0.012833627824793137,,,,,,,,,,,,,,,,,,,,,,,,,,,,,,,,-0.038233955393718655,0.1571662617931191,,0.18047518061895684,0.08128866495986586,,,0.09672866157422777,,,-0.1975331277606467,-0.07514905326606824,,-0.1843965680001678,,0.011427429827190139,-0.11913471154768263,,-0.11016574400080614,,,0.06195215645189456,0.11838468183126993,,,-0.5601483824100499,,,-0.09464759272401291,0.11627810013550599,0.12323736389771867,,,,-0.0072390189247386605,,,,,0.10424710424710426,,-0.5680393912264996,0.09676343009676347,0.32466519308282416,0.2894837111830826,0.16967249391458283,,-0.06227886744275679,,,,0.15748109337155847,,,,,,3.567901234567902,,-0.13401502126504383,,,,,-0.0852624341049737,,-0.9275305717769614,,,,0.055556550230068336,,,-0.00999563509384549,0.02692378740697743,-0.029372808726139565,,-0.14703607936009278,0.01237186284906322,0.11600338696020329,,,,,0.18644067796610164,0.022253532800132536,,,,0.03549477566072534,,,-0.03043138739676754,,,,,,,,0.08112429521164688,-0.05899830220713065,,0.2541558541661315,,-0.06871701976844913,0.20307024862339396,,,,,,,-0.37502429543245863,,,,,,,0.3106043585711078,,,,,,-0.09407647304638522,0.14857514155759777,,,,,,,0.25824302513258,0.1292791936097375,0.025730513925956267,,,0.05960847701149441,,,,,,,-0.1496790757381259,,0.1333333333333333,,,0.166178788561135,,-0.07946215976469495,-0.24834484404301405,,,,0.2882037836493907,,,,,,,,,,,,,,0.21944428588643428,,,,,,,,
8,,,,,,0.0075627522850647555,,,,,,,,-0.35849092977078634,,,,,,-0.2852466077966832,,,,,,,,,,,,,,0.05272946067169881,,,-0.16306271003289274,,,,,,,,,,,,,,,0.08425834970530466,,,-0.09237044649036341,,,-0.13112198164136346,-0.07826557009923163,,-0.2231334236611281,,0.09882235653311744,,,,,-0.1262331637337678,,,-0.060113988109861016,,,,,-0.39218504379070296,0.312502922700419,-0.04098054835684528,,,,,-0.2265515419786145,,-0.09492743975502593,,-0.12603732560246417,0.09934989164860797,,,,,,,,0.07591087741661351,,,,0.0534836468506259,,,,-0.1891883862369863,,-0.09849100783765319,,-0.2550323176361958,,,-0.10400170544524301,,,,,-0.22680425031545792,,,-0.13898493362488673,,,,-0.1461139896373057,,-0.41339799939375566,,,,,0.42160266826306336,,,,,,,0.1511059169804787,-0.03529360832799977,,,,-0.1545741324921136,,-0.0004212299915753448,-0.20747945490481634,,,,,-0.4358974358974359,,,,,,,-0.0807463952502121,,,-0.2970412234042553,,,,,,,,0.36862264110343634,,,,,-0.25815570500398966,,-0.10365697918377026,,,,,,,,0.053760622964321714,,-0.06666161271574045,,,,,,,-0.19444444444444442,,,,0.11714172933892875,,,,,,,,,,,,,,,,,,,,,,,,,,,,-0.36975055257341327,,,,,,0.08821911414139727,-0.14815066553384315,,,,,,,-0.4528367387423131,,,,,,,,-0.5789491928867732,,,-0.10855411684169125,,,,,,-0.1635231040435502,,,,-0.05771838078636449,-0.486410334214747,,,,,,,0.07922393915846082,,,,,,,,-0.07407776421650425,-0.29855647109844496,,,,,,,,,-0.12094395280236003,,-0.24999415519135915,-0.13296001638952426,,,,-0.11042647466075883,,,,,0.019786910197869156,,,,,-0.3971595136514754,,,,,,,,,,,,,,,,,,,0.08889121557952051,0.09114583333333326,,,,,,,,,,,,0.7708541708341667,-0.3187652708499882,,,,,-0.05286947392977959,,3.2233994248524294,,,,,,,,,-0.07500096600935091,-0.26666213275299244,-0.41178234147803927,0.09640965273690427,,,,,-0.36363636363636365,,,,,,-0.07353461076150747,,,,-0.06484671029969002,-0.19832472078679786,,,,,,,-0.18918632948894298,,-0.006764659396238271,,-0.39023891761532015,,,,,0.13705843198782852,,,,,,,,,,,,0.016814404432133,-0.1406446211804102,,-0.3321298689094583,,,,,,,,,,,,,,,,,0.040001232839317113,,,-0.4552739395886889,,,,,0.06976203755344867,,,,,,,,,,,,-0.09523340032611571,-0.08405870232538581,,,,,,,,,,,,,,,,,,,,,,,,,,,,,,,,-0.05526245193597423,-0.05812295948866508,,0.026152163724417976,0.02758608746850455,,,0.021024967148488782,,,-0.26967127319063733,-0.1397928092626447,,-0.243422588931268,,-0.06843189931181681,-0.15345218032441543,,-0.16334392960148214,,,-0.032259091101964565,0.05213045480401979,,,-0.7047975041536341,,,-0.1236170366620869,0.06469508274952451,0.07136440364845575,,,,-0.11118164292095734,,,,,0.02877697841726623,,-0.6109968960374088,-0.0049043351901186805,0.16349516780631257,0.020812910036950516,0.043222973306360046,,-0.06690061430368088,,,,0.08088023171280545,,,,,,3.3359375,,-0.2363549313756782,,,,,-0.19955876454071397,,-0.9384734581052034,,,,-0.014822117875106566,,,-0.07189622718716748,-0.10402924077591658,-0.01781772311573626,,-0.17402241827159326,-0.14989611160581762,0.06462035541195488,,,,,0.024390243902439046,-0.0613215624345973,,,,-0.014045354791514253,,,-0.09469939680505535,,,,,,,,0.08112429521164688,-0.16654135338345866,,0.07583972494049207,,-0.13475047563295772,0.19847074468085113,,,,,,,-0.4203172886244817,,,,,,,0.1090304182509505,,,,,,-0.25242467347730513,0.0,,,,,,,0.15073981653955637,-0.08392795155629262,-0.05742601652601531,,,0.1123827264774202,,,,,,,-0.18634074438029735,,-0.05555555555555558,,,0.038291900561347125,,-0.32849723286504906,-0.2770702377028499,,,,0.0387286081393865,,,,,,,,,,,,,,0.18648450179264553,,,,,,,,
9,,,,,,0.020411999097812217,,,,,,,,-0.3333400112188476,,,,,,-0.3187584677915999,,,,,,,,,,,,,,0.12576041179223196,,,-0.2996094642803908,,,,,,,,,,,,,,,0.1670587613332981,,,-0.09600100262143718,,,-0.2307572855737875,-0.1782953207718626,,-0.23577692037881448,,0.04612190419694495,,,,,-0.19308133196473087,,,0.011741372471241629,,,,,-0.3800164925783398,0.07999846082807438,-0.09999810735104842,,,,,-0.35713420542635654,,-0.10399367338869114,,-0.23216275589799096,0.08674670433145026,,,,,,,,0.0859758222317526,,,,0.09444368786599489,,,,-0.1891883862369863,,-0.13138640387296907,,-0.2550323176361958,,,-0.05882917466410753,,,,,-0.22680425031545792,,,-0.13162423355454056,,,,-0.16514690982776092,,-0.41339799939375566,,,,,0.3487058823529412,,,,,,,0.21901356802346905,-0.05202311031053275,,,,-0.13826394100727435,,-0.07159624413145538,-0.2425507799683837,,,,,-0.4554390951619589,,,,,,,-0.1204349943191041,,,-0.23655072812612832,,,,,,,,0.3064125210532802,,,,,-0.32975633869539256,,-0.09815753848977804,,,,,,,,0.026176674322797133,,-0.0967670938080798,,,,,,,-0.19444444444444442,,,,0.03509177181686063,,,,,,,,,,,,,,,,,,,,,,,,,,,,-0.382716049382716,,,,,,0.057132678013311455,-0.11539185469260993,,,,,,,-0.4727107627604664,,,,,,,,-0.4871791263229003,,,-0.10281743821278844,,,,,,-0.1914893617021276,,,,-0.05771838078636449,-0.49636556854410196,,,,,,,-0.009412672614384388,,,,,,,,-0.10714800403516356,-0.3648959443540698,,,,,,,,,-0.1615966238790224,,-0.27793283514900513,-0.17675474144918135,,,,-0.1003675827061089,,,,,0.06416772554002548,,,,,-0.3928537552406427,,,,,,,,,,,,,,,,,,,0.029409945188869635,0.0,,,,,,,,,,,,0.734763864393494,-0.36904594302876725,,,,,-0.08898643815828222,,3.04230044908011,,,,,,,,,-0.12940805663648147,-0.33335394126738804,-0.41178234147803927,0.06701798602359954,,,,,-0.4385353095030514,,,,,,-0.061792925676643295,,,,-0.058440995404491436,-0.19500355693183247,,,,,,,-0.14284116331096186,,-0.05769980506822603,,-0.37106719367588936,,,,,0.015865093608300018,,,,,,,,,,,,-0.038781816277364656,-0.16408794788273617,,-0.36860107070071724,,,,,,,,,,,,,,,,,-0.004375297693063218,,,-0.51449028908977,,,,,-0.06122032792234278,,,,,,,,,,,,-0.1511999373883841,-0.12222446101148499,,,,,,,,,,,,,,,,,,,,,,,,,,,,,,,,-0.1447283207046176,-0.10987984268735207,,0.026152163724417976,-0.05816297377944257,,,0.05259383217786273,,,-0.25715167412436357,0.012661860181498508,,-0.14815626300913654,,-0.09231569133677564,-0.20507146036298907,,-0.08695227647366277,,,-0.008262037026971147,-0.02630919254969777,,,-0.7288956211845159,,,-0.1020597169741424,0.008753861997940371,0.02903078780456414,,,,-0.11871663571445223,,,,,0.011394891944990215,,-0.6470674290172749,-0.05117917039517372,0.2857142857142858,-0.09257273092907892,0.05461891460494828,,-0.07986102821529317,,,,0.013788774162824424,,,,,,3.763948497854077,,-0.176419965576592,,,,,-0.17745259686727122,,-0.9431686735347368,,,,0.007570967135508422,,,-0.15865420283403808,-0.12171327329767301,0.0,,-0.16688696391059066,-0.16893166320065767,-0.022255192878338326,,,,,-0.08695652173913049,-0.08012715933138803,,,,-0.016778523489932917,,,-0.1554744826449006,,,,,,,,0.08112429521164688,-0.06966009232060422,,0.060760153856183496,,-0.11595828193338564,0.12143718163082795,,,,,,,-0.36509033468259455,,,,,,,0.16892094980462868,,,,,,-0.2803435827212748,-0.06511325687172287,,,,,,,0.07006993921171323,-0.11485856967167285,-0.02105620648667017,,,0.04210345966549678,,,,,,,-0.14451762882603647,,-0.08108108108108103,,,-0.02577125658389756,,-0.35944251323868626,-0.3864858319493685,,,,-0.026409292791253813,,,,,,,,,,,,,,0.10579378407600815,,,,,,,,
10,,,,,,0.041664668016155426,,,,,,,,-0.23595995775359324,,,,,,-0.3079329329329329,,,,,,,,,,,,,,0.3216591127592363,,,-0.3244999472872081,,,,,,,,,,,,,,,0.18115544616701684,,,-0.19857968880926247,,,-0.19590585264676708,,,-0.24194558485839535,,0.10741310559201245,,,,,-0.14971347186112283,,,-0.033717229883315714,,,,,-0.4038588608431347,-0.04060844300119648,-0.06649064085827305,,,,,-0.3125,,-0.1284615384615384,,-0.22102713178294575,0.1197215552159887,,,,,,,,0.13474869410561996,,,,-0.0247557793823191,,,,-0.1999991624825691,,-0.15000383288616315,,-0.2550323176361958,,,-0.05882917466410753,,,,,-0.23469421864316642,,,-0.13898493362488673,,,,-0.1685166498486378,,-0.40528580208973564,,,,,0.3626809633892414,,,,,,,0.21901356802346905,-0.06106831979368044,,,,-0.16510896963787436,,0.023727351164797295,-0.3008626227402037,,,,,-0.44443437547198306,,,,,,,0.1045658377496943,,,-0.23655072812612832,,,,,,,,0.4343962834333137,,,,,-0.23780859137115296,,-0.09815753848977804,,,,,,,,-0.06668214072551237,,-0.09188139260424855,,,,,,,-0.2926829268292682,,,,0.06518164890456002,,,,,,,,,,,,,,,,,,,,,,,,,,,,-0.38775259806387496,,,,,,0.04963660921018764,-0.12659124698011526,,,,,,,-0.4727107627604664,,,,,,,,-0.4520533525811642,,,-0.1435568056196912,,,,,,-0.20359330907067053,,,,-0.06733764677689902,-0.5082797260842498,,,,,,,0.08515434866145788,,,,,,,,-0.07407776421650425,-0.3896495956873316,,,,,,,,,-0.21733420879842413,,-0.2737809571241002,-0.13296001638952426,,,,-0.09924814665521653,,,,,0.13839096083595281,,,,,-0.3928537552406427,,,,,,,,,,,,,,,,,,,0.03813136354561775,0.0,,,,,,,,,,,,1.4286694101508912,-0.35207594855374336,,,,,-0.04445425125036784,,2.868570636351033,,,,,,,,,-0.11301039942691982,-0.35295529552955296,-0.41178234147803927,0.12746640842513024,,,,,-0.4878048780487805,,,,,,-0.02728183809064244,,,,0.11833161688980431,-0.1358429540451912,,,,,,,-0.09087673508126703,,0.038859561149255706,,-0.37106719367588936,,,,,0.06161289964599215,,,,,,,,,,,,-0.060144408029496055,-0.06170018281535661,,-0.3071166598747822,,,,,,,,,,,,,,,,,0.0833360087693149,,,-0.5347125726931192,,,,,-0.11537722433606212,,,,,,,,,,,,-0.08855595198985411,-0.08405870232538581,,,,,,,,,,,,,,,,,,,,,,,,,,,,,,,,-0.035529751145679245,-0.28946318619373856,,0.08278658797929506,-0.032471344018522474,,,0.06920835356969413,,,-0.23976755937342098,0.04574582361003077,,-0.12215222741538534,,-0.1490402393518674,-0.22400038620756246,,-0.07894828325434256,,,-0.06250192685157585,0.03737781101436899,,,-0.7395272382470661,,,-0.1020597169741424,0.08884234499867816,0.05979754546268912,,,,-0.14760813197549882,,,,,0.04676697844652278,,-0.6162971013532319,-0.04227732292182629,0.3304386151058585,-0.057705693999721475,-0.01779243705286626,,-0.11666636510033113,,,,0.05376368279539667,,,,,,3.9553571428571432,,-0.2293444999194717,,,,,-0.2884649670172936,,-0.9405076625097692,,,,-0.05674927603475033,,,-0.15627557473402276,-0.1550620715111577,0.01855939825034758,,-0.1772857059611911,-0.16893166320065767,0.01776061776061777,,,,,-0.045454545454545525,-0.07613947043181912,,,,0.0,,,-0.10318033576290842,,,,,,,,0.08112429521164688,-0.2157764414573753,,-0.013041368433822531,,-0.16440534237863047,0.10563038311140627,,,,,,,-0.33885062198005556,,,,,,,0.3106043585711078,,,,,,-0.31249504479505275,-0.08636068285191079,,,,,,,0.15073981653955637,-0.16026728892660158,-0.0668965860703703,,,0.09649505918385937,,,,,,,-0.15981735159817356,,-0.05026948590381419,,,0.055646147574398785,,-0.37386471895839946,-0.3729276093960461,,,,-0.03909766830205863,,,,,,,,,,,,,,0.20274615288377307,,,,,,,,
11,,,,,,0.11111111111111116,,,,,,,,-0.2444429307721998,,,,,,-0.2733523100503613,,,,,,,,,,,,,,0.3483256270141515,,,-0.4546165036523462,,,,,,,,,,,,,,,0.29365056110639065,,,-0.20141160189136198,,,-0.1827580518028339,,,-0.25158010442429235,,0.2627998567848193,,,,,-0.11577020616612055,,,-0.02826882048156054,,,,,-0.36738032909498874,-0.05970049247881004,-0.025004100713524102,,,,,-0.26665400093265856,,-0.09492743975502593,,-0.21535007808433104,0.10850982087115213,,,,,,,,0.15276493434436844,,,,-0.14348138871865923,,,,-0.1999991624825691,,-0.1438873361231643,,-0.24371953505811772,,,-0.05882917466410753,,,,,-0.22680425031545792,,,-0.1433400542653026,,,,-0.17928286852589648,,-0.40112644674135045,,,,,0.32827257762932893,,,,,,,0.10711460805128836,0.029288823066529357,,,,-0.17283956961155666,,0.011508951406649759,-0.1135403697799704,,,,,-0.5848962917823369,,,,,,,0.09607605177993528,,,-0.16472447165712034,,,,,,,,0.539675623335754,,,,,-0.16666239852493026,,-0.08695793571886523,,,,,,,,-0.09258841355298364,,-0.09188139260424855,,,,,,,-0.2749445676274944,,,,0.1103711734035413,,,,,,,,,,,,,,,,,,,,,,,,,,,,-0.375,,,,,,0.07245067275624706,-0.14815066553384315,,,,,,,-0.4727107627604664,,,,,,,,-0.5180727671899592,,,-0.0668414953954991,,,,,,-0.16000146756677436,,,,-0.07676250118607075,-0.5082797260842498,,,,,,,0.149092586061905,,,,,,,,-0.07407776421650425,-0.44708697563119604,,,,,,,,,-0.19595278246205738,,-0.25881428769465364,-0.021991988907718252,,,,-0.0969691645436177,,,,,0.13839096083595281,,,,,-0.39068062827225125,,,,,,,,,,,,,,,,,,,0.06986253809456455,0.09114583333333326,,,,,,,,,,,,1.4286694101508912,-0.3472878503463007,,,,,-0.03587384044526909,,3.431316499920597,,,,,,,,,-0.09281996867262898,-0.35295529552955296,-0.4643003412969283,0.27974718329211323,,,,,-0.5047423737503204,,,,,,-0.0010673172219258786,,,,0.18612779901693077,-0.13001989869753983,,,,,,,-0.04254388704941592,,0.042547779154132215,,-0.37106719367588936,,,,,0.1546390508261819,,,,,,,,,,,,-0.0531379781773158,-0.06170018281535661,,-0.29657767581252725,,,,,,,,,,,,,,,,,0.20370483616164714,,,-0.51449028908977,,,,,-0.11537722433606212,,,,,,,,,,,,0.0,-0.015569565905136362,,,,,,,,,,,,,,,,,,,,,,,,,,,,,,,,0.046682121698468304,-0.31354938168169166,,0.03292970592860511,0.03472658157215602,,,0.09327925840092699,,,-0.18751160239642228,-0.047631898529213346,,-0.09448947270355879,,-0.16902749281903973,-0.18519598028158313,,-0.07079728781856454,,,-0.1044762933150093,0.067308749175643,,,-0.7627837268309465,,,-0.051348283824507734,0.18762383557592788,0.14644820181252927,,,,-0.17138515265976484,,,,,0.08424599831507984,,-0.633284353465748,-0.0331784222601329,0.313309700290042,0.010299276065378171,0.18401747213977715,,-0.1795662374154401,,,,0.18547580777846684,,,,,,4.634517766497463,,-0.2293444999194717,,,,,-0.310350786245032,,-0.933754410830556,,,,-0.11920519907372817,,,-0.12647795108800308,-0.1387127474740767,0.024843698585060858,,-0.10945010029141278,-0.14989611160581762,0.054400000000000004,,,,,-0.023255813953488302,-0.021315003818648925,,,,0.026347852573865405,,,-0.059043725886459675,,,,,,,,0.2499513524031911,-0.20793140407288313,,-0.004385249245329126,,-0.04687248105755282,0.18491330904708425,,,,,,,-0.33885062198005556,,,,,,,0.3106043585711078,,,,,,-0.26664975263224666,-0.07798691524716472,,,,,,,0.25477121177282114,0.007679253288078058,-0.11428233764698936,,,0.16863489246396002,,,,,,,-0.16226128746680157,,0.017979150850815806,,,-0.040570581696924735,,-0.35647377525376156,-0.3264086179652761,,,,-0.0067443927432425665,,,,,,,,,,,,,,0.2724667606435429,,,,,,,,
12,,,,,,0.13314270209346502,,,,,,,,-0.27497930193036735,,,,,,-0.3035174613834789,,,,,,,,,,,,,,0.5463602763940221,,,-0.4478271428907187,,,,,,,,,,,,,,,0.3360669380097141,,,-0.2491683401066086,,,-0.16285488958990535,,,-0.25158010442429235,,0.2741591705501969,,,,,-0.11044419454596566,,,-0.060113988109861016,,,,,-0.3541875447387258,-0.091339772298063,0.005731628649683351,,,,,-0.31723162024827944,,-0.12329120453959241,,-0.23216275589799096,0.14482331060136389,,,,,,,,0.14820745359217802,,,,-0.2119919596019022,,,,-0.21568538901456213,,-0.22727082665477294,,-0.22794258373205745,,,-0.026084941573703224,,,,,-0.22680425031545792,,,-0.01359740892544925,,,,-0.22337417530631476,,-0.3795447258736775,,,,,0.3487058823529412,,,,,,,0.6165582639353231,0.008196871656391824,,,,-0.21865906194379459,,0.23144784639335758,-0.1205499376644964,,,,,-0.7249958880964129,,,,,,,0.14906700593723476,,,-0.14456206594295729,,,,,,,,0.5901795089754489,,,,,-0.18566066066066078,,-0.08695793571886523,,,,,,,,-0.10093589293129335,,-0.1016005059350068,,,,,,,-0.3255334281650071,,,,0.06518164890456002,,,,,,,,,,,,,,,,,,,,,,,,,,,,-0.3775959487608048,,,,,,0.09629691829708609,-0.17857884100715493,,,,,,,-0.5,,,,,,,,-0.5555569107674294,,,-0.20500863782196987,,,,,,-0.14880169533272303,,,,-0.07676250118607075,-0.5229313468894705,,,,,,,0.1686369718455576,,,,,,,,-0.019608877401658842,-0.3648959443540698,,,,,,,,,-0.190423635283131,,-0.24776063405712145,0.12159893992932869,,,,-0.07958452722063036,,,,,0.019786910197869156,,,,,-0.2796565345097288,,,,,,,,,,,,,,,,,,,0.06986253809456455,0.0,,,,,,,,,,,,1.4286694101508912,-0.32397930680015197,,,,,0.009385585977561561,,3.7674696736716218,,,,,,,,,-0.07168294306599543,-0.16714296748281454,-0.4643003412969283,0.2921753607103219,,,,,-0.480225988700565,,,,,,0.02095995013246066,,,,0.20174856131031427,-0.09977069586784604,,,,,,,-0.017438133093986452,,0.06521493468336126,,-0.35064369742412205,,,,,0.2513964288050232,,,,,,,,,,,,-0.0531379781773158,-0.08957871396895789,,-0.291188450199664,,,,,,,,,,,,,,,,,0.19737108907678902,,,-0.5248164824191033,,,,,-0.04167707552668831,,,,,,,,,,,,0.07860475208853202,0.022653113922862067,,,,,,,,,,,,,,,,,,,,,,,,,,,,,,,,0.055086184512753045,-0.30769100772311697,,0.06082237798378487,0.07041453207302117,,,0.09327925840092699,,,-0.2073234984193888,-0.07514905326606824,,-0.02541799313162718,,-0.18808435570523607,-0.22400038620756246,,-0.09482866611244622,,,-0.06250192685157585,0.12263537436594074,,,-0.758470673465639,,,-0.03484112447240584,0.15662598552759488,0.15579375996498568,,,,-0.11871663571445223,,,,,0.1394422310756971,,-0.618375955707883,0.014913391175471524,0.313309700290042,-0.057705693999721475,0.18044776952710628,,-0.08304449742552034,,,,0.2249947687800795,,,,,,5.032608695652175,,,,,,,-0.2884649670172936,,-0.9301105087837365,,,,-0.05674927603475033,,,0.0067468596031781125,-0.12171327329767301,0.012269440156008837,,-0.13106682586378793,-0.15636506455888843,0.1264957264957267,,,,,0.06060606060606055,-0.012648094780659758,,,,0.03549477566072534,,,-0.07183309169989127,,,,,,,,0.23079133933703755,-0.2307425399028452,,-0.004385249245329126,,-0.06871701976844913,0.18491330904708425,,,,,,,,,,,,,,0.2721622505724568,,,,,,-0.29997981836528753,-0.14467808607412935,,,,,,,0.3391411042944785,-0.022391438567606503,-0.18364123567600554,,,0.2880780894203332,,,,,,,-0.11242127830631121,,0.06784500339904831,,,-0.20882981973724413,,-0.39300557214542986,-0.2950310893261503,,,,0.057343747101274545,,,,,,,,,,,,,,0.2542875967930276,,,,,,,,
13,,,,,,0.18695205404578163,,,,,,,,-0.17496405018098882,,,,,,-0.2684507539017723,,,,,,,,,,,,,,0.5749590834697216,,,-0.4478271428907187,,,,,,,,,,,,,,,0.2701303184603434,,,-0.2491683401066086,,,-0.05982707718262348,,,-0.25749727371864783,,0.25440125191165497,,,,,-0.09948843463845347,,,-0.14853225914138823,,,,,-0.3541875447387258,-0.18883847287650646,-0.04098054835684528,,,,,-0.34868310042797324,,-0.05293953747561997,,-0.25862280971411,0.14482331060136389,,,,,,,,0.08394199641490752,,,,-0.1959077492620942,,,,-0.16083845434139965,,-0.2371799281773277,,-0.23598484848484858,,,-0.03862366434663278,,,,,-0.13793138859032372,,,-0.023078495270753563,,,,-0.18977384464110125,,-0.37501614778452397,,,,,0.3418252853521899,,,,,,,0.3656156927184966,0.11564684455181284,,,,-0.17538486758025984,,0.3812572759022119,-0.1770634174795035,,,,,-0.728391050727313,,,,,,,0.08771577679646714,,,-0.12346276081249141,,,,,,,,0.6688269094534673,,,,,-0.2625436250736528,,-0.06962046290553936,,,,,,,,-0.20968692966446734,,-0.11577410164946966,,,,,,,-0.4199645238240871,,,,-0.03825688811782901,,,,,,,,,,,,,,,,,,,,,,,,,,,,-0.36440408106077016,,,,,,0.1127797760087279,-0.19767615552046436,,,,,,,-0.5,,,,,,,,-0.569894123062759,,,-0.15187628180256085,,,,,,-0.13024483826238908,,,,-0.05771838078636449,-0.5304747562812079,,,,,,,0.14491519697276845,,,,,,,,0.020409283684925894,-0.27696532345615943,,,,,,,,,-0.12094395280236003,,-0.1844620703681107,0.13722065475390743,,,,-0.10820377568017758,,,,,0.04150474117829939,,,,,-0.1943080834780857,,,,,,,,,,,,,,,,,,,0.04700182470269931,0.09114583333333326,,,,,,,,,,,,1.4286694101508912,-0.32570087989612884,,,,,-0.01827194825214995,,3.649891684719213,,,,,,,,,-0.08962877044868256,-0.38889203740436384,-0.5238441936658172,0.26342919153554,,,,,-0.46153846153846145,,,,,,0.05887106549759591,,,,0.2685006716897378,-0.11009853356154886,,,,,,,0.011283404816892162,,0.08486689914718792,,-0.35064369742412205,,,,,0.30994960836939245,,,,,,,,,,,,-0.0424177601544361,-0.17317760773258162,,-0.29389264438801255,,,,,,,,,,,,,,,,,0.18799446749654236,,,-0.5314653906614383,,,,,-0.09804459422391154,,,,,,,,,,,,0.02916742151712004,-0.05103796806587224,,,,,,,,,,,,,,,,,,,,,,,,,,,,,,,,0.03462796482362851,-0.31354938168169166,,-0.030837784401097856,0.023350665252519942,,,0.08626644736842093,,,-0.2896181313816917,-0.17098810747320514,,-0.06504905732974231,,-0.15714380847734155,-0.14609949799463473,,0.1538483871904306,,,-0.04761556771203068,0.09630392751802885,,,-0.7850235671654472,,,-8.250484715977002e-05,0.09297626094588796,0.11929685134725987,,,,-0.1396809503220081,,,,,0.09765458422174822,,-0.633284353465748,-0.009730967372638788,0.43662418698112226,0.0,0.1950599140854623,,-0.07017541632012991,,,,0.20986825109790752,,,,,,5.529411764705882,,,,,,,-0.24669686674216684,,-0.9345581095913542,,,,,,,0.06448584972074922,-0.1414822209597978,0.0784279778393353,,-0.15509090256250668,-0.23724976696702027,0.168439716312057,,,,,0.08247422680412364,-0.03343292354410532,,,,0.04173751739063225,,,-0.10654397173946228,,,,,,,,0.11113994118664583,-0.1489443378119002,,0.11823055071932553,,-0.0827321387014196,0.3361749444032618,,,,,,,,,,,,,,0.1382439024390243,,,,,,-0.2803435827212748,-0.15190064291491312,,,,,,,0.32365782664941767,0.08264199106573078,-0.16526513928026476,,,0.2623050080125633,,,,,,,-0.14451762882603647,,0.0369685767097967,,,0.06761492475778197,,-0.26613938773611245,-0.2677423557939699,,,,0.006818824194460227,,,,,,,,,,,,,,0.18328625322329506,,,,,,,,
14,,,,,,0.21580615181340757,,,,,,,,-0.17496405018098882,,,,,,-0.24042114900434874,,,,,,,,,,,,,,0.4852600709986108,,,-0.4501103976656551,,,,,,,,,,,,,,,0.2834593023255816,,,-0.2825390510056489,,,-0.014326457518073932,,,-0.2964350297080858,,0.2886371940080381,,,,,-0.11029411764705876,,,-0.13132620393706151,,,,,-0.3800164925783398,-0.2222191431580115,-0.04877878018043247,,,,,-0.38508327299058653,,-0.030380830124090763,,-0.27367184676545,0.1608287862405391,,,,,,,,0.04872903292607167,,,,-0.1652557777200726,,,,-0.1891883862369863,,-0.2654291544107905,,-0.23598484848484858,,,0.008985218971844011,,,,,-0.06250162861599284,,,-0.026824495520767377,,,,-0.14963880288957687,,-0.3657993052369404,,,,,0.29555905413620565,,,,,,,0.6900101677681749,0.09333325671629411,,,,-0.19033250863560325,,,-0.1770634174795035,,,,,-0.7374671691218454,,,,,,,0.26111240400279256,,,-0.12346276081249141,,,,,,,,0.7716991643454039,,,,,-0.2625436250736528,,-0.0576916622314283,,,,,,,,-0.16950902867933448,,-0.11577410164946966,,,,,,,-0.34090909090909083,,,,-0.022868928422162038,,,,,,,,,,,,,,,,,,,,,,,,,,,,-0.3951588465594357,,,,,,0.07245067275624706,-0.22472524073654032,,,,,,,-0.5396779038718291,,,,,,,,-0.569894123062759,,,-0.13613459611285983,,,,,,-0.17091034189310916,,,,-0.037872045881538474,-0.5357184842666248,,,,,,,0.17209701296365476,,,,,,,,0.020409283684925894,-0.26566351018290313,,,,,,,,,-0.04228181179070012,,-0.1818205003953175,0.14254218222722148,,,,-0.07958452722063036,,,,,-0.020968802513333773,,,,,-0.21296216601704188,,,,,,,,,,,,,,,,,,,0.10859427048634251,0.09114583333333326,,,,,,,,,,,,1.4286694101508912,-0.29894034286773696,,,,,-0.048680472159573496,,4.061491021222565,,,,,,,,,-0.09598318248763238,-0.38889203740436384,-0.34784776466677747,0.2359341825902337,,,,,-0.4068160884249309,,,,,,0.08360899768441943,,,,0.2568287037037036,-0.13393661084098696,,,,,,,0.029765504266612952,,0.09292969112327243,,-0.2673943203722574,,,,,0.3912999214636843,,,,,,,,,,,,-0.056642080645575854,-0.18207171314741033,,-0.26877514275425685,,,,,,,,,,,,,,,,,0.18489553287014981,,,-0.5503332338605391,,,,,-0.16365684386468515,,,,,,,,,,,,0.13825280512937943,0.003177819739326626,,,,,,,,,,,,,,,,,,,,,,,,,,,,,,,,0.0036097653652513717,-0.3360561417156934,,-0.11795670623623578,0.04050535249300813,,,0.06920835356969413,,,-0.20246496372130007,-0.17098810747320514,,-0.02541799313162718,,-0.10152977922907636,-0.1311098798632414,,0.1538483871904306,,,-0.09773610657804932,0.062200891514206935,,,-0.791741571814081,,,0.009033386062775817,0.10556090846524424,0.1782072119444842,,,,-0.07767937739393493,,,,,0.17641681901279682,,-0.6152466010127188,-0.0049043351901186805,0.40366830276414367,0.020812910036950516,0.2909390645988521,,-0.05693875474725718,,,,0.30958406151695206,,,,,,5.529411764705882,,,,,,,-0.2769927536231883,,-0.9323013263786819,,,,,,,-0.07767069252978731,-0.1550620715111577,0.0645133726394942,,-0.11323124850829691,-0.2212453548445572,0.17994628469113705,,,,,0.10526315789473695,-0.021315003818648925,,,,0.11813505890160947,,,-0.10654397173946228,,,,,,,,0.11113994118664583,-0.1110665597433842,,0.17618852557769715,,-0.06154761904761896,0.353461087211576,,,,,,,,,,,,,,0.0812789620018537,,,,,,-0.29997981836528753,-0.2357446387983002,,,,,,,0.4822091444092349,0.060738689652092503,-0.17977257554366266,,,0.3150046806044666,,,,,,,-0.10389610389610393,,-0.003353697224588892,,,0.1016804935120188,,-0.27344081068631965,-0.2700973249055466,,,,-0.04531064171929178,,,,,,,,,,,,,,0.28362942044369666,,,,,,,,
15,,,,,,0.18343324250681192,,,,,,,,-0.17496405018098882,,,,,,-0.2805359233404153,,,,,,,,,,,,,,0.6950854324467148,,,-0.4264054819492823,,,,,,,,,,,,,,,0.2701303184603434,,,-0.2848095251866326,,,0.039715485074626855,,,-0.3067769646834234,,0.26000285795941713,,,,,-0.0070217556742846465,,,-0.10417252037089064,,,,,-0.03128131710808879,-0.20252876829095046,0.017394281068475292,,,,,-0.3999943475680412,,0.00666370501999114,,-0.32390457234167813,0.2793759006761998,,,,,,,,0.062146078020134166,,,,-0.161707565128954,,,,-0.09774389927126581,,-0.2013454723558732,,-0.22393228164678736,,,0.08213182286302789,,,,,-0.07407598045523567,,,-0.03238449772819285,,,,-0.14166666666666672,,-0.356306546035125,,,,,0.308449174288818,,,,,,,0.5957038281531262,0.13364071139995293,,,,-0.18541039587164543,,,-0.13381842987891535,,,,,-0.7330042824998186,,,,,,,0.31945458972485974,,,-0.11248688352570835,,,,,,,,0.9546404425322681,,,,,-0.2795403723957758,,0.027974076379480906,,,,,,,,-0.13656860639896928,,-0.0967670938080798,,,,,,,-0.34090909090909083,,,,0.01642613437674245,,,,,,,,,,,,,,,,,,,,,,,,,,,,-0.36975055257341327,,,,,,0.057132678013311455,-0.2068998249203703,,,,,,,-0.4912151256629006,,,,,,,,-0.569894123062759,,,0.0043156495626917035,,,,,,-0.1959719582270646,,,,0.07531635077637167,-0.5304747562812079,,,,,,,0.2680437060320311,,,,,,,,0.020409283684925894,-0.3285892190001779,,,,,,,,,0.5363299500563878,,-0.18971483417948531,0.11647027787548359,,,,-0.08195198628179479,,,,,0.01592115238817282,,,,,-0.11917048535138774,,,,,,,,,,,,,,,,,,,0.058308741223160654,0.09114583333333326,,,,,,,,,,,,1.4286694101508912,-0.25141050704016243,,,,,-0.0652180169808605,,4.214726219398243,,,,,,,,,-0.08480256911833106,-0.33335394126738804,-0.37500995460699216,0.1915056927209926,,,,,-0.4531559581092556,,,,,,0.12044123305827537,,,,0.29853512705530627,-0.1966843445943125,,,,,,,0.046500512120177584,,0.0068466813355836376,,-0.18699076218764477,,,,,0.3742314543469518,,,,,,,,,,,,-0.0531379781773158,-0.18207171314741033,,-0.32727351893289713,,,,,,,,,,,,,,,,,0.18799446749654236,,,-0.5472935756847428,,,,,-0.04167707552668831,,,,,,,,,,,,0.10762631608266937,-0.015569565905136362,,,,,,,,,,,,,,,,,,,,,,,,,,,,,,,,0.10279534874010987,-0.3414567492404391,,-0.1277720234775449,0.07195180331126427,,,0.030262850011699483,,,-0.12162014230979756,-0.19191687895354492,,-0.22819311549608934,,-0.06843189931181681,-0.0192797547322342,,0.17318691374971396,,,0.0,0.01602186821522933,,,-0.7980524251875505,,,0.1410884097542604,0.11627810013550599,0.18147827094310376,,,,-0.06419406741202183,,,,,0.09765458422174822,,-0.5821365165052468,-0.05556832547983004,0.4232528900220027,-0.057705693999721475,0.4456752136752138,,0.0,,,,0.35172811891189837,,,,,,5.607142857142858,,,,,,,-0.16208272097417586,,-0.9345581095913542,,,,,,,-0.08333670128925341,-0.16300840986815213,0.0645133726394942,,-0.06491906641587408,-0.23724976696702027,0.2136279926335174,,,,,0.04477611940298498,-0.017211155378486165,,,,0.16672437673130203,,,-0.11152311562147632,,,,,,,,0.11113994118664583,-0.2307425399028452,,0.27528999895495865,,-0.01614178142031031,0.35930871956009414,,,,,,,,,,,,,,,,,,,,-0.3474432780223502,-0.22692057779777086,,,,,,,0.46792199058507045,0.05218624019846718,-0.10482435709081361,,,0.3250847282519591,,,,,,,-0.12334568554790903,,-0.06563562202583284,,,0.30915065722952484,,-0.21060954859373437,-0.2816471648259603,,,,0.020757589325691717,,,,,,,,,,,,,,0.2724667606435429,,,,,,,,
16,,,,,,0.18343324250681192,,,,,,,,-0.2364157870582836,,,,,,-0.20729027326581306,,,,,,,,,,,,,,0.8809616888193901,,,-0.3839181133196973,,,,,,,,,,,,,,,0.27344572475159024,,,-0.30246876271753276,,,0.049629193643319525,,,-0.2802589852008456,,0.2219796971901744,,,,,0.02975372023204148,,,-0.09474007997539213,,,,,-0.0882570908845921,-0.10426373906938158,-0.04098054835684528,,,,,-0.36537829193196425,,0.05657444824370539,,-0.27367184676545,0.19209316738108773,,,,,,,,0.013952498936356417,,,,-0.18929688288106528,,,,-0.02439011934612423,,-0.24683810843488063,,-0.2905381639113612,,,0.1370434782608696,,,,,-0.11764685273034325,,,0.04741817473506105,,,,-0.06469920544835417,,-0.36110927698910533,,,,,0.5380088823094005,,,,,,,0.6672308946147578,0.20293462386362493,,,,-0.17791423575486953,,,-0.14009503707800486,,,,,-0.7215147706797087,,,,,,,0.38345672708705636,,,-0.11248688352570835,,,,,,,,0.9948563542842805,,,,,-0.4356693200145674,,0.11363906817550751,,,,,,,,-0.07548037444572187,,0.0,,,,,,,-0.36952330297187685,,,,0.05445578531439055,,,,,,,,,,,,,,,,,,,,,,,,,,,,-0.3801627228122477,,,,,,0.13845483083362398,-0.1686805593941738,,,,,,,-0.3829763436049438,,,,,,,,-0.5918342201064128,,,0.1079451856411,,,,,,-0.17731923570998664,,,,0.136815048486973,-0.5304747562812079,,,,,,,0.2897813775044151,,,,,,,,0.020409283684925894,-0.3896495956873316,,,,,,,,,0.7698589458054936,,-0.15150232754972492,0.19857453035023132,,,,-0.10820377568017758,,,,,0.03546866548180194,,,,,0.030309371277726038,,,,,,,,,,,,,,,,,,,0.06754259905563531,0.20057306590257884,,,,,,,,,,,,1.4286694101508912,-0.23188497794140983,,,,,-0.04017613073865578,,3.8783216783216785,,,,,,,,,-0.12499543100822419,-0.3714368988633052,-0.41178234147803927,0.20961038961038958,,,,,-0.3930890052356021,,,,,,0.15165897604921996,,,,0.34969858927350694,-0.14158857652833567,,,,,,,0.07144854586129745,,0.09701258044619276,,-0.10313833944568018,,,,,0.27272364429780205,,,,,,,,,,,,0.0030057108506160723,-0.17317760773258162,,-0.35087735321732705,,,,,,,,,,,,,,,,,0.14899257688229062,,,-0.5379229275273434,,,,,0.04546693313953498,,,,,,,,,,,,0.13825280512937943,0.003177819739326626,,,,,,,,,,,,,,,,,,,,,,,,,,,,,,,,0.05836271838435647,-0.3414567492404391,,-0.04847167898015359,0.02758608746850455,,,0.0558752997601919,,,-0.022556085676581183,-0.2118149585415562,,-0.16667023898831856,,-0.06843189931181681,0.05375551075929641,,0.14130637680743208,,,0.025644773233197693,0.018352712924242676,,,-0.8148814010509762,,,0.20048536476648016,0.14059515610244477,0.2094766457564876,,,,0.002324307126696956,,,,,0.16893732970027253,,-0.5599367646611741,0.004922192668684211,0.5299881736779861,0.020812910036950516,0.5317684561327247,,0.17777770629541578,,,,0.2510584872647623,,,,,,5.7682926829268295,,,,,,,-0.04635603345280759,,-0.9362952733642429,,,,,,,-0.118705315511346,-0.11589667276300397,0.2132839890923257,,-0.05789326180085674,-0.1626955123519953,0.19600725952813058,,,,,0.09375,0.09031039017005704,,,,0.2727101038715769,,,-0.12293432656905556,,,,,,,,0.19407008086253352,-0.255790533736153,,0.27528999895495865,,-0.07577770830076602,0.36522864266102806,,,,,,,,,,,,,,,,,,,,-0.30628,-0.27436928959313167,,,,,,,0.4632642116553447,0.1801739130434783,-0.11247823975936433,,,0.3002075959855961,,,,,,,-0.17447657028913255,,-0.055815071786769255,,,0.4302678818006076,,-0.18868429173953294,-0.25328835393530635,,,,0.10073776507396959,,,,,,,,,,,,,,0.2911806380992672,,,,,,,,
17,,,,,,0.30293394132117357,,,,,,,,-0.1246580387205386,,,,,,-0.1280151347942614,,,,,,,,,,,,,,1.1820861678004535,,,-0.27677673569068484,,,,,,,,,,,,,,,0.4553515509114283,,,-0.20840459097352415,,,0.2880792788628219,,,-0.3361769544817501,,0.3965551375965157,,,,,0.1465350122293687,,,-0.0171603257379197,,,,,-0.03128131710808879,0.01069499459848755,0.06363585528155236,,,,,-0.29786847022638197,,0.2042515500442872,,-0.25862280971411,0.3333237060998151,,,,,,,,0.13254409750370377,,,,-0.09215171284136792,,,,-0.008264419907284881,,-0.26087536162327185,,-0.30050286110629454,,,0.21079056751306635,,,,,-0.11764685273034325,,,0.04741817473506105,,,,-0.0213776722090262,,-0.34652529209157834,,,,,0.6134881192731791,,,,,,,0.7570031712473575,0.38591629317392173,,,,-0.12418321990073222,,,0.011363485510228477,,,,,-0.6961305885074183,,,,,,,0.7165030091859359,,,-0.065827258670201,,,,,,,,1.3233489187609582,,,,,-0.40476321132634585,,0.15747966569878735,,,,,,,,0.05943239987955429,,0.005992101320986043,,,,,,,-0.2749445676274944,,,,0.13444092827004228,,,,,,,,,,,,,,,,,,,,,,,,,,,,-0.28910290199877475,,,,,,0.04963660921018764,-0.11539185469260993,,,,,,,-0.3095312597784592,,,,,,,,-0.6363627291506582,,,0.173119681054972,,,,,,-0.10838071500895707,,,,0.136815048486973,-0.5304747562812079,,,,,,,0.4794027765650921,,,,,,,,0.020409283684925894,-0.2419657204070702,,,,,,,,,0.9291927978960146,,-0.07011797443404166,0.32165721126320723,,,,-0.19165801641974145,,,,,0.22374429223744308,,,,,0.024094843447514558,,,,,,,,,,,,,,,,,,,0.3315195646955269,0.33439490445859876,,,,,,,,,,,,1.4286694101508912,-0.2182887044155173,,,,,0.14360662664389712,,4.773639561349058,,,,,,,,,-0.04604022209824388,-0.3714368988633052,-0.37500995460699216,0.3674937600939656,,,,,-0.2758620689655171,,,,,,0.273929317971902,,,,0.38384095832802334,-0.08491104557130624,,,,,,,0.0843356445450687,,0.22499025341130596,,-0.06976381635357387,,,,,0.45455236589222725,,,,,,,,,,,,0.11297413662411682,-0.17317760773258162,,-0.35087735321732705,,,,,,,,,,,,,,,,,0.30000440300725395,,,-0.5248164824191033,,,,,0.022205444775058814,,,,,,,,,,,,0.2227791273331079,0.003177819739326626,,,,,,,,,,,,,,,,,,,,,,,,,,,,,,,,0.21072173454653798,-0.31354938168169166,,0.12952263034805322,0.15327580510368688,,,0.16842105263157903,,,0.03998444689261871,-0.23077761429894827,,-0.02541799313162718,,0.0,0.22286464177713539,,0.2280736992545096,,,0.06195215645189456,0.19999691052891744,,,-0.7576628924805067,,,0.2949567261459558,0.3846074282217262,0.38997476302148204,,,,0.12881072526947546,,,,,0.3046122655854029,,-0.46860258081095474,0.07365670422995252,0.6451495700617658,-0.057705693999721475,0.6929297782048203,,0.2801946808901197,,,,0.4773899465308118,,,,,,5.981132075471699,,,,,,,0.042580982236154696,,-0.9275305717769614,,,,,,,-0.06604900144121884,0.0,0.2692817116658177,,0.08017994583263222,-0.04818876703223651,0.5080091533180779,,,,,0.36363636363636354,0.23003278525037718,,,,0.3564814814814814,,,-0.047803857773646374,,,,,,,,0.35588390501319256,-0.1110665597433842,,0.5874146341463415,,0.08926350697802965,-0.615194737614581,,,,,,,,,,,,,,,,,,,,-0.19790028674498195,-0.15546637181429768,,,,,,,0.7153185247275773,0.3299176885603896,-0.11999201540557047,,,0.4903253511165,,,,,,,-0.10955773625487297,,0.025116070929126932,,,1.0600636435958632,,-0.019883680469254927,-0.12015718181060508,,,,0.2715347031657853,,,,,,,,,,,,,,0.4633275745283234,,,,,,,,
18,,,,,,0.3071848213425794,,,,,,,,-0.1027797999406832,,,,,,-0.18212736593059942,,,,,,,,,,,,,,1.1741979213737008,,,-0.39785561725758223,,,,,,,,,,,,,,,0.52811283204984,,,-0.31515129936663533,,,0.2760969745541977,,,-0.3168621057252148,,0.3662599263993802,,,,,0.15247539177388658,,,0.04876644736842106,,,,,-0.060664954535989524,-0.18534607867799313,-0.01955629780829249,,,,,-0.29786847022638197,,0.16066245518183364,,-0.27853894938375,0.3578739925877994,,,,,,,,0.13919975255876715,,,,-0.03901228662820244,,,,-0.062499693292177194,,-0.26993679220437183,,-0.3465089907662401,,,0.17891489020676388,,,,,-0.11764685273034325,,,0.03462105041637864,,,,-0.0213776722090262,,-0.356306546035125,,,,,0.6437386282730797,,,,,,,,0.2680415700741401,,,,-0.11258292749314025,,,-0.023043779333692394,,,,,-0.7249958880964129,,,,,,,0.6190618464296385,,,-0.14456206594295729,,,,,,,,1.358673885633761,,,,,-0.40476321132634585,,0.14843622168719772,,,,,,,,-0.020019497249495255,,-0.023245358861797127,,,,,,,-0.2926829268292682,,,,0.11375192883255147,,,,,,,,,,,,,,,,,,,,,,,,,,,,-0.31192344286482543,,,,,,0.04963660921018764,-0.1375007168664334,,,,,,,-0.32557002261751955,,,,,,,,-0.6610136379704914,,,0.18305176479684548,,,,,,-0.1643969981067086,,,,0.14248811131333294,-0.5408285858233539,,,,,,,0.48495206043715267,,,,,,,,0.06381821824113576,-0.28792452830188686,,,,,,,,,0.8012844729882886,,-0.09998877791493666,0.30750218835281395,,,,-0.19977579522630673,,,,,0.28205128205128216,,,,,0.0,,,,,,,,,,,,,,,,,,,0.31015369110607205,0.33439490445859876,,,,,,,,,,,,1.4286694101508912,-0.2789080377574371,,,,,0.0913642473118279,,4.636033124621289,,,,,,,,,-0.10380113310205408,-0.1538763339610798,-0.44446803992355066,0.4239412933802169,,,,,-0.2499999999999999,,,,,,0.26093441755280744,,,,0.4196627010066676,-0.13393661084098696,,,,,,,0.0843356445450687,,0.33030850433260883,,-0.10313833944568018,,,,,0.5555465218381086,,,,,,,,,,,,0.0844338089751544,-0.23509687034277205,,-0.38127117670205823,,,,,,,,,,,,,,,,,0.27809251713931693,,,-0.5073471982562892,,,,,-0.021302831873458716,,,,,,,,,,,,0.12273073773963117,-0.0595194404265883,,,,,,,,,,,,,,,,,,,,,,,,,,,,,,,,0.2561529498490003,-0.3414567492404391,,0.10564233773229192,0.11195540148037098,,,0.07591431131383897,,,-0.022556085676581183,-0.23077761429894827,,-0.0873045682895911,,-0.016684147146797113,0.22286464177713539,,0.400007045478564,,,0.0,0.1871599731034903,,,-0.7576628924805067,,,0.3246802929281891,0.3241396364835347,0.40528353883068435,,,,0.21450141351837582,,,,,0.2767857142857142,,-0.454185520361991,0.08510497821206897,0.6721170219313544,-0.10911484040802888,0.8037024398566799,,0.330322512666702,,,,0.4773899465308118,,,,,,6.070063694267517,,,,,,,-0.04635603345280759,,-0.9325130978137885,,,,,,,-0.0747735987598922,0.04706008973436204,0.2692817116658177,,0.06639173388924147,0.021640903686088064,0.4156820622986037,,,,,0.19999999999999996,0.17925734705341023,,,,0.33076619273301744,,,0.002103358035561387,,,,,,,,0.1267321522539906,-0.1999278238902923,,0.4934373565855896,,0.06087385609187157,-0.6261892211843391,,,,,,,,,,,,,,,,,,,,-0.2142533526640087,-0.21790025914923206,,,,,,,0.7089618456078084,0.2416875784190715,-0.1332130506690723,,,0.5714000346246555,,,,,,,-0.11514827678332895,,-0.07048540078110466,,,1.3833410032213531,,-0.08726043884825485,-0.11328109114329776,,,,0.19431696737285487,,,,,,,,,,,,,,0.5296143962959132,,,,,,,,
19,,,,,,0.2307727185137325,,,,,,,,-0.06781892542999601,,,,,,-0.14407304240173313,,,,,,,,,,,,,,1.0478825281974888,,,-0.4137721662175201,,,,,,,,,,,,,,,0.4684693673917384,,,-0.3570415159370983,,,0.11337811852258817,,,-0.31185648411344824,,0.3829203262233376,,,,,0.1737549846981361,,,-0.06523491900608369,,,,,-0.060664954535989524,-0.3102179914638443,0.005731628649683351,,,,,-0.2928519086003597,,0.1545516304347827,,-0.2904469092941834,0.36063544460491004,,,,,,,,0.16431014167888036,,,,-0.1959077492620942,,,,-0.062499693292177194,,-0.32386550727465635,,-0.3521760077083669,,,0.19782590994218707,,,,,-0.11764685273034325,,,0.005939540620962802,,,,0.032581453634085156,,-0.3313061506565308,,,,,0.5843309187952725,,,,,,,,0.26478208646590584,,,,-0.17791423575486953,,,-0.09276570407859475,,,,,-0.7471229599483027,,,,,,,0.48425089016707745,,,-0.12346276081249141,,,,,,,,1.2823309889478973,,,,,-0.4823999109258936,,0.15747966569878735,,,,,,,,-0.07983261956912613,,-0.01174613367581745,,,,,,,-0.19444444444444442,,,,0.12918805976417724,,,,,,,,,,,,,,,,,,,,,,,,,,,,-0.3362861285130948,,,,,,0.0,-0.11539185469260993,,,,,,,-0.3409199522102747,,,,,,,,-0.6460205360352047,,,0.28073993471164327,,,,,,-0.08800302737584276,,,,0.12837759480459243,-0.5507526637090965,,,,,,,0.41069703933126855,,,,,,,,0.11110114777618363,-0.34724704525799943,,,,,,,,,0.785433439430818,,-0.17105943152454794,0.25385147145960896,,,,0.07336633043042418,,,,,0.19653540494687038,,,,,-0.039538443070644136,,,,,,,,,,,,,,,,,,,0.1611354564992884,0.33439490445859876,,,,,,,,,,,,1.4286694101508912,-0.29333130880145775,,,,,0.01894901960784301,,4.440436732306493,,,,,,,,,-0.12794389969946274,-0.1852047755780566,-0.37500995460699216,0.3048472961613897,,,,,-0.36363636363636365,,,,,,0.26954752446468366,,,,0.39791452111225545,-0.10600427549028735,,,,,,,0.011283404816892162,,0.1951238066258416,,-0.08256457564575648,,,,,0.29479041186741206,,,,,,,,,,,,0.04429587482219066,-0.23509687034277205,,-0.37710432398701466,,,,,,,,,,,,,,,,,0.28169189863801614,,,-0.6256934669205929,,,,,-0.11537722433606212,,,,,,,,,,,,-0.0679188380432999,-0.12222446101148499,,,,,,,,,,,,,,,,,,,,,,,,,,,,,,,,0.20305632102757976,-0.35199860801341365,,-0.06544875078253953,0.029011644542325188,,,0.0625,,,-0.10959866839282417,-0.23077761429894827,,-0.08000473260766683,,-0.02748857044066233,0.23047039461093877,,0.40940323252741795,,,-0.07693008195891926,0.07506331391245391,,,-0.7884358666292068,,,0.31712220833559757,0.31506647455629055,0.3431562216167121,,,,0.11519174041297942,,,,,0.19999999999999996,,-0.4765107952696105,0.019983863960777004,0.6630414821767432,-0.057705693999721475,0.7625041680560187,,0.3589754534167946,,,,0.39999402146294805,,,,,,5.8944099378882,,,,,,,-0.10354896675651393,,-0.9341586981634357,,,,,,,-0.08618049959709906,-0.014760521302115914,0.25952886462440605,,-0.028688186246181746,-0.09462592202318221,0.2660902977905861,,,,,0.23529411764705888,0.13579280575539565,,,,0.4402650138918571,,,-0.02845422426671096,,,,,,,,0.08112429521164688,-0.32777440873256514,,,,0.0,-0.634031825526407,,,,,,,,,,,,,,,,,,,,-0.16302302012451142,-0.2996524751242373,,,,,,,0.6654120040691758,0.21856241342157934,-0.15024490906617083,,,0.41720953918290493,,,,,,,-0.15477861426566286,,0.00784601283226416,,,1.2227467811158799,,-0.0698212011133651,-0.1921712246728695,,,,0.13899158656248112,,,,,,,,,,,,,,0.4584657629844271,,,,,,,,
20,,,,,,0.269837557159063,,,,,,,,-0.0555697459912019,,,,,,-0.15064496314496323,,,,,,,,,,,,,,0.9804486519860052,,,-0.41889073025138723,,,,,,,,,,,,,,,0.4553515509114283,,,-0.3633806131792724,,,0.17773081495178977,,,-0.31185648411344824,,0.3662599263993802,,,,,0.17686549816355934,,,0.026839152956332768,,,,,-0.060664954535989524,-0.3321568223098217,0.08000227117874181,,,,,-0.2499955840531326,,0.17267552182163204,,-0.19173537100341842,0.40084964345319385,,,,,,,,0.20789171623213032,,,,-0.17572245442190826,,,,0.016949062318678543,,-0.256254779120776,,-0.36602231651736605,,,0.24443786481685126,,,,,-0.11764685273034325,,,0.009936612278436563,,,,0.0799475753604193,,-0.3313061506565308,,,,,0.6645437795401747,,,,,,,,0.26153867339491366,,,,-0.16510896963787436,,,-0.09276570407859475,,,,,-0.7571724693362908,,,,,,,0.3571249686952165,,,-0.16472447165712034,,,,,,,,1.4174838464462183,,,,,-0.4791690007842636,,0.21487960930980132,,,,,,,,-0.09678143952764506,,-0.005921141165388222,,,,,,,-0.19444444444444442,,,,0.12745971673288814,,,,,,,,,,,,,,,,,,,,,,,,,,,,-0.2753623188405797,,,,,,0.013696290199853856,-0.14815066553384315,,,,,,,-0.3409199522102747,,,,,,,,-0.6460205360352047,,,0.31697975168377335,,,,,,-0.04144359139413545,,,,0.07531635077637167,-0.5602568385109306,,,,,,,0.4891545087010021,,,,,,,,0.11110114777618363,-0.3896495956873316,,,,,,,,,0.7471601319164527,,-0.24776063405712145,0.27347041123370097,,,,0.1490531869704219,,,,,0.22374429223744308,,,,,0.14865859129654546,,,,,,,,,,,,,,,,,,,0.22498858934907773,0.33439490445859876,,,,,,,,,,,,1.4286694101508912,-0.2597724353092311,,,,,0.03365529971516312,,4.5685491917780885,,,,,,,,,-0.07992492425164466,-0.1538763339610798,-0.30233798559871994,0.2921753607103219,,,,,-0.38235294117647056,,,,,,0.27827910833617864,,,,0.49727680110306793,-0.04668219436047372,,,,,,,0.03449206884913947,,0.17599431109336794,,-0.08256457564575648,,,,,0.3742314543469518,,,,,,,,,,,,0.12781515961532564,-0.10035056967572309,,-0.407051501322365,,,,,,,,,,,,,,,,,0.30372843935421545,,,-0.5963779222905102,,,,,-0.06122032792234278,,,,,,,,,,,,0.0040651432899887485,0.003177819739326626,,,,,,,,,,,,,,,,,,,,,,,,,,,,,,,,0.18385961766881076,-0.28318460192475936,,-0.042674750772459635,-0.009307644790223168,,,0.03975125944584379,,,-0.10344699156408876,-0.2118149585415562,,0.0,,0.0,0.3033263738268501,,0.5671599120636452,,,-0.055112482910055105,0.07246596902007352,,,-0.8039920523536898,,,0.35587626559266106,0.31206965556109156,0.44343637446193784,,,,0.18678386438549688,,,,,0.17641681901279682,,-0.4604618223158209,0.0680400311931375,0.6924642315758873,-0.09257273092907892,0.8468728162124388,,0.44808806924359246,,,,0.523329375985949,,,,,,5.8944099378882,,,,,,,-0.025634765625,,-0.9289599670047503,,,,,,,-0.0631170225949027,0.04706008973436204,0.2692817116658177,,0.022864594653336345,-0.0642051952295376,0.4279523293607801,,,,,0.3207547169811322,0.21725614043744823,,,,0.4402650138918571,,,-0.03205764233404207,,,,,,,,0.0,-0.32201834862385315,,,,0.0,-0.6099364320815113,,,,,,,,,,,,,,,,,,,,-0.08330250013214235,-0.1624972926142516,,,,,,,0.7414104882459311,0.2595990666100976,-0.11700598520194183,,,0.5263875486059189,,,,,,,-0.09828478083310654,,0.025116070929126932,,,,,-0.05170257791458266,-0.1184481585702507,,,,0.2606781835475236,,,,,,,,,,,,,,0.4906577560007441,,,,,,,,
21,,,,,,0.34228353854522076,,,,,,,,0.02539056481681201,,,,,,-0.15874062056378013,,,,,,,,,,,,,,0.947975708502024,,,-0.40056982480013614,,,,,,,,,,,,,,,0.47287830264211395,,,-0.36605926555244694,,,0.14585689318392103,,,-0.31185648411344824,,0.45012745662363307,,,,,0.348038641374389,,,0.04242275625306524,,,,,-0.060664954535989524,-0.32978596387891723,0.15841849474415026,,,,,-0.23254889202183426,,0.17898022892819987,,-0.1535518742103047,0.39496585483773483,,,,,,,,0.27971508891626384,,,,-0.11657689348136746,,,,0.09090857178750689,,-0.17360779871213916,,-0.38683690530475756,,,0.2655282174810736,,,,,-0.11764685273034325,,,-0.003924724024752413,,,,0.09866666666666668,,-0.3313061506565308,,,,,0.6134881192731791,,,,,,,,0.26478208646590584,,,,-0.0394266088506402,,,-0.1135403697799704,,,,,-0.7229160703255646,,,,,,,0.34433143140659883,,,-0.16472447165712034,,,,,,,,1.552634747361239,,,,,-0.4769841524960623,,0.21487960930980132,,,,,,,,-0.04854139201568464,,0.09804679370930836,,,,,,,-0.06451612903225801,,,,0.2113105965038744,,,,,,,,,,,,,,,,,,,,,,,,,,,,-0.295774647887324,,,,,,0.0,-0.0495949242299768,,,,,,,-0.32557002261751955,,,,,,,,-0.6296285002795141,,,0.29258711721224917,,,,,,-0.047163234942203425,,,,0.05058575824650435,-0.5840033706681647,,,,,,,0.673706462255764,,,,,,,,0.11110114777618363,-0.4050759287478325,,,,,,,,,0.6616135215194285,,-0.1310236476420078,0.38926578400262635,,,,0.17724128452975396,,,,,0.19653540494687038,,,,,0.09677695721457824,,,,,,,,,,,,,,,,,,,0.38417515139415737,0.5,,,,,,,,,,,,1.4286694101508912,-0.12251631617113856,,,,,0.00467087354615181,,4.956029882604056,,,,,,,,,-0.03896156033588716,-0.1200424351232251,-0.3617436564736499,0.35594700829815107,,,,,-0.4,,,,,,0.27827910833617864,,,,0.5837526434769926,-0.04899149693494187,,,,,,,0.046500512120177584,,0.33030850433260883,,-0.06976381635357387,,,,,0.488362323801226,,,,,,,,,,,,0.07983996705204,-0.35460546997799436,,-0.37074773918109394,,,,,,,,,,,,,,,,,0.36227997323920924,,,-0.6666625700521089,,,,,0.0,,,,,,,,,,,,0.051065179468203326,0.003177819739326626,,,,,,,,,,,,,,,,,,,,,,,,,,,,,,,,0.24335075083556945,-0.2636252516537244,,0.0466902508206648,0.056746745498904794,,,0.014905877833269132,,,-0.09091939047187458,-0.2118149585415562,,0.0176949454231341,,0.0,0.3033263738268501,,0.532856991331347,,,-0.039988634809054235,0.12977021524141952,,,-0.8090387893258859,,,0.35587626559266106,0.3946692134051051,0.4288895974645872,,,,0.2701301319237577,,,,,0.0911403136922424,,-0.44559347351488,0.12084839391666091,1.148857075061299,0.0,0.8380422498478659,,0.5680483762521253,,,,0.4271914186893391,,,,,,5.686746987951808,,,,,,,-0.025634765625,,-0.9260424369647671,,,,,,,-0.0631170225949027,0.17620789191313158,0.1702047717452564,,0.13909283074887457,0.05055939353182137,0.35040983606557385,,,,,0.4482758620689655,0.22361111111111098,,,,0.48305457746478875,,,0.06024065208953289,,,,,,,,-0.05882783882783893,-0.33880107366537426,,,,0.008271157535706841,-0.6132994247761901,,,,,,,,,,,,,,,,,,,,-0.08330250013214235,-0.10666377878853506,,,,,,,0.6533858506286925,0.1696542893725992,-0.08429451150970135,,,0.5894855098428537,,,,,,,-0.10955773625487297,,0.08725230391962979,,,,,-0.006550108328714832,-0.042196018291235426,,,,0.3111111111111111,,,,,,,,,,,,,,0.6139730879970451,,,,,,,,
22,,,,,,0.26582573620275585,,,,,,,,-0.016753338848835786,,,,,,-0.15064496314496323,,,,,,,,,,,,,,1.1741979213737008,,,-0.4455292100004721,,,,,,,,,,,,,,,0.27344572475159024,,,-0.3799730662884486,,,0.16280222216426266,,,-0.2964350297080858,,0.41396728672225813,,,,,0.22887963259639021,,,-0.02826882048156054,,,,,-0.13890302876049887,-0.42024305436017495,0.00285762490246122,,,,,-0.33107522646711307,,0.2010600706713781,,-0.18562166542851355,0.2769341410118109,,,,,,,,0.1905699466639239,,,,-0.2119919596019022,,,,-0.05511783762395828,,-0.26087536162327185,,-0.37919359803016317,,,0.2655282174810736,,,,,-0.09638796298621854,,,-0.08960901539601074,,,,0.12568306010928953,,-0.29511182341371023,,,,,0.5843309187952725,,,,,,,,0.2913390225337025,,,,-0.1326862236370001,,,-0.16939229410610313,,,,,-0.7024429703931403,,,,,,,0.49986161084970937,,,-0.23655072812612832,,,,,,,,1.3731064845907022,,,,,-0.45533517449158933,,0.18548523308560938,,,,,,,,-0.1623913819783359,,0.11998908363151184,,,,,,,-0.17142857142857137,,,,0.14686530237914974,,,,,,,,,,,,,,,,,,,,,,,,,,,,-0.32126389096696095,,,,,,0.013696290199853856,-0.017096921769818918,,,,,,,-0.4199873830301756,,,,,,,,-0.6610136379704914,,,0.3295390363644264,,,,,,-0.10084780292877382,,,,0.0554290053151103,-0.580646303047464,,,,,,,0.6155225019069415,,,,,,,,0.19046932795311533,-0.4405020755089939,,,,,,,,,0.5363299500563878,,-0.2716705262679926,0.32165721126320723,,,,0.14541686167012102,,,,,0.14559288706505957,,,,,0.06251348704413795,,,,,,,,,,,,,,,,,,,0.18356663252532135,0.33439490445859876,,,,,,,,,,,,2.400230458997503,-0.2577017924840812,,,,,-0.013770591361117357,,3.9677763930923984,,,,,,,,,-0.10535298294569773,-0.3052638360930353,-0.41178234147803927,0.18093064536579195,,,,,-0.4262522272817264,,,,,,0.28159233176838816,,,,0.6505547955616355,-0.07398671416193325,,,,,,,0.07144854586129745,,0.11786679948769052,,-0.14162410990433716,,,,,0.29479041186741206,,,,,,,,,,,,0.023220159446953215,-0.3490805326569436,,-0.26877514275425685,,,,,,,,,,,,,,,,,0.23306257112728268,,,-0.71966181228101,,,,,-0.04167707552668831,,,,,,,,,,,,-0.10181371921608784,-0.04242317668263951,,,,,,,,,,,,,,,,,,,,,,,,,,,,,,,,0.0894223432118626,-0.2956448479221472,,-0.08718974957614167,-0.043651689014956196,,,-0.02300295857988166,,,-0.09091939047187458,-0.16230490772061001,,-0.00864399000458993,,0.09258260137686936,0.16532850022655188,,0.3907353134158609,,,-0.039988634809054235,-0.05128111184387285,,,-0.8369843468043141,,,0.3769029765962282,0.31506647455629055,0.37351451008438086,,,,0.15867923950021967,,,,,0.008620689655172376,,-0.4934560470324748,-0.05991705991706009,1.1249902229174817,-0.1403441925446116,0.8557886421486878,,0.5406988487174309,,,,0.3548368433233049,,,,,,5.529411764705882,,,,,,,-0.03599033816425112,,-0.9277731535969521,,,,,,,-0.16806661042438475,0.04296990163758685,0.14587932303164086,,-0.036154612853456336,-0.10912955570532434,0.2758954501452082,,,,,0.1797752808988764,0.23003278525037718,,,,0.4707551287647316,,,0.04538960044904816,,,,,,,,-0.1304318397184242,-0.38925619834710745,,,,-0.09629714547747337,-0.6427745664739885,,,,,,,,,,,,,,,,,,,,-0.11492727736667507,-0.19599740090968165,,,,,,,0.5792977040324137,0.011584820477873903,-0.08751658894719538,,,0.4200509782872932,,,,,,,-0.2112407716122886,,-0.050810586833790805,,,,,-0.055699233716475116,-0.14015132611431924,,,,0.24470942802856577,,,,,,,,,,,,,,0.42532765982682963,,,,,,,,
23,,,,,,0.3605493321304163,,,,,,,,-0.04296684018291108,,,,,,-0.13402223266009083,,,,,,,,,,,,,,1.214219972388403,,,-0.4478271428907187,,,,,,,,,,,,,,,0.3074804548685146,,,-0.3561256104410052,,,0.33175015682408837,,,-0.2802589852008456,,0.3965551375965157,,,,,0.3562580368624091,,,-0.09474007997539213,,,,,-0.20003546728143295,-0.4324318858945496,0.04153889959698631,,,,,-0.35293131562504765,,0.244371224601867,,-0.21535007808433104,0.31745669358751183,,,,,,,,0.11944793667021258,,,,-0.2566023773183478,,,,0.16504753715460097,,-0.29586212152001623,,-0.3465089907662401,,,0.2800087013269523,,,,,-0.06250162861599284,,,-0.10088775792790294,,,,0.16056338028169015,,-0.27737117251680365,,,,,0.6751451144792004,,,,,,,,0.305039800393915,,,,-0.149206483437485,,,-0.1611706285852702,,,,,-0.5126139495442018,,,,,,,0.7165030091859359,,,-0.2680436162233889,,,,,,,,1.3515232179828454,,,,,-0.41038231563689076,,0.22500436332809737,,,,,,,,-0.15153433411707973,,0.13513430450550135,,,,,,,-0.17142857142857137,,,,0.11205898167680028,,,,,,,,,,,,,,,,,,,,,,,,,,,,-0.32126389096696095,,,,,,0.0,17.729016189290164,,,,,,,-0.3695428571428572,,,,,,,,-0.6296285002795141,,,0.4245083207261724,,,,,,-0.02385469739282442,,,,0.07531635077637167,-0.5648437213060564,,,,,,,0.5927429968039106,,,,,,,,,-0.505287075067727,,,,,,,,,0.6821308872817076,,-0.22698795180722897,0.4382894364202774,,,,0.12925977193329374,,,,,,,,,,0.017971023712209266,,,,,,,,,,,,,,,,,,,0.18931900051460926,0.33439490445859876,,,,,,,,,,,,,-0.11371127224785771,,,,,-0.022732401570656924,,3.7797190818773556,,,,,,,,,-0.0880276324478082,-0.3561234848032484,-0.4231108497500735,0.27974718329211323,,,,,-0.43243243243243235,,,,,,0.31781152569647,,,,0.7125059138937075,-0.09977069586784604,,,,,,,0.07144854586129745,,0.16204788086491306,,-0.14162410990433716,,,,,0.2873502893284887,,,,,,,,,,,,0.07073682982323093,-0.12601106853980426,,-0.2291672089613105,,,,,,,,,,,,,,,,,0.2364124602829789,,,-0.7341247279785128,,,,,-0.11537722433606212,,,,,,,,,,,,0.060087438686287076,-0.08405870232538581,,,,,,,,,,,,,,,,,,,,,,,,,,,,,,,,0.12606851271556785,-0.10987984268735207,,-0.1277720234775449,0.05824498203251083,,,-0.04227088167053361,,,-0.07143959265545441,-0.1489464323395533,,-0.057387383018959515,,0.15684482325251925,0.16532850022655188,,0.44828403013766005,,,-0.024383201257659914,0.09224993672843862,,,-0.8286244853055171,,,0.3609005670652967,0.37142710787829114,0.3474089428486822,,,,0.1318749313879104,,,,,-0.09525483304042193,,-0.458382443733513,-0.028578183645122324,1.1249902229174817,0.020812910036950516,0.8647909684247665,,0.5056810938624448,,,,0.29515223583418604,,,,,,5.8944099378882,,,,,,,0.12075259758494816,,-0.9267929499512257,,,,,,,-0.15627557473402276,0.02692378740697743,0.0784279778393353,,-0.09202809075474616,-0.07964222591184178,0.2306255835667601,,,,,0.30434782608695654,0.21032812020852498,,,,0.45834235014066205,,,0.05380520048352655,,,,,,,,-0.0909283894707048,,,,,-0.0827321387014196,-0.6248504084499713,,,,,,,,,,,,,,,,,,,,-0.09407647304638522,-0.20553714975473192,,,,,,,0.4967087218869992,0.056445156124899976,0.21025433992733134,,,0.48553716927353485,,,,,,,-0.1886330230279275,,0.1959798994974875,,,,,-0.06459188272410277,-0.1684988034613778,,,,0.24997806825160107,,,,,,,,,,,,,,0.44884933612647515,,,,,,,,
24,,,,,,,,,,,,,,,,,,,,,,,,,,,,,,,,,,,,,,,,,,,,,,,,,,,,,,,,,,,,,,,,,,,,,,,,,,,,,,,,,,,,,,,,,,,,,,,,,,,,,,,,,,,,,,,,,,,,,,,,,,,,,,,,,,,,,,,,,,,,,,,,,,,,,,,,,,,,,,,,,,,,,,,,1.042124189301997,,,,,,,,,,,,,,,,,,,,,,,,,,,,,,,,,,,,,,,,,,,,,,,,,,,,,,,,,,,,,,,,,,,,,,,,,,,,,,,,,,,,,,,,,,,,,,,,,,,,,,,,,,,,,,,,,,,,,,,,,,,,,,,,,,,,,,,,,,,,,,,,,,,,,,,,,,,,,,,,,,,,,,,,,,,,,,,,,,,,,,,,,,,,,,,,,,,,,0.3761487160636454,,,,,,,,,,,,,,,,,,,,,,,,,,,,,,,,,,,,,,,,,,,,,,,,,,,,,,,,,,,,,,,,,,,,,,,,,,,,,,,,,,,,,,,,,,,,,,,,,,,,,,,,,,,,,,,,,,,,,,,,,,,,,,,,,,,,,,0.44494783904619983,,,,,,,,,,,,,,,,,,,,,,,,,,,,,,,,,,,,,,,,,,,,,,,,,,,,,,,,,,,,,,,,,,,,,,,,,,,,,,,,,,,,,,,,,,,,,,,,,,,,,,,,,,,,,,,,,,,,,,,,,,,,,,,,,,,,,,,,,,,,,,,,,,,,,,,,
25,,,,,,,,,,,,,,,,,,,,,,,,,,,,,,,,,,,,,,,,,,,,,,,,,,,,,,,,,,,,,,,,,,,,,,,,,,,,,,,,,,,,,,,,,,,,,,,,,,,,,,,,,,,,,,,,,,,,,,,,,,,,,,,,,,,,,,,,,,,,,,,,,,,,,,,,,,,,,,,,,,,,,,,,,,,,,,,,,,,,,,,,,,,,,,,,,,,,,,,,,,,,,,,,,,,,,,,,,,,,,,,,,,,,,,,,,,,,,,,,,,,,,,,,,,,,,,,,,,,,,,,,,,,,,,,,,,,,,,,,,,,,,,,,,,,,,,,,,,,,,,,,,,,,,,,,,,,,,,,,,,,,,,,,,,,,,,,,,,,,,,,,,,,,,,,,,,,,,,,,,,,,,0.35124265236671137,,,,,,,,,,,,,,,,,,,,,,,,,,,,,,,,,,,,,,,,,,,,,,,,,,,,,,,,,,,,,,,,,,,,,,,,,,,,,,,,,,,,,,,,,,,,,,,,,,,,,,,,,,,,,,,,,,,,,,,,,,,,,,,,,,,,,,0.48151091009107017,,,,,,,,,,,,,,,,,,,,,,,,,,,,,,,,,,,,,,,,,,,,,,,,,,,,,,,,,,,,,,,,,,,,,,,,,,,,,,,,,,,,,,,,,,,,,,,,,,,,,,,,,,,,,,,,,,,,,,,,,,,,,,,,,,,,,,,,,,,,,,,,,,,,,,,,
26,,,,,,,,,,,,,,,,,,,,,,,,,,,,,,,,,,,,,,,,,,,,,,,,,,,,,,,,,,,,,,,,,,,,,,,,,,,,,,,,,,,,,,,,,,,,,,,,,,,,,,,,,,,,,,,,,,,,,,,,,,,,,,,,,,,,,,,,,,,,,,,,,,,,,,,,,,,,,,,,,,,,,,,,,,,,,,,,,,,,,,,,,,,,,,,,,,,,,,,,,,,,,,,,,,,,,,,,,,,,,,,,,,,,,,,,,,,,,,,,,,,,,,,,,,,,,,,,,,,,,,,,,,,,,,,,,,,,,,,,,,,,,,,,,,,,,,,,,,,,,,,,,,,,,,,,,,,,,,,,,,,,,,,,,,,,,,,,,,,,,,,,,,,,,,,,,,,,,,,,,,,,,0.3812987560615644,,,,,,,,,,,,,,,,,,,,,,,,,,,,,,,,,,,,,,,,,,,,,,,,,,,,,,,,,,,,,,,,,,,,,,,,,,,,,,,,,,,,,,,,,,,,,,,,,,,,,,,,,,,,,,,,,,,,,,,,,,,,,,,,,,,,,,0.5199724086034991,,,,,,,,,,,,,,,,,,,,,,,,,,,,,,,,,,,,,,,,,,,,,,,,,,,,,,,,,,,,,,,,,,,,,,,,,,,,,,,,,,,,,,,,,,,,,,,,,,,,,,,,,,,,,,,,,,,,,,,,,,,,,,,,,,,,,,,,,,,,,,,,,,,,,,,,
27,,,,,,,,,,,,,,,,,,,,,,,,,,,,,,,,,,,,,,,,,,,,,,,,,,,,,,,,,,,,,,,,,,,,,,,,,,,,,,,,,,,,,,,,,,,,,,,,,,,,,,,,,,,,,,,,,,,,,,,,,,,,,,,,,,,,,,,,,,,,,,,,,,,,,,,,,,,,,,,,,,,,,,,,,,,,,,,,,,,,,,,,,,,,,,,,,,,,,,,,,,,,,,,,,,,,,,,,,,,,,,,,,,,,,,,,,,,,,,,,,,,,,,,,,,,,,,,,,,,,,,,,,,,,,,,,,,,,,,,,,,,,,,,,,,,,,,,,,,,,,,,,,,,,,,,,,,,,,,,,,,,,,,,,,,,,,,,,,,,,,,,,,,,,,,,,,,,,,,,,,,,,,0.4288985823336968,,,,,,,,,,,,,,,,,,,,,,,,,,,,,,,,,,,,,,,,,,,,,,,,,,,,,,,,,,,,,,,,,,,,,,,,,,,,,,,,,,,,,,,,,,,,,,,,,,,,,,,,,,,,,,,,,,,,,,,,,,,,,,,,,,,,,,0.5688673139158578,,,,,,,,,,,,,,,,,,,,,,,,,,,,,,,,,,,,,,,,,,,,,,,,,,,,,,,,,,,,,,,,,,,,,,,,,,,,,,,,,,,,,,,,,,,,,,,,,,,,,,,,,,,,,,,,,,,,,,,,,,,,,,,,,,,,,,,,,,,,,,,,,,,,,,,,
28,,,,,,,,,,,,,,,,,,,,,,,,,,,,,,,,,,,,,,,,,,,,,,,,,,,,,,,,,,,,,,,,,,,,,,,,,,,,,,,,,,,,,,,,,,,,,,,,,,,,,,,,,,,,,,,,,,,,,,,,,,,,,,,,,,,,,,,,,,,,,,,,,,,,,,,,,,,,,,,,,,,,,,,,,,,,,,,,,,,,,,,,,,,,,,,,,,,,,,,,,,,,,,,,,,,,,,,,,,,,,,,,,,,,,,,,,,,,,,,,,,,,,,,,,,,,,,,,,,,,,,,,,,,,,,,,,,,,,,,,,,,,,,,,,,,,,,,,,,,,,,,,,,,,,,,,,,,,,,,,,,,,,,,,,,,,,,,,,,,,,,,,,,,,,,,,,,,,,,,,,,,,,0.4455292625075844,,,,,,,,,,,,,,,,,,,,,,,,,,,,,,,,,,,,,,,,,,,,,,,,,,,,,,,,,,,,,,,,,,,,,,,,,,,,,,,,,,,,,,,,,,,,,,,,,,,,,,,,,,,,,,,,,,,,,,,,,,,,,,,,,,,,,,0.6763953247112526,,,,,,,,,,,,,,,,,,,,,,,,,,,,,,,,,,,,,,,,,,,,,,,,,,,,,,,,,,,,,,,,,,,,,,,,,,,,,,,,,,,,,,,,,,,,,,,,,,,,,,,,,,,,,,,,,,,,,,,,,,,,,,,,,,,,,,,,,,,,,,,,,,,,,,,,
29,,,,,,,,,,,,,,,,,,,,,,,,,,,,,,,,,,,,,,,,,,,,,,,,,,,,,,,,,,,,,,,,,,,,,,,,,,,,,,,,,,,,,,,,,,,,,,,,,,,,,,,,,,,,,,,,,,,,,,,,,,,,,,,,,,,,,,,,,,,,,,,,,,,,,,,,,,,,,,,,,,,,,,,,,,,,,,,,,,,,,,,,,,,,,,,,,,,,,,,,,,,,,,,,,,,,,,,,,,,,,,,,,,,,,,,,,,,,,,,,,,,,,,,,,,,,,,,,,,,,,,,,,,,,,,,,,,,,,,,,,,,,,,,,,,,,,,,,,,,,,,,,,,,,,,,,,,,,,,,,,,,,,,,,,,,,,,,,,,,,,,,,,,,,,,,,,,,,,,,,,,,,,0.5347584187408492,,,,,,,,,,,,,,,,,,,,,,,,,,,,,,,,,,,,,,,,,,,,,,,,,,,,,,,,,,,,,,,,,,,,,,,,,,,,,,,,,,,,,,,,,,,,,,,,,,,,,,,,,,,,,,,,,,,,,,,,,,,,,,,,,,,,,,0.6996704298436296,,,,,,,,,,,,,,,,,,,,,,,,,,,,,,,,,,,,,,,,,,,,,,,,,,,,,,,,,,,,,,,,,,,,,,,,,,,,,,,,,,,,,,,,,,,,,,,,,,,,,,,,,,,,,,,,,,,,,,,,,,,,,,,,,,,,,,,,,,,,,,,,,,,,,,,,
30,,,,,,,,,,,,,,,,,,,,,,,,,,,,,,,,,,,,,,,,,,,,,,,,,,,,,,,,,,,,,,,,,,,,,,,,,,,,,,,,,,,,,,,,,,,,,,,,,,,,,,,,,,,,,,,,,,,,,,,,,,,,,,,,,,,,,,,,,,,,,,,,,,,,,,,,,,,,,,,,,,,,,,,,,,,,,,,,,,,,,,,,,,,,,,,,,,,,,,,,,,,,,,,,,,,,,,,,,,,,,,,,,,,,,,,,,,,,,,,,,,,,,,,,,,,,,,,,,,,,,,,,,,,,,,,,,,,,,,,,,,,,,,,,,,,,,,,,,,,,,,,,,,,,,,,,,,,,,,,,,,,,,,,,,,,,,,,,,,,,,,,,,,,,,,,,,,,,,,,,,,,,,0.5347584187408492,,,,,,,,,,,,,,,,,,,,,,,,,,,,,,,,,,,,,,,,,,,,,,,,,,,,,,,,,,,,,,,,,,,,,,,,,,,,,,,,,,,,,,,,,,,,,,,,,,,,,,,,,,,,,,,,,,,,,,,,,,,,,,,,,,,,,,0.6763953247112526,,,,,,,,,,,,,,,,,,,,,,,,,,,,,,,,,,,,,,,,,,,,,,,,,,,,,,,,,,,,,,,,,,,,,,,,,,,,,,,,,,,,,,,,,,,,,,,,,,,,,,,,,,,,,,,,,,,,,,,,,,,,,,,,,,,,,,,,,,,,,,,,,,,,,,,,
31,,,,,,,,,,,,,,,,,,,,,,,,,,,,,,,,,,,,,,,,,,,,,,,,,,,,,,,,,,,,,,,,,,,,,,,,,,,,,,,,,,,,,,,,,,,,,,,,,,,,,,,,,,,,,,,,,,,,,,,,,,,,,,,,,,,,,,,,,,,,,,,,,,,,,,,,,,,,,,,,,,,,,,,,,,,,,,,,,,,,,,,,,,,,,,,,,,,,,,,,,,,,,,,,,,,,,,,,,,,,,,,,,,,,,,,,,,,,,,,,,,,,,,,,,,,,,,,,,,,,,,,,,,,,,,,,,,,,,,,,,,,,,,,,,,,,,,,,,,,,,,,,,,,,,,,,,,,,,,,,,,,,,,,,,,,,,,,,,,,,,,,,,,,,,,,,,,,,,,,,,,,,,0.3812987560615644,,,,,,,,,,,,,,,,,,,,,,,,,,,,,,,,,,,,,,,,,,,,,,,,,,,,,,,,,,,,,,,,,,,,,,,,,,,,,,,,,,,,,,,,,,,,,,,,,,,,,,,,,,,,,,,,,,,,,,,,,,,,,,,,,,,,,,0.5107828471702818,,,,,,,,,,,,,,,,,,,,,,,,,,,,,,,,,,,,,,,,,,,,,,,,,,,,,,,,,,,,,,,,,,,,,,,,,,,,,,,,,,,,,,,,,,,,,,,,,,,,,,,,,,,,,,,,,,,,,,,,,,,,,,,,,,,,,,,,,,,,,,,,,,,,,,,,
32,,,,,,,,,,,,,,,,,,,,,,,,,,,,,,,,,,,,,,,,,,,,,,,,,,,,,,,,,,,,,,,,,,,,,,,,,,,,,,,,,,,,,,,,,,,,,,,,,,,,,,,,,,,,,,,,,,,,,,,,,,,,,,,,,,,,,,,,,,,,,,,,,,,,,,,,,,,,,,,,,,,,,,,,,,,,,,,,,,,,,,,,,,,,,,,,,,,,,,,,,,,,,,,,,,,,,,,,,,,,,,,,,,,,,,,,,,,,,,,,,,,,,,,,,,,,,,,,,,,,,,,,,,,,,,,,,,,,,,,,,,,,,,,,,,,,,,,,,,,,,,,,,,,,,,,,,,,,,,,,,,,,,,,,,,,,,,,,,,,,,,,,,,,,,,,,,,,,,,,,,,,,,0.044646416327832394,,,,,,,,,,,,,,,,,,,,,,,,,,,,,,,,,,,,,,,,,,,,,,,,,,,,,,,,,,,,,,,,,,,,,,,,,,,,,,,,,,,,,,,,,,,,,,,,,,,,,,,,,,,,,,,,,,,,,,,,,,,,,,,,,,,,,,0.42297757426323845,,,,,,,,,,,,,,,,,,,,,,,,,,,,,,,,,,,,,,,,,,,,,,,,,,,,,,,,,,,,,,,,,,,,,,,,,,,,,,,,,,,,,,,,,,,,,,,,,,,,,,,,,,,,,,,,,,,,,,,,,,,,,,,,,,,,,,,,,,,,,,,,,,,,,,,,
33,,,,,,,,,,,,,,,,,,,,,,,,,,,,,,,,,,,,,,,,,,,,,,,,,,,,,,,,,,,,,,,,,,,,,,,,,,,,,,,,,,,,,,,,,,,,,,,,,,,,,,,,,,,,,,,,,,,,,,,,,,,,,,,,,,,,,,,,,,,,,,,,,,,,,,,,,,,,,,,,,,,,,,,,,,,,,,,,,,,,,,,,,,,,,,,,,,,,,,,,,,,,,,,,,,,,,,,,,,,,,,,,,,,,,,,,,,,,,,,,,,,,,,,,,,,,,,,,,,,,,,,,,,,,,,,,,,,,,,,,,,,,,,,,,,,,,,,,,,,,,,,,,,,,,,,,,,,,,,,,,,,,,,,,,,,,,,,,,,,,,,,,,,,,,,,,,,,,,,,,,,,,,0.038848806786648815,,,,,,,,,,,,,,,,,,,,,,,,,,,,,,,,,,,,,,,,,,,,,,,,,,,,,,,,,,,,,,,,,,,,,,,,,,,,,,,,,,,,,,,,,,,,,,,,,,,,,,,,,,,,,,,,,,,,,,,,,,,,,,,,,,,,,,0.45684577473253984,,,,,,,,,,,,,,,,,,,,,,,,,,,,,,,,,,,,,,,,,,,,,,,,,,,,,,,,,,,,,,,,,,,,,,,,,,,,,,,,,,,,,,,,,,,,,,,,,,,,,,,,,,,,,,,,,,,,,,,,,,,,,,,,,,,,,,,,,,,,,,,,,,,,,,,,
34,,,,,,,,,,,,,,,,,,,,,,,,,,,,,,,,,,,,,,,,,,,,,,,,,,,,,,,,,,,,,,,,,,,,,,,,,,,,,,,,,,,,,,,,,,,,,,,,,,,,,,,,,,,,,,,,,,,,,,,,,,,,,,,,,,,,,,,,,,,,,,,,,,,,,,,,,,,,,,,,,,,,,,,,,,,,,,,,,,,,,,,,,,,,,,,,,,,,,,,,,,,,,,,,,,,,,,,,,,,,,,,,,,,,,,,,,,,,,,,,,,,,,,,,,,,,,,,,,,,,,,,,,,,,,,,,,,,,,,,,,,,,,,,,,,,,,,,,,,,,,,,,,,,,,,,,,,,,,,,,,,,,,,,,,,,,,,,,,,,,,,,,,,,,,,,,,,,,,,,,,,,,,0.015224886685003769,,,,,,,,,,,,,,,,,,,,,,,,,,,,,,,,,,,,,,,,,,,,,,,,,,,,,,,,,,,,,,,,,,,,,,,,,,,,,,,,,,,,,,,,,,,,,,,,,,,,,,,,,,,,,,,,,,,,,,,,,,,,,,,,,,,,,,0.49623456790123477,,,,,,,,,,,,,,,,,,,,,,,,,,,,,,,,,,,,,,,,,,,,,,,,,,,,,,,,,,,,,,,,,,,,,,,,,,,,,,,,,,,,,,,,,,,,,,,,,,,,,,,,,,,,,,,,,,,,,,,,,,,,,,,,,,,,,,,,,,,,,,,,,,,,,,,,
35,,,,,,,,,,,,,,,,,,,,,,,,,,,,,,,,,,,,,,,,,,,,,,,,,,,,,,,,,,,,,,,,,,,,,,,,,,,,,,,,,,,,,,,,,,,,,,,,,,,,,,,,,,,,,,,,,,,,,,,,,,,,,,,,,,,,,,,,,,,,,,,,,,,,,,,,,,,,,,,,,,,,,,,,,,,,,,,,,,,,,,,,,,,,,,,,,,,,,,,,,,,,,,,,,,,,,,,,,,,,,,,,,,,,,,,,,,,,,,,,,,,,,,,,,,,,,,,,,,,,,,,,,,,,,,,,,,,,,,,,,,,,,,,,,,,,,,,,,,,,,,,,,,,,,,,,,,,,,,,,,,,,,,,,,,,,,,,,,,,,,,,,,,,,,,,,,,,,,,,,,,,,,0.07050653594771239,,,,,,,,,,,,,,,,,,,,,,,,,,,,,,,,,,,,,,,,,,,,,,,,,,,,,,,,,,,,,,,,,,,,,,,,,,,,,,,,,,,,,,,,,,,,,,,,,,,,,,,,,,,,,,,,,,,,,,,,,,,,,,,,,,,,,,0.7741911872346654,,,,,,,,,,,,,,,,,,,,,,,,,,,,,,,,,,,,,,,,,,,,,,,,,,,,,,,,,,,,,,,,,,,,,,,,,,,,,,,,,,,,,,,,,,,,,,,,,,,,,,,,,,,,,,,,,,,,,,,,,,,,,,,,,,,,,,,,,,,,,,,,,,,,,,,,
36,,,,,,,,,,,,,,,,,,,,,,,,,,,,,,,,,,,,,,,,,,,,,,,,,,,,,,,,,,,,,,,,,,,,,,,,,,,,,,,,,,,,,,,,,,,,,,,,,,,,,,,,,,,,,,,,,,,,,,,,,,,,,,,,,,,,,,,,,,,,,,,,,,,,,,,,,,,,,,,,,,,,,,,,,,,,,,,,,,,,,,,,,,,,,,,,,,,,,,,,,,,,,,,,,,,,,,,,,,,,,,,,,,,,,,,,,,,,,,,,,,,,,,,,,,,,,,,,,,,,,,,,,,,,,,,,,,,,,,,,,,,,,,,,,,,,,,,,,,,,,,,,,,,,,,,,,,,,,,,,,,,,,,,,,,,,,,,,,,,,,,,,,,,,,,,,,,,,,,,,,,,,,0.13215535490560337,,,,,,,,,,,,,,,,,,,,,,,,,,,,,,,,,,,,,,,,,,,,,,,,,,,,,,,,,,,,,,,,,,,,,,,,,,,,,,,,,,,,,,,,,,,,,,,,,,,,,,,,,,,,,,,,,,,,,,,,,,,,,,,,,,,,,,0.8263261000602773,,,,,,,,,,,,,,,,,,,,,,,,,,,,,,,,,,,,,,,,,,,,,,,,,,,,,,,,,,,,,,,,,,,,,,,,,,,,,,,,,,,,,,,,,,,,,,,,,,,,,,,,,,,,,,,,,,,,,,,,,,,,,,,,,,,,,,,,,,,,,,,,,,,,,,,,
37,,,,,,,,,,,,,,,,,,,,,,,,,,,,,,,,,,,,,,,,,,,,,,,,,,,,,,,,,,,,,,,,,,,,,,,,,,,,,,,,,,,,,,,,,,,,,,,,,,,,,,,,,,,,,,,,,,,,,,,,,,,,,,,,,,,,,,,,,,,,,,,,,,,,,,,,,,,,,,,,,,,,,,,,,,,,,,,,,,,,,,,,,,,,,,,,,,,,,,,,,,,,,,,,,,,,,,,,,,,,,,,,,,,,,,,,,,,,,,,,,,,,,,,,,,,,,,,,,,,,,,,,,,,,,,,,,,,,,,,,,,,,,,,,,,,,,,,,,,,,,,,,,,,,,,,,,,,,,,,,,,,,,,,,,,,,,,,,,,,,,,,,,,,,,,,,,,,,,,,,,,,,,0.2249228755725905,,,,,,,,,,,,,,,,,,,,,,,,,,,,,,,,,,,,,,,,,,,,,,,,,,,,,,,,,,,,,,,,,,,,,,,,,,,,,,,,,,,,,,,,,,,,,,,,,,,,,,,,,,,,,,,,,,,,,,,,,,,,,,,,,,,,,,0.8535596849430298,,,,,,,,,,,,,,,,,,,,,,,,,,,,,,,,,,,,,,,,,,,,,,,,,,,,,,,,,,,,,,,,,,,,,,,,,,,,,,,,,,,,,,,,,,,,,,,,,,,,,,,,,,,,,,,,,,,,,,,,,,,,,,,,,,,,,,,,,,,,,,,,,,,,,,,,
38,,,,,,,,,,,,,,,,,,,,,,,,,,,,,,,,,,,,,,,,,,,,,,,,,,,,,,,,,,,,,,,,,,,,,,,,,,,,,,,,,,,,,,,,,,,,,,,,,,,,,,,,,,,,,,,,,,,,,,,,,,,,,,,,,,,,,,,,,,,,,,,,,,,,,,,,,,,,,,,,,,,,,,,,,,,,,,,,,,,,,,,,,,,,,,,,,,,,,,,,,,,,,,,,,,,,,,,,,,,,,,,,,,,,,,,,,,,,,,,,,,,,,,,,,,,,,,,,,,,,,,,,,,,,,,,,,,,,,,,,,,,,,,,,,,,,,,,,,,,,,,,,,,,,,,,,,,,,,,,,,,,,,,,,,,,,,,,,,,,,,,,,,,,,,,,,,,,,,,,,,,,,,0.2249228755725905,,,,,,,,,,,,,,,,,,,,,,,,,,,,,,,,,,,,,,,,,,,,,,,,,,,,,,,,,,,,,,,,,,,,,,,,,,,,,,,,,,,,,,,,,,,,,,,,,,,,,,,,,,,,,,,,,,,,,,,,,,,,,,,,,,,,,,0.7998811910596273,,,,,,,,,,,,,,,,,,,,,,,,,,,,,,,,,,,,,,,,,,,,,,,,,,,,,,,,,,,,,,,,,,,,,,,,,,,,,,,,,,,,,,,,,,,,,,,,,,,,,,,,,,,,,,,,,,,,,,,,,,,,,,,,,,,,,,,,,,,,,,,,,,,,,,,,
39,,,,,,,,,,,,,,,,,,,,,,,,,,,,,,,,,,,,,,,,,,,,,,,,,,,,,,,,,,,,,,,,,,,,,,,,,,,,,,,,,,,,,,,,,,,,,,,,,,,,,,,,,,,,,,,,,,,,,,,,,,,,,,,,,,,,,,,,,,,,,,,,,,,,,,,,,,,,,,,,,,,,,,,,,,,,,,,,,,,,,,,,,,,,,,,,,,,,,,,,,,,,,,,,,,,,,,,,,,,,,,,,,,,,,,,,,,,,,,,,,,,,,,,,,,,,,,,,,,,,,,,,,,,,,,,,,,,,,,,,,,,,,,,,,,,,,,,,,,,,,,,,,,,,,,,,,,,,,,,,,,,,,,,,,,,,,,,,,,,,,,,,,,,,,,,,,,,,,,,,,,,,,0.24933257055682678,,,,,,,,,,,,,,,,,,,,,,,,,,,,,,,,,,,,,,,,,,,,,,,,,,,,,,,,,,,,,,,,,,,,,,,,,,,,,,,,,,,,,,,,,,,,,,,,,,,,,,,,,,,,,,,,,,,,,,,,,,,,,,,,,,,,,,0.8860099595393713,,,,,,,,,,,,,,,,,,,,,,,,,,,,,,,,,,,,,,,,,,,,,,,,,,,,,,,,,,,,,,,,,,,,,,,,,,,,,,,,,,,,,,,,,,,,,,,,,,,,,,,,,,,,,,,,,,,,,,,,,,,,,,,,,,,,,,,,,,,,,,,,,,,,,,,,
40,,,,,,,,,,,,,,,,,,,,,,,,,,,,,,,,,,,,,,,,,,,,,,,,,,,,,,,,,,,,,,,,,,,,,,,,,,,,,,,,,,,,,,,,,,,,,,,,,,,,,,,,,,,,,,,,,,,,,,,,,,,,,,,,,,,,,,,,,,,,,,,,,,,,,,,,,,,,,,,,,,,,,,,,,,,,,,,,,,,,,,,,,,,,,,,,,,,,,,,,,,,,,,,,,,,,,,,,,,,,,,,,,,,,,,,,,,,,,,,,,,,,,,,,,,,,,,,,,,,,,,,,,,,,,,,,,,,,,,,,,,,,,,,,,,,,,,,,,,,,,,,,,,,,,,,,,,,,,,,,,,,,,,,,,,,,,,,,,,,,,,,,,,,,,,,,,,,,,,,,,,,,,0.32433798261572666,,,,,,,,,,,,,,,,,,,,,,,,,,,,,,,,,,,,,,,,,,,,,,,,,,,,,,,,,,,,,,,,,,,,,,,,,,,,,,,,,,,,,,,,,,,,,,,,,,,,,,,,,,,,,,,,,,,,,,,,,,,,,,,,,,,,,,1.0333025752873084,,,,,,,,,,,,,,,,,,,,,,,,,,,,,,,,,,,,,,,,,,,,,,,,,,,,,,,,,,,,,,,,,,,,,,,,,,,,,,,,,,,,,,,,,,,,,,,,,,,,,,,,,,,,,,,,,,,,,,,,,,,,,,,,,,,,,,,,,,,,,,,,,,,,,,,,
41,,,,,,,,,,,,,,,,,,,,,,,,,,,,,,,,,,,,,,,,,,,,,,,,,,,,,,,,,,,,,,,,,,,,,,,,,,,,,,,,,,,,,,,,,,,,,,,,,,,,,,,,,,,,,,,,,,,,,,,,,,,,,,,,,,,,,,,,,,,,,,,,,,,,,,,,,,,,,,,,,,,,,,,,,,,,,,,,,,,,,,,,,,,,,,,,,,,,,,,,,,,,,,,,,,,,,,,,,,,,,,,,,,,,,,,,,,,,,,,,,,,,,,,,,,,,,,,,,,,,,,,,,,,,,,,,,,,,,,,,,,,,,,,,,,,,,,,,,,,,,,,,,,,,,,,,,,,,,,,,,,,,,,,,,,,,,,,,,,,,,,,,,,,,,,,,,,,,,,,,,,,,,0.44147414741474145,,,,,,,,,,,,,,,,,,,,,,,,,,,,,,,,,,,,,,,,,,,,,,,,,,,,,,,,,,,,,,,,,,,,,,,,,,,,,,,,,,,,,,,,,,,,,,,,,,,,,,,,,,,,,,,,,,,,,,,,,,,,,,,,,,,,,,1.082030578938327,,,,,,,,,,,,,,,,,,,,,,,,,,,,,,,,,,,,,,,,,,,,,,,,,,,,,,,,,,,,,,,,,,,,,,,,,,,,,,,,,,,,,,,,,,,,,,,,,,,,,,,,,,,,,,,,,,,,,,,,,,,,,,,,,,,,,,,,,,,,,,,,,,,,,,,,
42,,,,,,,,,,,,,,,,,,,,,,,,,,,,,,,,,,,,,,,,,,,,,,,,,,,,,,,,,,,,,,,,,,,,,,,,,,,,,,,,,,,,,,,,,,,,,,,,,,,,,,,,,,,,,,,,,,,,,,,,,,,,,,,,,,,,,,,,,,,,,,,,,,,,,,,,,,,,,,,,,,,,,,,,,,,,,,,,,,,,,,,,,,,,,,,,,,,,,,,,,,,,,,,,,,,,,,,,,,,,,,,,,,,,,,,,,,,,,,,,,,,,,,,,,,,,,,,,,,,,,,,,,,,,,,,,,,,,,,,,,,,,,,,,,,,,,,,,,,,,,,,,,,,,,,,,,,,,,,,,,,,,,,,,,,,,,,,,,,,,,,,,,,,,,,,,,,,,,,,,,,,,,0.4305366013428682,,,,,,,,,,,,,,,,,,,,,,,,,,,,,,,,,,,,,,,,,,,,,,,,,,,,,,,,,,,,,,,,,,,,,,,,,,,,,,,,,,,,,,,,,,,,,,,,,,,,,,,,,,,,,,,,,,,,,,,,,,,,,,,,,,,,,,1.0655304644226673,,,,,,,,,,,,,,,,,,,,,,,,,,,,,,,,,,,,,,,,,,,,,,,,,,,,,,,,,,,,,,,,,,,,,,,,,,,,,,,,,,,,,,,,,,,,,,,,,,,,,,,,,,,,,,,,,,,,,,,,,,,,,,,,,,,,,,,,,,,,,,,,,,,,,,,,
43,,,,,,,,,,,,,,,,,,,,,,,,,,,,,,,,,,,,,,,,,,,,,,,,,,,,,,,,,,,,,,,,,,,,,,,,,,,,,,,,,,,,,,,,,,,,,,,,,,,,,,,,,,,,,,,,,,,,,,,,,,,,,,,,,,,,,,,,,,,,,,,,,,,,,,,,,,,,,,,,,,,,,,,,,,,,,,,,,,,,,,,,,,,,,,,,,,,,,,,,,,,,,,,,,,,,,,,,,,,,,,,,,,,,,,,,,,,,,,,,,,,,,,,,,,,,,,,,,,,,,,,,,,,,,,,,,,,,,,,,,,,,,,,,,,,,,,,,,,,,,,,,,,,,,,,,,,,,,,,,,,,,,,,,,,,,,,,,,,,,,,,,,,,,,,,,,,,,,,,,,,,,,0.5487264346078837,,,,,,,,,,,,,,,,,,,,,,,,,,,,,,,,,,,,,,,,,,,,,,,,,,,,,,,,,,,,,,,,,,,,,,,,,,,,,,,,,,,,,,,,,,,,,,,,,,,,,,,,,,,,,,,,,,,,,,,,,,,,,,,,,,,,,,1.0655304644226673,,,,,,,,,,,,,,,,,,,,,,,,,,,,,,,,,,,,,,,,,,,,,,,,,,,,,,,,,,,,,,,,,,,,,,,,,,,,,,,,,,,,,,,,,,,,,,,,,,,,,,,,,,,,,,,,,,,,,,,,,,,,,,,,,,,,,,,,,,,,,,,,,,,,,,,,
44,,,,,,,,,,,,,,,,,,,,,,,,,,,,,,,,,,,,,,,,,,,,,,,,,,,,,,,,,,,,,,,,,,,,,,,,,,,,,,,,,,,,,,,,,,,,,,,,,,,,,,,,,,,,,,,,,,,,,,,,,,,,,,,,,,,,,,,,,,,,,,,,,,,,,,,,,,,,,,,,,,,,,,,,,,,,,,,,,,,,,,,,,,,,,,,,,,,,,,,,,,,,,,,,,,,,,,,,,,,,,,,,,,,,,,,,,,,,,,,,,,,,,,,,,,,,,,,,,,,,,,,,,,,,,,,,,,,,,,,,,,,,,,,,,,,,,,,,,,,,,,,,,,,,,,,,,,,,,,,,,,,,,,,,,,,,,,,,,,,,,,,,,,,,,,,,,,,,,,,,,,,,,0.6154604857600787,,,,,,,,,,,,,,,,,,,,,,,,,,,,,,,,,,,,,,,,,,,,,,,,,,,,,,,,,,,,,,,,,,,,,,,,,,,,,,,,,,,,,,,,,,,,,,,,,,,,,,,,,,,,,,,,,,,,,,,,,,,,,,,,,,,,,,1.0989781780394874,,,,,,,,,,,,,,,,,,,,,,,,,,,,,,,,,,,,,,,,,,,,,,,,,,,,,,,,,,,,,,,,,,,,,,,,,,,,,,,,,,,,,,,,,,,,,,,,,,,,,,,,,,,,,,,,,,,,,,,,,,,,,,,,,,,,,,,,,,,,,,,,,,,,,,,,
45,,,,,,,,,,,,,,,,,,,,,,,,,,,,,,,,,,,,,,,,,,,,,,,,,,,,,,,,,,,,,,,,,,,,,,,,,,,,,,,,,,,,,,,,,,,,,,,,,,,,,,,,,,,,,,,,,,,,,,,,,,,,,,,,,,,,,,,,,,,,,,,,,,,,,,,,,,,,,,,,,,,,,,,,,,,,,,,,,,,,,,,,,,,,,,,,,,,,,,,,,,,,,,,,,,,,,,,,,,,,,,,,,,,,,,,,,,,,,,,,,,,,,,,,,,,,,,,,,,,,,,,,,,,,,,,,,,,,,,,,,,,,,,,,,,,,,,,,,,,,,,,,,,,,,,,,,,,,,,,,,,,,,,,,,,,,,,,,,,,,,,,,,,,,,,,,,,,,,,,,,,,,,0.6154604857600787,,,,,,,,,,,,,,,,,,,,,,,,,,,,,,,,,,,,,,,,,,,,,,,,,,,,,,,,,,,,,,,,,,,,,,,,,,,,,,,,,,,,,,,,,,,,,,,,,,,,,,,,,,,,,,,,,,,,,,,,,,,,,,,,,,,,,,1.205550500454959,,,,,,,,,,,,,,,,,,,,,,,,,,,,,,,,,,,,,,,,,,,,,,,,,,,,,,,,,,,,,,,,,,,,,,,,,,,,,,,,,,,,,,,,,,,,,,,,,,,,,,,,,,,,,,,,,,,,,,,,,,,,,,,,,,,,,,,,,,,,,,,,,,,,,,,,
46,,,,,,,,,,,,,,,,,,,,,,,,,,,,,,,,,,,,,,,,,,,,,,,,,,,,,,,,,,,,,,,,,,,,,,,,,,,,,,,,,,,,,,,,,,,,,,,,,,,,,,,,,,,,,,,,,,,,,,,,,,,,,,,,,,,,,,,,,,,,,,,,,,,,,,,,,,,,,,,,,,,,,,,,,,,,,,,,,,,,,,,,,,,,,,,,,,,,,,,,,,,,,,,,,,,,,,,,,,,,,,,,,,,,,,,,,,,,,,,,,,,,,,,,,,,,,,,,,,,,,,,,,,,,,,,,,,,,,,,,,,,,,,,,,,,,,,,,,,,,,,,,,,,,,,,,,,,,,,,,,,,,,,,,,,,,,,,,,,,,,,,,,,,,,,,,,,,,,,,,,,,,,0.6334850090382098,,,,,,,,,,,,,,,,,,,,,,,,,,,,,,,,,,,,,,,,,,,,,,,,,,,,,,,,,,,,,,,,,,,,,,,,,,,,,,,,,,,,,,,,,,,,,,,,,,,,,,,,,,,,,,,,,,,,,,,,,,,,,,,,,,,,,,1.371258070827627,,,,,,,,,,,,,,,,,,,,,,,,,,,,,,,,,,,,,,,,,,,,,,,,,,,,,,,,,,,,,,,,,,,,,,,,,,,,,,,,,,,,,,,,,,,,,,,,,,,,,,,,,,,,,,,,,,,,,,,,,,,,,,,,,,,,,,,,,,,,,,,,,,,,,,,,
47,,,,,,,,,,,,,,,,,,,,,,,,,,,,,,,,,,,,,,,,,,,,,,,,,,,,,,,,,,,,,,,,,,,,,,,,,,,,,,,,,,,,,,,,,,,,,,,,,,,,,,,,,,,,,,,,,,,,,,,,,,,,,,,,,,,,,,,,,,,,,,,,,,,,,,,,,,,,,,,,,,,,,,,,,,,,,,,,,,,,,,,,,,,,,,,,,,,,,,,,,,,,,,,,,,,,,,,,,,,,,,,,,,,,,,,,,,,,,,,,,,,,,,,,,,,,,,,,,,,,,,,,,,,,,,,,,,,,,,,,,,,,,,,,,,,,,,,,,,,,,,,,,,,,,,,,,,,,,,,,,,,,,,,,,,,,,,,,,,,,,,,,,,,,,,,,,,,,,,,,,,,,,0.6123792530609733,,,,,,,,,,,,,,,,,,,,,,,,,,,,,,,,,,,,,,,,,,,,,,,,,,,,,,,,,,,,,,,,,,,,,,,,,,,,,,,,,,,,,,,,,,,,,,,,,,,,,,,,,,,,,,,,,,,,,,,,,,,,,,,,,,,,,,1.371258070827627,,,,,,,,,,,,,,,,,,,,,,,,,,,,,,,,,,,,,,,,,,,,,,,,,,,,,,,,,,,,,,,,,,,,,,,,,,,,,,,,,,,,,,,,,,,,,,,,,,,,,,,,,,,,,,,,,,,,,,,,,,,,,,,,,,,,,,,,,,,,,,,,,,,,,,,,
48,,,,,,,,,,,,,,,,,,,,,,,,,,,,,,,,,,,,,,,,,,,,,,,,,,,,,,,,,,,,,,,,,,,,,,,,,,,,,,,,,,,,,,,,,,,,,,,,,,,,,,,,,,,,,,,,,,,,,,,,,,,,,,,,,,,,,,,,,,,,,,,,,,,,,,,,,,,,,,,,,,,,,,,,,,,,,,,,,,,,,,,,,,,,,,,,,,,,,,,,,,,,,,,,,,,,,,,,,,,,,,,,,,,,,,,,,,,,,,,,,,,,,,,,,,,,,,,,,,,,,,,,,,,,,,,,,,,,,,,,,,,,,,,,,,,,,,,,,,,,,,,,,,,,,,,,,,,,,,,,,,,,,,,,,,,,,,,,,,,,,,,,,,,,,,,,,,,,,,,,,,,,,0.6550461033219654,,,,,,,,,,,,,,,,,,,,,,,,,,,,,,,,,,,,,,,,,,,,,,,,,,,,,,,,,,,,,,,,,,,,,,,,,,,,,,,,,,,,,,,,,,,,,,,,,,,,,,,,,,,,,,,,,,,,,,,,,,,,,,,,,,,,,,1.371258070827627,,,,,,,,,,,,,,,,,,,,,,,,,,,,,,,,,,,,,,,,,,,,,,,,,,,,,,,,,,,,,,,,,,,,,,,,,,,,,,,,,,,,,,,,,,,,,,,,,,,,,,,,,,,,,,,,,,,,,,,,,,,,,,,,,,,,,,,,,,,,,,,,,,,,,,,,
